kind_code	kind_name	prefecture	name	category	subcategory	detail_url
302	重要無形民俗文化財	北海道	アイヌ古式舞踊	民俗芸能	その他	https://kunishitei.bunka.go.jp/heritage/detail/302/1
302	重要無形民俗文化財	北海道	松前神楽	民俗芸能	神楽	https://kunishitei.bunka.go.jp/heritage/detail/302/00000973
312	記録作成等の措置を講ずべき無形の民俗文化財	北海道	アイヌのユーカラ	風俗慣習	祭礼（信仰）	https://kunishitei.bunka.go.jp/heritage/detail/312/177
312	記録作成等の措置を講ずべき無形の民俗文化財	北海道	アイヌの建築技術及び儀礼	風俗慣習	生産・生業	https://kunishitei.bunka.go.jp/heritage/detail/312/178
312	記録作成等の措置を講ずべき無形の民俗文化財	北海道	春採のアイヌ古式舞踊	民俗芸能	その他	https://kunishitei.bunka.go.jp/heritage/detail/312/179
312	記録作成等の措置を講ずべき無形の民俗文化財	北海道	松前神楽	民俗芸能	神楽	https://kunishitei.bunka.go.jp/heritage/detail/312/628
312	記録作成等の措置を講ずべき無形の民俗文化財	北海道	阿寒のアイヌ古式舞踊	民俗芸能	その他	https://kunishitei.bunka.go.jp/heritage/detail/312/180
302	重要無形民俗文化財	青森県	下北の能舞	民俗芸能	神楽	https://kunishitei.bunka.go.jp/heritage/detail/302/6
302	重要無形民俗文化財	青森県	八戸のえんぶり	民俗芸能	田楽	https://kunishitei.bunka.go.jp/heritage/detail/302/2
302	重要無形民俗文化財	青森県	八戸三社大祭の山車行事	風俗慣習	祭礼（信仰）	https://kunishitei.bunka.go.jp/heritage/detail/302/764
302	重要無形民俗文化財	青森県	岩木山の登拝行事	風俗慣習	祭礼（信仰）	https://kunishitei.bunka.go.jp/heritage/detail/302/5
302	重要無形民俗文化財	青森県	弘前のねぷた	風俗慣習	祭礼（信仰）	https://kunishitei.bunka.go.jp/heritage/detail/302/4
302	重要無形民俗文化財	青森県	泉山の登拝行事	風俗慣習	人生・儀礼	https://kunishitei.bunka.go.jp/heritage/detail/302/672
302	重要無形民俗文化財	青森県	津軽海峡及び周辺地域における和船製作技術	民俗技術	生産・生業	https://kunishitei.bunka.go.jp/heritage/detail/302/00000808
302	重要無形民俗文化財	青森県	青森のねぶた	風俗慣習	祭礼（信仰）	https://kunishitei.bunka.go.jp/heritage/detail/302/3
312	記録作成等の措置を講ずべき無形の民俗文化財	青森県	下北の能舞	民俗芸能	神楽	https://kunishitei.bunka.go.jp/heritage/detail/312/186
312	記録作成等の措置を講ずべき無形の民俗文化財	青森県	久渡寺のオシラ講の習俗	風俗慣習	祭礼（信仰）	https://kunishitei.bunka.go.jp/heritage/detail/312/718
312	記録作成等の措置を講ずべき無形の民俗文化財	青森県	八戸のえんぶり	民俗芸能	田楽	https://kunishitei.bunka.go.jp/heritage/detail/312/182
312	記録作成等の措置を講ずべき無形の民俗文化財	青森県	南部切田神楽	民俗芸能	神楽	https://kunishitei.bunka.go.jp/heritage/detail/312/00000785
312	記録作成等の措置を講ずべき無形の民俗文化財	青森県	南部駒踊	民俗芸能	風流	https://kunishitei.bunka.go.jp/heritage/detail/312/183
312	記録作成等の措置を講ずべき無形の民俗文化財	青森県	平内の鶏舞	民俗芸能	風流	https://kunishitei.bunka.go.jp/heritage/detail/312/185
312	記録作成等の措置を講ずべき無形の民俗文化財	青森県	氣比神社の絵馬市の習俗	風俗慣習	祭礼（信仰）	https://kunishitei.bunka.go.jp/heritage/detail/312/00000859
312	記録作成等の措置を講ずべき無形の民俗文化財	青森県	泉山の登拝習俗	風俗慣習	人生・儀礼	https://kunishitei.bunka.go.jp/heritage/detail/312/187
312	記録作成等の措置を講ずべき無形の民俗文化財	青森県	津軽のイタコの習俗	風俗慣習	祭礼（信仰）	https://kunishitei.bunka.go.jp/heritage/detail/312/188
312	記録作成等の措置を講ずべき無形の民俗文化財	青森県	津軽の七日堂祭	風俗慣習	年中行事	https://kunishitei.bunka.go.jp/heritage/detail/312/00000858
312	記録作成等の措置を講ずべき無形の民俗文化財	青森県	津軽の地蔵講の習俗	風俗慣習	祭礼（信仰）	https://kunishitei.bunka.go.jp/heritage/detail/312/189
312	記録作成等の措置を講ずべき無形の民俗文化財	青森県	津軽・南部の刺し子技術	民俗技術	衣食住	https://kunishitei.bunka.go.jp/heritage/detail/312/00001075
312	記録作成等の措置を講ずべき無形の民俗文化財	青森県	津軽神楽	民俗芸能	神楽	https://kunishitei.bunka.go.jp/heritage/detail/312/184
312	記録作成等の措置を講ずべき無形の民俗文化財	青森県	田子神楽	民俗芸能	神楽	https://kunishitei.bunka.go.jp/heritage/detail/312/181
312	記録作成等の措置を講ずべき無形の民俗文化財	青森県	青森県南部地方の虫送り	風俗慣習	生産・生業	https://kunishitei.bunka.go.jp/heritage/detail/312/769
312	記録作成等の措置を講ずべき無形の民俗文化財	青森県	青森県津軽地方の虫送り	風俗慣習	生産・生業	https://kunishitei.bunka.go.jp/heritage/detail/312/00000867
302	重要無形民俗文化財	岩手県	吉浜のスネカ	風俗慣習	年中行事	https://kunishitei.bunka.go.jp/heritage/detail/302/765
302	重要無形民俗文化財	岩手県	室根神社祭のマツリバ行事	風俗慣習	祭礼（信仰）	https://kunishitei.bunka.go.jp/heritage/detail/302/11
302	重要無形民俗文化財	岩手県	山屋の田植踊	民俗芸能	田楽	https://kunishitei.bunka.go.jp/heritage/detail/302/10
302	重要無形民俗文化財	岩手県	早池峰神楽	民俗芸能	神楽	https://kunishitei.bunka.go.jp/heritage/detail/302/7
302	重要無形民俗文化財	岩手県	毛越寺の延年	民俗芸能	延年・おこない	https://kunishitei.bunka.go.jp/heritage/detail/302/8
302	重要無形民俗文化財	岩手県	永井の大念仏剣舞	民俗芸能	風流	https://kunishitei.bunka.go.jp/heritage/detail/302/9
302	重要無形民俗文化財	岩手県	鬼剣舞	民俗芸能	風流	https://kunishitei.bunka.go.jp/heritage/detail/302/12
302	重要無形民俗文化財	岩手県	鵜鳥神楽	民俗芸能	神楽	https://kunishitei.bunka.go.jp/heritage/detail/302/00000928
302	重要無形民俗文化財	岩手県	黒森神楽	民俗芸能	神楽	https://kunishitei.bunka.go.jp/heritage/detail/302/00000818
312	記録作成等の措置を講ずべき無形の民俗文化財	岩手県	チャグチャグ馬コ	風俗慣習	祭礼（信仰）	https://kunishitei.bunka.go.jp/heritage/detail/312/198
312	記録作成等の措置を講ずべき無形の民俗文化財	岩手県	似鳥のサイトギ	風俗慣習	祭礼（信仰）	https://kunishitei.bunka.go.jp/heritage/detail/312/00000868
312	記録作成等の措置を講ずべき無形の民俗文化財	岩手県	倉沢人形歌舞伎	民俗芸能	渡来芸・舞台芸	https://kunishitei.bunka.go.jp/heritage/detail/312/00000995
312	記録作成等の措置を講ずべき無形の民俗文化財	岩手県	円万寺神楽	民俗芸能	神楽	https://kunishitei.bunka.go.jp/heritage/detail/312/196
312	記録作成等の措置を講ずべき無形の民俗文化財	岩手県	北上山地の畑作習俗	風俗慣習	生産・生業	https://kunishitei.bunka.go.jp/heritage/detail/312/202
312	記録作成等の措置を講ずべき無形の民俗文化財	岩手県	南部のオガミサマの習俗	風俗慣習	祭礼（信仰）	https://kunishitei.bunka.go.jp/heritage/detail/312/201
312	記録作成等の措置を講ずべき無形の民俗文化財	岩手県	南部の酒造習俗	風俗慣習	生産・生業	https://kunishitei.bunka.go.jp/heritage/detail/312/200
312	記録作成等の措置を講ずべき無形の民俗文化財	岩手県	古実式三番	民俗芸能	延年・おこない	https://kunishitei.bunka.go.jp/heritage/detail/312/195
312	記録作成等の措置を講ずべき無形の民俗文化財	岩手県	山屋の田植踊	民俗芸能	田楽	https://kunishitei.bunka.go.jp/heritage/detail/312/193
312	記録作成等の措置を講ずべき無形の民俗文化財	岩手県	岩手の蘇民祭	風俗慣習	祭礼（信仰）	https://kunishitei.bunka.go.jp/heritage/detail/312/699
312	記録作成等の措置を講ずべき無形の民俗文化財	岩手県	川西の念仏剣舞	民俗芸能	風流	https://kunishitei.bunka.go.jp/heritage/detail/312/194
312	記録作成等の措置を講ずべき無形の民俗文化財	岩手県	早池峰神楽	民俗芸能	神楽	https://kunishitei.bunka.go.jp/heritage/detail/312/191
312	記録作成等の措置を講ずべき無形の民俗文化財	岩手県	毛越寺の延年	民俗芸能	延年・おこない	https://kunishitei.bunka.go.jp/heritage/detail/312/190
312	記録作成等の措置を講ずべき無形の民俗文化財	岩手県	永井の大念仏	民俗芸能	風流	https://kunishitei.bunka.go.jp/heritage/detail/312/192
312	記録作成等の措置を講ずべき無形の民俗文化財	岩手県	煤孫の大乗神楽	民俗芸能	神楽	https://kunishitei.bunka.go.jp/heritage/detail/312/199
312	記録作成等の措置を講ずべき無形の民俗文化財	岩手県	石鳩岡神楽・土沢神楽	民俗芸能	神楽	https://kunishitei.bunka.go.jp/heritage/detail/312/00000912
312	記録作成等の措置を講ずべき無形の民俗文化財	岩手県	陸中沿岸地方の廻り神楽	民俗芸能	神楽	https://kunishitei.bunka.go.jp/heritage/detail/312/629
312	記録作成等の措置を講ずべき無形の民俗文化財	岩手県	陸中沿岸地方の神子舞	民俗芸能	神楽	https://kunishitei.bunka.go.jp/heritage/detail/312/203
312	記録作成等の措置を講ずべき無形の民俗文化財	岩手県	青笹のしし踊	民俗芸能	風流	https://kunishitei.bunka.go.jp/heritage/detail/312/197
312	記録作成等の措置を講ずべき無形の民俗文化財	岩手県	鴨沢神楽	民俗芸能	神楽	https://kunishitei.bunka.go.jp/heritage/detail/312/647
302	重要無形民俗文化財	宮城県	小迫の延年	民俗芸能	延年・おこない	https://kunishitei.bunka.go.jp/heritage/detail/302/14
302	重要無形民俗文化財	宮城県	月浜のえんずのわり	風俗慣習	年中行事	https://kunishitei.bunka.go.jp/heritage/detail/302/00000809
302	重要無形民俗文化財	宮城県	秋保の田植踊	民俗芸能	田楽	https://kunishitei.bunka.go.jp/heritage/detail/302/13
302	重要無形民俗文化財	宮城県	米川の水かぶり	風俗慣習	年中行事	https://kunishitei.bunka.go.jp/heritage/detail/302/735
302	重要無形民俗文化財	宮城県	羽田のお山がけ	風俗慣習	人生・儀礼	https://kunishitei.bunka.go.jp/heritage/detail/302/734
302	重要無形民俗文化財	宮城県	雄勝法印神楽	民俗芸能	神楽	https://kunishitei.bunka.go.jp/heritage/detail/302/632
312	記録作成等の措置を講ずべき無形の民俗文化財	宮城県	中新田の虎舞	民俗芸能	風流	https://kunishitei.bunka.go.jp/heritage/detail/312/00000834
312	記録作成等の措置を講ずべき無形の民俗文化財	宮城県	大崎八幡神社の能神楽	民俗芸能	神楽	https://kunishitei.bunka.go.jp/heritage/detail/312/207
312	記録作成等の措置を講ずべき無形の民俗文化財	宮城県	小迫の延年	民俗芸能	延年・おこない	https://kunishitei.bunka.go.jp/heritage/detail/312/206
312	記録作成等の措置を講ずべき無形の民俗文化財	宮城県	川前鹿踊・川前剣舞	民俗芸能	風流	https://kunishitei.bunka.go.jp/heritage/detail/312/208
312	記録作成等の措置を講ずべき無形の民俗文化財	宮城県	牡鹿法印神楽	民俗芸能	神楽	https://kunishitei.bunka.go.jp/heritage/detail/312/205
312	記録作成等の措置を講ずべき無形の民俗文化財	宮城県	白川犬卒都婆のゴンダチ	風俗慣習	人生・儀礼	https://kunishitei.bunka.go.jp/heritage/detail/312/770
312	記録作成等の措置を講ずべき無形の民俗文化財	宮城県	秋保の田植踊	民俗芸能	田楽	https://kunishitei.bunka.go.jp/heritage/detail/312/204
312	記録作成等の措置を講ずべき無形の民俗文化財	宮城県	金津の七夕行事	風俗慣習	年中行事	https://kunishitei.bunka.go.jp/heritage/detail/312/00000891
312	記録作成等の措置を講ずべき無形の民俗文化財	宮城県	陸前磐城のオガミサマの習俗	風俗慣習	祭礼（信仰）	https://kunishitei.bunka.go.jp/heritage/detail/312/209
302	重要無形民俗文化財	秋田県	上郷の小正月行事	風俗慣習	年中行事	https://kunishitei.bunka.go.jp/heritage/detail/302/662
302	重要無形民俗文化財	秋田県	保呂羽山の霜月神楽	民俗芸能	神楽	https://kunishitei.bunka.go.jp/heritage/detail/302/16
302	重要無形民俗文化財	秋田県	六郷のカマクラ行事	風俗慣習	年中行事	https://kunishitei.bunka.go.jp/heritage/detail/302/20
302	重要無形民俗文化財	秋田県	刈和野の大綱引き	風俗慣習	娯楽・競技	https://kunishitei.bunka.go.jp/heritage/detail/302/21
302	重要無形民俗文化財	秋田県	土崎神明社祭の曳山行事	風俗慣習	祭礼（信仰）	https://kunishitei.bunka.go.jp/heritage/detail/302/673
302	重要無形民俗文化財	秋田県	大日堂舞楽	民俗芸能	渡来芸・舞台芸	https://kunishitei.bunka.go.jp/heritage/detail/302/15
302	重要無形民俗文化財	秋田県	小滝のチョウクライロ舞	民俗芸能	延年・おこない	https://kunishitei.bunka.go.jp/heritage/detail/302/00000776
302	重要無形民俗文化財	秋田県	本海獅子舞番楽	民俗芸能	神楽	https://kunishitei.bunka.go.jp/heritage/detail/302/00000899
302	重要無形民俗文化財	秋田県	東湖八坂神社のトウニン（統人）行事	風俗慣習	祭礼（信仰）	https://kunishitei.bunka.go.jp/heritage/detail/302/22
302	重要無形民俗文化財	秋田県	根子番楽	民俗芸能	神楽	https://kunishitei.bunka.go.jp/heritage/detail/302/763
302	重要無形民俗文化財	秋田県	毛馬内の盆踊	民俗芸能	風流	https://kunishitei.bunka.go.jp/heritage/detail/302/642
302	重要無形民俗文化財	秋田県	男鹿のナマハゲ	風俗慣習	年中行事	https://kunishitei.bunka.go.jp/heritage/detail/302/17
302	重要無形民俗文化財	秋田県	秋田のイタヤ箕製作技術	民俗技術	生産・生業	https://kunishitei.bunka.go.jp/heritage/detail/302/00000852
302	重要無形民俗文化財	秋田県	秋田の竿灯	風俗慣習	祭礼（信仰）	https://kunishitei.bunka.go.jp/heritage/detail/302/18
302	重要無形民俗文化財	秋田県	花輪祭の屋台行事	風俗慣習	祭礼（信仰）	https://kunishitei.bunka.go.jp/heritage/detail/302/00000893
302	重要無形民俗文化財	秋田県	西馬音内の盆踊	民俗芸能	風流	https://kunishitei.bunka.go.jp/heritage/detail/302/19
302	重要無形民俗文化財	秋田県	角館祭りのやま行事	風俗慣習	祭礼（信仰）	https://kunishitei.bunka.go.jp/heritage/detail/302/23
312	記録作成等の措置を講ずべき無形の民俗文化財	秋田県	おやま囃子	民俗芸能	風流	https://kunishitei.bunka.go.jp/heritage/detail/312/215
312	記録作成等の措置を講ずべき無形の民俗文化財	秋田県	中里のカンデッコあげ行事	風俗慣習	年中行事	https://kunishitei.bunka.go.jp/heritage/detail/312/223
312	記録作成等の措置を講ずべき無形の民俗文化財	秋田県	保呂羽山の霜月神楽	民俗芸能	神楽	https://kunishitei.bunka.go.jp/heritage/detail/312/212
312	記録作成等の措置を講ずべき無形の民俗文化財	秋田県	八郎潟漁撈習俗	風俗慣習	生産・生業	https://kunishitei.bunka.go.jp/heritage/detail/312/210
312	記録作成等の措置を講ずべき無形の民俗文化財	秋田県	大日堂舞楽	民俗芸能	渡来芸・舞台芸	https://kunishitei.bunka.go.jp/heritage/detail/312/211
312	記録作成等の措置を講ずべき無形の民俗文化財	秋田県	小滝のチョウクライロ舞	民俗芸能	延年・おこない	https://kunishitei.bunka.go.jp/heritage/detail/312/219
312	記録作成等の措置を講ずべき無形の民俗文化財	秋田県	本海番楽	民俗芸能	神楽	https://kunishitei.bunka.go.jp/heritage/detail/312/649
312	記録作成等の措置を講ずべき無形の民俗文化財	秋田県	根子番楽	民俗芸能	神楽	https://kunishitei.bunka.go.jp/heritage/detail/312/214
312	記録作成等の措置を講ずべき無形の民俗文化財	秋田県	毛馬内の盆踊	民俗芸能	風流	https://kunishitei.bunka.go.jp/heritage/detail/312/217
312	記録作成等の措置を講ずべき無形の民俗文化財	秋田県	猿倉人形芝居	民俗芸能	渡来芸・舞台芸	https://kunishitei.bunka.go.jp/heritage/detail/312/648
312	記録作成等の措置を講ずべき無形の民俗文化財	秋田県	秋田万歳	民俗芸能	語り物・祝福芸	https://kunishitei.bunka.go.jp/heritage/detail/312/216
312	記録作成等の措置を講ずべき無形の民俗文化財	秋田県	綴子の大太鼓	民俗芸能	風流	https://kunishitei.bunka.go.jp/heritage/detail/312/218
312	記録作成等の措置を講ずべき無形の民俗文化財	秋田県	羽後のイタコの習俗	風俗慣習	祭礼（信仰）	https://kunishitei.bunka.go.jp/heritage/detail/312/221
312	記録作成等の措置を講ずべき無形の民俗文化財	秋田県	能代のナゴメハギ	風俗慣習	年中行事	https://kunishitei.bunka.go.jp/heritage/detail/312/220
312	記録作成等の措置を講ずべき無形の民俗文化財	秋田県	荒処の沼入り梵天行事	風俗慣習	年中行事	https://kunishitei.bunka.go.jp/heritage/detail/312/222
312	記録作成等の措置を講ずべき無形の民俗文化財	秋田県	西馬音内の盆踊	民俗芸能	風流	https://kunishitei.bunka.go.jp/heritage/detail/312/213
312	記録作成等の措置を講ずべき無形の民俗文化財	秋田県	象潟の盆小屋行事	風俗慣習	年中行事	https://kunishitei.bunka.go.jp/heritage/detail/312/00000845
312	記録作成等の措置を講ずべき無形の民俗文化財	秋田県	阿仁地方の万灯火	風俗慣習	年中行事	https://kunishitei.bunka.go.jp/heritage/detail/312/00000801
312	記録作成等の措置を講ずべき無形の民俗文化財	秋田県	鳥海山北麓の獅子舞番楽	民俗芸能	神楽	https://kunishitei.bunka.go.jp/heritage/detail/312/00000913
322	登録無形民俗文化財	秋田県	大館のとんぶり製造技術	民俗技術	生産・生業	https://kunishitei.bunka.go.jp/heritage/detail/322/00001048
302	重要無形民俗文化財	山形県	新庄まつりの山車行事	風俗慣習	祭礼（信仰）	https://kunishitei.bunka.go.jp/heritage/detail/302/00000853
302	重要無形民俗文化財	山形県	杉沢比山	民俗芸能	神楽	https://kunishitei.bunka.go.jp/heritage/detail/302/25
302	重要無形民俗文化財	山形県	松例祭の大松明行事	風俗慣習	祭礼（信仰）	https://kunishitei.bunka.go.jp/heritage/detail/302/00000894
302	重要無形民俗文化財	山形県	林家舞楽	民俗芸能	渡来芸・舞台芸	https://kunishitei.bunka.go.jp/heritage/detail/302/26
302	重要無形民俗文化財	山形県	遊佐の小正月行事	風俗慣習	年中行事	https://kunishitei.bunka.go.jp/heritage/detail/302/712
302	重要無形民俗文化財	山形県	黒川能	民俗芸能	渡来芸・舞台芸	https://kunishitei.bunka.go.jp/heritage/detail/302/24
312	記録作成等の措置を講ずべき無形の民俗文化財	山形県	吹浦延年	民俗芸能	延年・おこない	https://kunishitei.bunka.go.jp/heritage/detail/312/232
312	記録作成等の措置を講ずべき無形の民俗文化財	山形県	安久津延年	民俗芸能	延年・おこない	https://kunishitei.bunka.go.jp/heritage/detail/312/234
312	記録作成等の措置を講ずべき無形の民俗文化財	山形県	山寺夜行念仏の習俗	風俗慣習	祭礼（信仰）	https://kunishitei.bunka.go.jp/heritage/detail/312/719
312	記録作成等の措置を講ずべき無形の民俗文化財	山形県	庄内のモリ供養の習俗	風俗慣習	人生・儀礼	https://kunishitei.bunka.go.jp/heritage/detail/312/739
312	記録作成等の措置を講ずべき無形の民俗文化財	山形県	新山の延年	民俗芸能	延年・おこない	https://kunishitei.bunka.go.jp/heritage/detail/312/230
312	記録作成等の措置を講ずべき無形の民俗文化財	山形県	最上地方の山の神の勧進	風俗慣習	祭礼（信仰）	https://kunishitei.bunka.go.jp/heritage/detail/312/00000815
312	記録作成等の措置を講ずべき無形の民俗文化財	山形県	杉沢比山	民俗芸能	神楽	https://kunishitei.bunka.go.jp/heritage/detail/312/225
312	記録作成等の措置を講ずべき無形の民俗文化財	山形県	村山地方のオナカマ習俗	風俗慣習	祭礼（信仰）	https://kunishitei.bunka.go.jp/heritage/detail/312/229
312	記録作成等の措置を講ずべき無形の民俗文化財	山形県	浜中のケヤキキョウダイ（契約姉妹）	風俗慣習	社会生活（民俗知識）	https://kunishitei.bunka.go.jp/heritage/detail/312/235
312	記録作成等の措置を講ずべき無形の民俗文化財	山形県	萩野・仁田山鹿子踊	民俗芸能	風流	https://kunishitei.bunka.go.jp/heritage/detail/312/228
312	記録作成等の措置を講ずべき無形の民俗文化財	山形県	蕨岡延年	民俗芸能	延年・おこない	https://kunishitei.bunka.go.jp/heritage/detail/312/233
312	記録作成等の措置を講ずべき無形の民俗文化財	山形県	谷地の舞楽	民俗芸能	渡来芸・舞台芸	https://kunishitei.bunka.go.jp/heritage/detail/312/226
312	記録作成等の措置を講ずべき無形の民俗文化財	山形県	遊佐のアマハゲ	風俗慣習	年中行事	https://kunishitei.bunka.go.jp/heritage/detail/312/231
312	記録作成等の措置を講ずべき無形の民俗文化財	山形県	高寺八講	民俗芸能	延年・おこない	https://kunishitei.bunka.go.jp/heritage/detail/312/227
312	記録作成等の措置を講ずべき無形の民俗文化財	山形県	黒川能	民俗芸能	渡来芸・舞台芸	https://kunishitei.bunka.go.jp/heritage/detail/312/224
312	記録作成等の措置を講ずべき無形の民俗文化財	山形県	黒森歌舞伎	民俗芸能	渡来芸・舞台芸	https://kunishitei.bunka.go.jp/heritage/detail/312/650
322	登録無形民俗文化財	山形県	庄内の笹巻製造技術	民俗技術	生産・生業	https://kunishitei.bunka.go.jp/heritage/detail/322/00001044
302	重要無形民俗文化財	福島県	三島のサイノカミ	風俗慣習	年中行事	https://kunishitei.bunka.go.jp/heritage/detail/302/00000842
302	重要無形民俗文化財	福島県	会津の御田植祭	風俗慣習	生産・生業	https://kunishitei.bunka.go.jp/heritage/detail/302/00000959
302	重要無形民俗文化財	福島県	御宝殿の稚児田楽・風流	民俗芸能	田楽	https://kunishitei.bunka.go.jp/heritage/detail/302/27
302	重要無形民俗文化財	福島県	木幡の幡祭り	風俗慣習	人生・儀礼	https://kunishitei.bunka.go.jp/heritage/detail/302/766
302	重要無形民俗文化財	福島県	田島祇園祭のおとうや行事	風俗慣習	祭礼（信仰）	https://kunishitei.bunka.go.jp/heritage/detail/302/30
302	重要無形民俗文化財	福島県	相馬野馬追	風俗慣習	娯楽・競技	https://kunishitei.bunka.go.jp/heritage/detail/302/28
302	重要無形民俗文化財	福島県	石井の七福神と田植踊	民俗芸能	田楽	https://kunishitei.bunka.go.jp/heritage/detail/302/624
302	重要無形民俗文化財	福島県	都々古別神社の御田植	民俗芸能	田楽	https://kunishitei.bunka.go.jp/heritage/detail/302/00000777
302	重要無形民俗文化財	福島県	金沢の羽山ごもり	風俗慣習	祭礼（信仰）	https://kunishitei.bunka.go.jp/heritage/detail/302/29
312	記録作成等の措置を講ずべき無形の民俗文化財	福島県	上羽太の天道念仏踊	民俗芸能	風流	https://kunishitei.bunka.go.jp/heritage/detail/312/661
312	記録作成等の措置を講ずべき無形の民俗文化財	福島県	中付駑者の習俗	風俗慣習	生産・生業	https://kunishitei.bunka.go.jp/heritage/detail/312/242
312	記録作成等の措置を講ずべき無形の民俗文化財	福島県	会津の初市の習俗	風俗慣習	祭礼（信仰）	https://kunishitei.bunka.go.jp/heritage/detail/312/664
312	記録作成等の措置を講ずべき無形の民俗文化財	福島県	会津の御田植祭	風俗慣習	祭礼（信仰）	https://kunishitei.bunka.go.jp/heritage/detail/312/00000924
312	記録作成等の措置を講ずべき無形の民俗文化財	福島県	冬木沢参りの習俗	風俗慣習	祭礼（信仰）	https://kunishitei.bunka.go.jp/heritage/detail/312/720
312	記録作成等の措置を講ずべき無形の民俗文化財	福島県	南須釜の念仏踊	民俗芸能	風流	https://kunishitei.bunka.go.jp/heritage/detail/312/244
312	記録作成等の措置を講ずべき無形の民俗文化財	福島県	古寺山自奉楽	民俗芸能	その他	https://kunishitei.bunka.go.jp/heritage/detail/312/239
312	記録作成等の措置を講ずべき無形の民俗文化財	福島県	小浜長折の三匹獅子舞	民俗芸能	風流	https://kunishitei.bunka.go.jp/heritage/detail/312/240
312	記録作成等の措置を講ずべき無形の民俗文化財	福島県	広瀬熊野神社の御田植	民俗芸能	田楽	https://kunishitei.bunka.go.jp/heritage/detail/312/241
312	記録作成等の措置を講ずべき無形の民俗文化財	福島県	御宝殿の田楽と獅子舞	民俗芸能	田楽	https://kunishitei.bunka.go.jp/heritage/detail/312/236
312	記録作成等の措置を講ずべき無形の民俗文化財	福島県	木幡の幡祭り	風俗慣習	人生・儀礼	https://kunishitei.bunka.go.jp/heritage/detail/312/247
312	記録作成等の措置を講ずべき無形の民俗文化財	福島県	津島の田植踊	民俗芸能	田楽	https://kunishitei.bunka.go.jp/heritage/detail/312/243
312	記録作成等の措置を講ずべき無形の民俗文化財	福島県	浜通りのお浜下り	風俗慣習	祭礼（信仰）	https://kunishitei.bunka.go.jp/heritage/detail/312/00000997
312	記録作成等の措置を講ずべき無形の民俗文化財	福島県	石井の七福神と田植踊	民俗芸能	田楽	https://kunishitei.bunka.go.jp/heritage/detail/312/237
312	記録作成等の措置を講ずべき無形の民俗文化財	福島県	磐城・岩代のミコサマの習俗	風俗慣習	祭礼（信仰）	https://kunishitei.bunka.go.jp/heritage/detail/312/246
312	記録作成等の措置を講ずべき無形の民俗文化財	福島県	磐梯神社の舟引き祭り	風俗慣習	祭礼（信仰）	https://kunishitei.bunka.go.jp/heritage/detail/312/701
312	記録作成等の措置を講ずべき無形の民俗文化財	福島県	都々古別神社の御田植	民俗芸能	田楽	https://kunishitei.bunka.go.jp/heritage/detail/312/238
312	記録作成等の措置を講ずべき無形の民俗文化財	福島県	関辺のさんじもさ踊	民俗芸能	風流	https://kunishitei.bunka.go.jp/heritage/detail/312/660
312	記録作成等の措置を講ずべき無形の民俗文化財	福島県	鹿島日吉神社のお浜下り	風俗慣習	祭礼（信仰）	https://kunishitei.bunka.go.jp/heritage/detail/312/245
302	重要無形民俗文化財	茨城県	常陸大津の御船祭	風俗慣習	祭礼（信仰）	https://kunishitei.bunka.go.jp/heritage/detail/302/00000941
302	重要無形民俗文化財	茨城県	日立風流物	風俗慣習	祭礼（信仰）	https://kunishitei.bunka.go.jp/heritage/detail/302/32
302	重要無形民俗文化財	茨城県	綱火	民俗芸能	渡来芸・舞台芸	https://kunishitei.bunka.go.jp/heritage/detail/302/31
312	記録作成等の措置を講ずべき無形の民俗文化財	茨城県	あんば囃子	民俗芸能	風流	https://kunishitei.bunka.go.jp/heritage/detail/312/254
312	記録作成等の措置を講ずべき無形の民俗文化財	茨城県	五所駒滝神社の祭事	風俗慣習	祭礼（信仰）	https://kunishitei.bunka.go.jp/heritage/detail/312/258
312	記録作成等の措置を講ずべき無形の民俗文化財	茨城県	大串のささらと大野のみろく	民俗芸能	渡来芸・舞台芸	https://kunishitei.bunka.go.jp/heritage/detail/312/251
312	記録作成等の措置を講ずべき無形の民俗文化財	茨城県	大畑のからかさ万灯	風俗慣習	祭礼（信仰）	https://kunishitei.bunka.go.jp/heritage/detail/312/257
312	記録作成等の措置を講ずべき無形の民俗文化財	茨城県	常陸大津のお船祭	風俗慣習	祭礼（信仰）	https://kunishitei.bunka.go.jp/heritage/detail/312/255
312	記録作成等の措置を講ずべき無形の民俗文化財	茨城県	日立風流物	風俗慣習	祭礼（信仰）	https://kunishitei.bunka.go.jp/heritage/detail/312/252
312	記録作成等の措置を講ずべき無形の民俗文化財	茨城県	真家のみたま踊	民俗芸能	風流	https://kunishitei.bunka.go.jp/heritage/detail/312/250
312	記録作成等の措置を講ずべき無形の民俗文化財	茨城県	綱火	民俗芸能	渡来芸・舞台芸	https://kunishitei.bunka.go.jp/heritage/detail/312/249
312	記録作成等の措置を講ずべき無形の民俗文化財	茨城県	那珂湊の獅子とみろく	民俗芸能	渡来芸・舞台芸	https://kunishitei.bunka.go.jp/heritage/detail/312/256
312	記録作成等の措置を講ずべき無形の民俗文化財	茨城県	金砂田楽	民俗芸能	田楽	https://kunishitei.bunka.go.jp/heritage/detail/312/248
312	記録作成等の措置を講ずべき無形の民俗文化財	茨城県	霞ケ浦の帆引網漁の技術	民俗技術	生産・生業	https://kunishitei.bunka.go.jp/heritage/detail/312/00000953
312	記録作成等の措置を講ずべき無形の民俗文化財	茨城県	鹿島の祭頭祭	民俗芸能	風流	https://kunishitei.bunka.go.jp/heritage/detail/312/253
312	記録作成等の措置を講ずべき無形の民俗文化財	茨城県	鹿島みろく	民俗芸能	風流	https://kunishitei.bunka.go.jp/heritage/detail/312/00000907
312	記録作成等の措置を講ずべき無形の民俗文化財	茨城県	龍ヶ崎の撞舞	民俗芸能	渡来芸・舞台芸	https://kunishitei.bunka.go.jp/heritage/detail/312/705
302	重要無形民俗文化財	栃木県	川俣の元服式	風俗慣習	人生・儀礼	https://kunishitei.bunka.go.jp/heritage/detail/302/34
302	重要無形民俗文化財	栃木県	烏山の山あげ行事	風俗慣習	祭礼（信仰）	https://kunishitei.bunka.go.jp/heritage/detail/302/33
302	重要無形民俗文化財	栃木県	発光路の強飯式	風俗慣習	祭礼（信仰）	https://kunishitei.bunka.go.jp/heritage/detail/302/677
302	重要無形民俗文化財	栃木県	間々田のじゃがまいた	風俗慣習	生産・生業	https://kunishitei.bunka.go.jp/heritage/detail/302/00000960
302	重要無形民俗文化財	栃木県	鹿沼今宮神社祭の屋台行事	風俗慣習	祭礼（信仰）	https://kunishitei.bunka.go.jp/heritage/detail/302/754
312	記録作成等の措置を講ずべき無形の民俗文化財	栃木県	下野の水車習俗	風俗慣習	生産・生業	https://kunishitei.bunka.go.jp/heritage/detail/312/264
312	記録作成等の措置を講ずべき無形の民俗文化財	栃木県	八雲神社の山あげ祭	風俗慣習	祭礼（信仰）	https://kunishitei.bunka.go.jp/heritage/detail/312/259
312	記録作成等の措置を講ずべき無形の民俗文化財	栃木県	塙の天祭	風俗慣習	祭礼（信仰）	https://kunishitei.bunka.go.jp/heritage/detail/312/263
312	記録作成等の措置を講ずべき無形の民俗文化財	栃木県	奈佐原文楽	民俗芸能	渡来芸・舞台芸	https://kunishitei.bunka.go.jp/heritage/detail/312/260
312	記録作成等の措置を講ずべき無形の民俗文化財	栃木県	栃窪の天念仏	風俗慣習	祭礼（信仰）	https://kunishitei.bunka.go.jp/heritage/detail/312/262
312	記録作成等の措置を講ずべき無形の民俗文化財	栃木県	湯津上のダイモジ（大捻縄）引き	風俗慣習	娯楽・競技	https://kunishitei.bunka.go.jp/heritage/detail/312/265
312	記録作成等の措置を講ずべき無形の民俗文化財	栃木県	生子神社の泣き相撲	風俗慣習	人生・儀礼	https://kunishitei.bunka.go.jp/heritage/detail/312/684
312	記録作成等の措置を講ずべき無形の民俗文化財	栃木県	百村の百堂念仏舞	民俗芸能	風流	https://kunishitei.bunka.go.jp/heritage/detail/312/261
312	記録作成等の措置を講ずべき無形の民俗文化財	栃木県	間々田のジャガマイタ	風俗慣習	年中行事	https://kunishitei.bunka.go.jp/heritage/detail/312/00000877
302	重要無形民俗文化財	群馬県	上州白久保のお茶講	風俗慣習	社会生活（民俗知識）	https://kunishitei.bunka.go.jp/heritage/detail/302/36
302	重要無形民俗文化財	群馬県	安中中宿の燈篭人形	民俗芸能	渡来芸・舞台芸	https://kunishitei.bunka.go.jp/heritage/detail/302/35
302	重要無形民俗文化財	群馬県	樋越神明宮の春鍬祭	風俗慣習	生産・生業	https://kunishitei.bunka.go.jp/heritage/detail/302/745
302	重要無形民俗文化財	群馬県	片品の猿追い祭	風俗慣習	祭礼（信仰）	https://kunishitei.bunka.go.jp/heritage/detail/302/736
312	記録作成等の措置を講ずべき無形の民俗文化財	群馬県	上三原田の歌舞伎舞台の装置・操作	風俗慣習	祭礼（信仰）	https://kunishitei.bunka.go.jp/heritage/detail/312/266
312	記録作成等の措置を講ずべき無形の民俗文化財	群馬県	下長磯の式三番	民俗芸能	渡来芸・舞台芸	https://kunishitei.bunka.go.jp/heritage/detail/312/267
312	記録作成等の措置を講ずべき無形の民俗文化財	群馬県	乙父のおひながゆ	風俗慣習	年中行事	https://kunishitei.bunka.go.jp/heritage/detail/312/667
312	記録作成等の措置を講ずべき無形の民俗文化財	群馬県	五料の水神祭	風俗慣習	年中行事	https://kunishitei.bunka.go.jp/heritage/detail/312/748
312	記録作成等の措置を講ずべき無形の民俗文化財	群馬県	六合入山のネドフミとスゲ細工の技術	民俗技術	生産・生業	https://kunishitei.bunka.go.jp/heritage/detail/312/00000937
312	記録作成等の措置を講ずべき無形の民俗文化財	群馬県	吾妻のお茶講の習俗	風俗慣習	社会生活（民俗知識）	https://kunishitei.bunka.go.jp/heritage/detail/312/270
312	記録作成等の措置を講ずべき無形の民俗文化財	群馬県	大日向の火とぼし	風俗慣習	年中行事	https://kunishitei.bunka.go.jp/heritage/detail/312/00000816
312	記録作成等の措置を講ずべき無形の民俗文化財	群馬県	尻高人形	民俗芸能	渡来芸・舞台芸	https://kunishitei.bunka.go.jp/heritage/detail/312/268
312	記録作成等の措置を講ずべき無形の民俗文化財	群馬県	片品の猿祭	風俗慣習	祭礼（信仰）	https://kunishitei.bunka.go.jp/heritage/detail/312/269
312	記録作成等の措置を講ずべき無形の民俗文化財	群馬県	貫前神社の鹿占習俗	風俗慣習	社会生活（民俗知識）	https://kunishitei.bunka.go.jp/heritage/detail/312/271
302	重要無形民俗文化財	埼玉県	岩槻の古式土俵入り	風俗慣習	人生・儀礼	https://kunishitei.bunka.go.jp/heritage/detail/302/00000796
302	重要無形民俗文化財	埼玉県	川越氷川祭の山車行事	風俗慣習	祭礼（信仰）	https://kunishitei.bunka.go.jp/heritage/detail/302/00000795
302	重要無形民俗文化財	埼玉県	猪俣の百八燈	風俗慣習	年中行事	https://kunishitei.bunka.go.jp/heritage/detail/302/39
302	重要無形民俗文化財	埼玉県	玉敷神社神楽	民俗芸能	神楽	https://kunishitei.bunka.go.jp/heritage/detail/302/00000850
302	重要無形民俗文化財	埼玉県	秩父吉田の龍勢	風俗慣習	娯楽・競技	https://kunishitei.bunka.go.jp/heritage/detail/302/00000949
302	重要無形民俗文化財	埼玉県	秩父祭の屋台行事と神楽	風俗慣習	祭礼（信仰）	https://kunishitei.bunka.go.jp/heritage/detail/302/38
302	重要無形民俗文化財	埼玉県	鴻巣の赤物製作技術	民俗技術	生産・生業	https://kunishitei.bunka.go.jp/heritage/detail/302/00000873
302	重要無形民俗文化財	埼玉県	鷲宮催馬楽神楽	民俗芸能	神楽	https://kunishitei.bunka.go.jp/heritage/detail/302/37
312	記録作成等の措置を講ずべき無形の民俗文化財	埼玉県	中津川の鉄砲堰製作技術	民俗技術	生産・生業	https://kunishitei.bunka.go.jp/heritage/detail/312/00000846
312	記録作成等の措置を講ずべき無形の民俗文化財	埼玉県	坂戸の大宮住吉神楽	民俗芸能	神楽	https://kunishitei.bunka.go.jp/heritage/detail/312/00000911
312	記録作成等の措置を講ずべき無形の民俗文化財	埼玉県	東松山上岡観音の絵馬市の習俗	風俗慣習	祭礼（信仰）	https://kunishitei.bunka.go.jp/heritage/detail/312/669
312	記録作成等の措置を講ずべき無形の民俗文化財	埼玉県	横瀬人形	民俗芸能	渡来芸・舞台芸	https://kunishitei.bunka.go.jp/heritage/detail/312/273
312	記録作成等の措置を講ずべき無形の民俗文化財	埼玉県	河原沢のオヒナゲエ	風俗慣習	年中行事	https://kunishitei.bunka.go.jp/heritage/detail/312/668
312	記録作成等の措置を講ずべき無形の民俗文化財	埼玉県	玉敷神社神楽	民俗芸能	神楽	https://kunishitei.bunka.go.jp/heritage/detail/312/276
312	記録作成等の措置を講ずべき無形の民俗文化財	埼玉県	白久の串人形	民俗芸能	渡来芸・舞台芸	https://kunishitei.bunka.go.jp/heritage/detail/312/275
312	記録作成等の措置を講ずべき無形の民俗文化財	埼玉県	秩父神社神楽	民俗芸能	神楽	https://kunishitei.bunka.go.jp/heritage/detail/312/277
312	記録作成等の措置を講ずべき無形の民俗文化財	埼玉県	脚折の雨乞行事	風俗慣習	年中行事	https://kunishitei.bunka.go.jp/heritage/detail/312/00000802
312	記録作成等の措置を講ずべき無形の民俗文化財	埼玉県	閏戸の式三番	民俗芸能	渡来芸・舞台芸	https://kunishitei.bunka.go.jp/heritage/detail/312/274
312	記録作成等の措置を講ずべき無形の民俗文化財	埼玉県	鷲宮催馬楽神楽	民俗芸能	神楽	https://kunishitei.bunka.go.jp/heritage/detail/312/272
302	重要無形民俗文化財	千葉県	上総掘りの技術	民俗技術	生産・生業	https://kunishitei.bunka.go.jp/heritage/detail/302/00000810
302	重要無形民俗文化財	千葉県	佐原の山車行事	風俗慣習	祭礼（信仰）	https://kunishitei.bunka.go.jp/heritage/detail/302/767
302	重要無形民俗文化財	千葉県	木積の藤箕製作技術	民俗技術	生産・生業	https://kunishitei.bunka.go.jp/heritage/detail/302/00000854
302	重要無形民俗文化財	千葉県	白間津のオオマチ（大祭）行事	風俗慣習	祭礼（信仰）	https://kunishitei.bunka.go.jp/heritage/detail/302/41
302	重要無形民俗文化財	千葉県	茂名の里芋祭	風俗慣習	祭礼（信仰）	https://kunishitei.bunka.go.jp/heritage/detail/302/00000797
302	重要無形民俗文化財	千葉県	鬼来迎	民俗芸能	渡来芸・舞台芸	https://kunishitei.bunka.go.jp/heritage/detail/302/40
312	記録作成等の措置を講ずべき無形の民俗文化財	千葉県	おどり花見	民俗芸能	風流	https://kunishitei.bunka.go.jp/heritage/detail/312/284
312	記録作成等の措置を講ずべき無形の民俗文化財	千葉県	六座念仏の称念仏踊	民俗芸能	風流	https://kunishitei.bunka.go.jp/heritage/detail/312/282
312	記録作成等の措置を講ずべき無形の民俗文化財	千葉県	加茂の三番叟と花踊	民俗芸能	風流	https://kunishitei.bunka.go.jp/heritage/detail/312/280
312	記録作成等の措置を講ずべき無形の民俗文化財	千葉県	南房総地方のミノコオドリ	民俗芸能	風流	https://kunishitei.bunka.go.jp/heritage/detail/312/00000831
312	記録作成等の措置を講ずべき無形の民俗文化財	千葉県	多古のしいかご舞	民俗芸能	渡来芸・舞台芸	https://kunishitei.bunka.go.jp/heritage/detail/312/283
312	記録作成等の措置を講ずべき無形の民俗文化財	千葉県	大芝の七夕馬製作技術	民俗技術	生産・生業	https://kunishitei.bunka.go.jp/heritage/detail/312/00001017
312	記録作成等の措置を講ずべき無形の民俗文化財	千葉県	太田八坂神社のエンヤーホー	民俗芸能	渡来芸・舞台芸	https://kunishitei.bunka.go.jp/heritage/detail/312/707
312	記録作成等の措置を講ずべき無形の民俗文化財	千葉県	房総のお浜降り習俗	風俗慣習	祭礼（信仰）	https://kunishitei.bunka.go.jp/heritage/detail/312/286
312	記録作成等の措置を講ずべき無形の民俗文化財	千葉県	木更津中島の梵天立て	風俗慣習	年中行事	https://kunishitei.bunka.go.jp/heritage/detail/312/285
312	記録作成等の措置を講ずべき無形の民俗文化財	千葉県	洲崎踊	民俗芸能	風流	https://kunishitei.bunka.go.jp/heritage/detail/312/281
312	記録作成等の措置を講ずべき無形の民俗文化財	千葉県	白間津ささら踊	民俗芸能	風流	https://kunishitei.bunka.go.jp/heritage/detail/312/279
312	記録作成等の措置を講ずべき無形の民俗文化財	千葉県	野田の津久舞	民俗芸能	渡来芸・舞台芸	https://kunishitei.bunka.go.jp/heritage/detail/312/706
312	記録作成等の措置を講ずべき無形の民俗文化財	千葉県	鬼来迎	民俗芸能	渡来芸・舞台芸	https://kunishitei.bunka.go.jp/heritage/detail/312/278
302	重要無形民俗文化財	東京都	下平井の鳳凰の舞	民俗芸能	風流	https://kunishitei.bunka.go.jp/heritage/detail/302/00000819
302	重要無形民俗文化財	東京都	八王子車人形	民俗芸能	渡来芸・舞台芸	https://kunishitei.bunka.go.jp/heritage/detail/302/00001055
302	重要無形民俗文化財	東京都	小河内の鹿島踊	民俗芸能	風流	https://kunishitei.bunka.go.jp/heritage/detail/302/43
302	重要無形民俗文化財	東京都	川野車人形	民俗芸能	渡来芸・舞台芸	https://kunishitei.bunka.go.jp/heritage/detail/302/00001056
302	重要無形民俗文化財	東京都	新島の大踊	民俗芸能	風流	https://kunishitei.bunka.go.jp/heritage/detail/302/00000780
302	重要無形民俗文化財	東京都	板橋の田遊び	民俗芸能	田楽	https://kunishitei.bunka.go.jp/heritage/detail/302/42
302	重要無形民俗文化財	東京都	江戸の里神楽	民俗芸能	神楽	https://kunishitei.bunka.go.jp/heritage/detail/302/44
302	重要無形民俗文化財	東京都	神津島のかつお釣り行事	風俗慣習	生産・生業	https://kunishitei.bunka.go.jp/heritage/detail/302/713
312	記録作成等の措置を講ずべき無形の民俗文化財	東京都	三宅島の神事	民俗芸能	その他	https://kunishitei.bunka.go.jp/heritage/detail/312/294
312	記録作成等の措置を講ずべき無形の民俗文化財	東京都	佃の盆踊	民俗芸能	風流	https://kunishitei.bunka.go.jp/heritage/detail/312/708
312	記録作成等の措置を講ずべき無形の民俗文化財	東京都	八丈島の芸能	民俗芸能	風流	https://kunishitei.bunka.go.jp/heritage/detail/312/289
312	記録作成等の措置を講ずべき無形の民俗文化財	東京都	八王子車人形	民俗芸能	渡来芸・舞台芸	https://kunishitei.bunka.go.jp/heritage/detail/312/651
312	記録作成等の措置を講ずべき無形の民俗文化財	東京都	小河内の鹿島踊	民俗芸能	風流	https://kunishitei.bunka.go.jp/heritage/detail/312/287
312	記録作成等の措置を講ずべき無形の民俗文化財	東京都	新島の芸能	民俗芸能	その他	https://kunishitei.bunka.go.jp/heritage/detail/312/292
312	記録作成等の措置を講ずべき無形の民俗文化財	東京都	板橋の田遊び	民俗芸能	田楽	https://kunishitei.bunka.go.jp/heritage/detail/312/288
312	記録作成等の措置を講ずべき無形の民俗文化財	東京都	檜原村の式三番	民俗芸能	渡来芸・舞台芸	https://kunishitei.bunka.go.jp/heritage/detail/312/293
312	記録作成等の措置を講ずべき無形の民俗文化財	東京都	武蔵府中の太鼓講の習俗	風俗慣習	祭礼（信仰）	https://kunishitei.bunka.go.jp/heritage/detail/312/295
312	記録作成等の措置を講ずべき無形の民俗文化財	東京都	江戸の糸あやつり人形	民俗芸能	渡来芸・舞台芸	https://kunishitei.bunka.go.jp/heritage/detail/312/652
312	記録作成等の措置を講ずべき無形の民俗文化財	東京都	江戸の里神楽	民俗芸能	神楽	https://kunishitei.bunka.go.jp/heritage/detail/312/291
312	記録作成等の措置を講ずべき無形の民俗文化財	東京都	浄真寺の二十五菩薩練供養	民俗芸能	渡来芸・舞台芸	https://kunishitei.bunka.go.jp/heritage/detail/312/00000929
312	記録作成等の措置を講ずべき無形の民俗文化財	東京都	浅草神社のびんざさら	民俗芸能	田楽	https://kunishitei.bunka.go.jp/heritage/detail/312/00000918
312	記録作成等の措置を講ずべき無形の民俗文化財	東京都	神津島のかつお釣り行事	風俗慣習	生産・生業	https://kunishitei.bunka.go.jp/heritage/detail/312/296
312	記録作成等の措置を講ずべき無形の民俗文化財	東京都	鳳凰の舞	民俗芸能	風流	https://kunishitei.bunka.go.jp/heritage/detail/312/290
302	重要無形民俗文化財	神奈川県	チャッキラコ	民俗芸能	風流	https://kunishitei.bunka.go.jp/heritage/detail/302/45
302	重要無形民俗文化財	神奈川県	三戸のオショロ流し	風俗慣習	年中行事	https://kunishitei.bunka.go.jp/heritage/detail/302/00000874
302	重要無形民俗文化財	神奈川県	大磯の左義長	風俗慣習	年中行事	https://kunishitei.bunka.go.jp/heritage/detail/302/675
302	重要無形民俗文化財	神奈川県	山北のお峰入り	民俗芸能	風流	https://kunishitei.bunka.go.jp/heritage/detail/302/47
302	重要無形民俗文化財	神奈川県	相模人形芝居	民俗芸能	渡来芸・舞台芸	https://kunishitei.bunka.go.jp/heritage/detail/302/46
302	重要無形民俗文化財	神奈川県	箱根の湯立獅子舞	民俗芸能	神楽	https://kunishitei.bunka.go.jp/heritage/detail/302/00001053
302	重要無形民俗文化財	神奈川県	貴船神社の船祭り	風俗慣習	祭礼（信仰）	https://kunishitei.bunka.go.jp/heritage/detail/302/674
312	記録作成等の措置を講ずべき無形の民俗文化財	神奈川県	お峯入り	民俗芸能	風流	https://kunishitei.bunka.go.jp/heritage/detail/312/300
312	記録作成等の措置を講ずべき無形の民俗文化財	神奈川県	チャッキラコ	民俗芸能	風流	https://kunishitei.bunka.go.jp/heritage/detail/312/297
312	記録作成等の措置を講ずべき無形の民俗文化財	神奈川県	吉浜の鹿島踊	民俗芸能	風流	https://kunishitei.bunka.go.jp/heritage/detail/312/299
312	記録作成等の措置を講ずべき無形の民俗文化財	神奈川県	大山こまの製作技術	民俗技術	生産・生業	https://kunishitei.bunka.go.jp/heritage/detail/312/00001020
312	記録作成等の措置を講ずべき無形の民俗文化財	神奈川県	大磯の七夕行事	風俗慣習	年中行事	https://kunishitei.bunka.go.jp/heritage/detail/312/749
312	記録作成等の措置を講ずべき無形の民俗文化財	神奈川県	横須賀の虎踊	民俗芸能	風流	https://kunishitei.bunka.go.jp/heritage/detail/312/00000789
312	記録作成等の措置を講ずべき無形の民俗文化財	神奈川県	相模人形芝居	民俗芸能	渡来芸・舞台芸	https://kunishitei.bunka.go.jp/heritage/detail/312/298
312	記録作成等の措置を講ずべき無形の民俗文化財	神奈川県	箱根の湯立獅子舞	民俗芸能	神楽	https://kunishitei.bunka.go.jp/heritage/detail/312/301
312	記録作成等の措置を講ずべき無形の民俗文化財	神奈川県	足柄ささら踊	民俗芸能	風流	https://kunishitei.bunka.go.jp/heritage/detail/312/302
302	重要無形民俗文化財	新潟県	佐渡の人形芝居（文弥人形、説経人形、のろま人形）	民俗芸能	渡来芸・舞台芸	https://kunishitei.bunka.go.jp/heritage/detail/302/49
302	重要無形民俗文化財	新潟県	佐渡の車田植	風俗慣習	生産・生業	https://kunishitei.bunka.go.jp/heritage/detail/302/52
302	重要無形民俗文化財	新潟県	大の阪	民俗芸能	風流	https://kunishitei.bunka.go.jp/heritage/detail/302/643
302	重要無形民俗文化財	新潟県	小木のたらい舟製作技術	民俗技術	生産・生業	https://kunishitei.bunka.go.jp/heritage/detail/302/00000821
302	重要無形民俗文化財	新潟県	山北のボタモチ祭り	風俗慣習	祭礼（信仰）	https://kunishitei.bunka.go.jp/heritage/detail/302/714
302	重要無形民俗文化財	新潟県	弥彦神社燈篭おしと舞楽	民俗芸能	渡来芸・舞台芸	https://kunishitei.bunka.go.jp/heritage/detail/302/50
302	重要無形民俗文化財	新潟県	村上祭の屋台行事	風俗慣習	祭礼（信仰）	https://kunishitei.bunka.go.jp/heritage/detail/302/00000950
302	重要無形民俗文化財	新潟県	根知山寺の延年	民俗芸能	延年・おこない	https://kunishitei.bunka.go.jp/heritage/detail/302/54
302	重要無形民俗文化財	新潟県	浦佐毘沙門堂の裸押合	風俗慣習	祭礼（信仰）	https://kunishitei.bunka.go.jp/heritage/detail/302/00000951
302	重要無形民俗文化財	新潟県	牛の角突きの習俗	風俗慣習	娯楽・競技	https://kunishitei.bunka.go.jp/heritage/detail/302/51
302	重要無形民俗文化財	新潟県	糸魚川・能生の舞楽	民俗芸能	渡来芸・舞台芸	https://kunishitei.bunka.go.jp/heritage/detail/302/53
302	重要無形民俗文化財	新潟県	綾子舞	民俗芸能	風流	https://kunishitei.bunka.go.jp/heritage/detail/302/48
302	重要無形民俗文化財	新潟県	青海の竹のからかい	風俗慣習	年中行事	https://kunishitei.bunka.go.jp/heritage/detail/302/55
312	記録作成等の措置を講ずべき無形の民俗文化財	新潟県	ドブネの製作工程	風俗慣習	生産・生業	https://kunishitei.bunka.go.jp/heritage/detail/312/303
312	記録作成等の措置を講ずべき無形の民俗文化財	新潟県	五所神社の御田植神事	民俗芸能	田楽	https://kunishitei.bunka.go.jp/heritage/detail/312/313
312	記録作成等の措置を講ずべき無形の民俗文化財	新潟県	佐渡の人形芝居	民俗芸能	渡来芸・舞台芸	https://kunishitei.bunka.go.jp/heritage/detail/312/306
312	記録作成等の措置を講ずべき無形の民俗文化財	新潟県	大の阪	民俗芸能	風流	https://kunishitei.bunka.go.jp/heritage/detail/312/311
312	記録作成等の措置を講ずべき無形の民俗文化財	新潟県	大須戸能	民俗芸能	渡来芸・舞台芸	https://kunishitei.bunka.go.jp/heritage/detail/312/709
312	記録作成等の措置を講ずべき無形の民俗文化財	新潟県	天津神社舞楽	民俗芸能	渡来芸・舞台芸	https://kunishitei.bunka.go.jp/heritage/detail/312/312
312	記録作成等の措置を講ずべき無形の民俗文化財	新潟県	山北のボタモチ祭	風俗慣習	年中行事	https://kunishitei.bunka.go.jp/heritage/detail/312/315
312	記録作成等の措置を講ずべき無形の民俗文化財	新潟県	弥彦神社の舞楽	民俗芸能	渡来芸・舞台芸	https://kunishitei.bunka.go.jp/heritage/detail/312/307
312	記録作成等の措置を講ずべき無形の民俗文化財	新潟県	根知山寺の延年	民俗芸能	延年・おこない	https://kunishitei.bunka.go.jp/heritage/detail/312/308
312	記録作成等の措置を講ずべき無形の民俗文化財	新潟県	浦佐毘沙門堂の裸押合の習俗	風俗慣習	年中行事	https://kunishitei.bunka.go.jp/heritage/detail/312/771
312	記録作成等の措置を講ずべき無形の民俗文化財	新潟県	白山神社の田遊び神事	民俗芸能	田楽	https://kunishitei.bunka.go.jp/heritage/detail/312/314
312	記録作成等の措置を講ずべき無形の民俗文化財	新潟県	白山神社舞楽	民俗芸能	渡来芸・舞台芸	https://kunishitei.bunka.go.jp/heritage/detail/312/310
312	記録作成等の措置を講ずべき無形の民俗文化財	新潟県	綾子舞	民俗芸能	風流	https://kunishitei.bunka.go.jp/heritage/detail/312/305
312	記録作成等の措置を講ずべき無形の民俗文化財	新潟県	越後のしな布紡織習俗	風俗慣習	生産・生業	https://kunishitei.bunka.go.jp/heritage/detail/312/304
312	記録作成等の措置を講ずべき無形の民俗文化財	新潟県	越後・佐渡のいらくさ紡織習俗	風俗慣習	生産・生業	https://kunishitei.bunka.go.jp/heritage/detail/312/309
302	重要無形民俗文化財	富山県	城端神明宮祭の曳山行事	風俗慣習	祭礼（信仰）	https://kunishitei.bunka.go.jp/heritage/detail/302/746
302	重要無形民俗文化財	富山県	放生津八幡宮祭の曳山・築山行事	風俗慣習	祭礼（信仰）	https://kunishitei.bunka.go.jp/heritage/detail/302/00001004
302	重要無形民俗文化財	富山県	滑川のネブタ流し	風俗慣習	祭礼（信仰）	https://kunishitei.bunka.go.jp/heritage/detail/302/715
302	重要無形民俗文化財	富山県	論田・熊無の藤箕製作技術	民俗技術	生産・生業	https://kunishitei.bunka.go.jp/heritage/detail/302/00000890
302	重要無形民俗文化財	富山県	越中の稚児舞	民俗芸能	渡来芸・舞台芸	https://kunishitei.bunka.go.jp/heritage/detail/302/57
302	重要無形民俗文化財	富山県	越中福岡の菅笠製作技術	民俗技術	衣食住	https://kunishitei.bunka.go.jp/heritage/detail/302/00000855
302	重要無形民俗文化財	富山県	邑町のサイノカミ	風俗慣習	年中行事	https://kunishitei.bunka.go.jp/heritage/detail/302/00000872
302	重要無形民俗文化財	富山県	高岡御車山祭の御車山行事	風俗慣習	祭礼（信仰）	https://kunishitei.bunka.go.jp/heritage/detail/302/56
302	重要無形民俗文化財	富山県	魚津のタテモン行事	風俗慣習	祭礼（信仰）	https://kunishitei.bunka.go.jp/heritage/detail/302/676
312	記録作成等の措置を講ずべき無形の民俗文化財	富山県	オンバサマのお召し替え	風俗慣習	祭礼（信仰）	https://kunishitei.bunka.go.jp/heritage/detail/312/00001040
312	記録作成等の措置を講ずべき無形の民俗文化財	富山県	中陣のニブ流し	風俗慣習	年中行事	https://kunishitei.bunka.go.jp/heritage/detail/312/00000955
312	記録作成等の措置を講ずべき無形の民俗文化財	富山県	五箇山の歌と踊	民俗芸能	その他	https://kunishitei.bunka.go.jp/heritage/detail/312/318
312	記録作成等の措置を講ずべき無形の民俗文化財	富山県	利賀のはつうま行事	風俗慣習	年中行事	https://kunishitei.bunka.go.jp/heritage/detail/312/320
312	記録作成等の措置を講ずべき無形の民俗文化財	富山県	加茂神社の稚児舞	民俗芸能	渡来芸・舞台芸	https://kunishitei.bunka.go.jp/heritage/detail/312/316
312	記録作成等の措置を講ずべき無形の民俗文化財	富山県	尾山の七夕流し	風俗慣習	年中行事	https://kunishitei.bunka.go.jp/heritage/detail/312/00000954
312	記録作成等の措置を講ずべき無形の民俗文化財	富山県	明日の稚児舞	民俗芸能	渡来芸・舞台芸	https://kunishitei.bunka.go.jp/heritage/detail/312/317
312	記録作成等の措置を講ずべき無形の民俗文化財	富山県	越中の田の神行事	風俗慣習	年中行事	https://kunishitei.bunka.go.jp/heritage/detail/312/321
312	記録作成等の措置を講ずべき無形の民俗文化財	富山県	魚津浦のタテモン行事	風俗慣習	祭礼（信仰）	https://kunishitei.bunka.go.jp/heritage/detail/312/319
302	重要無形民俗文化財	石川県	奥能登のあえのこと	風俗慣習	生産・生業	https://kunishitei.bunka.go.jp/heritage/detail/302/58
302	重要無形民俗文化財	石川県	尾口のでくまわし	民俗芸能	渡来芸・舞台芸	https://kunishitei.bunka.go.jp/heritage/detail/302/59
302	重要無形民俗文化財	石川県	気多の鵜祭の習俗	風俗慣習	祭礼（信仰）	https://kunishitei.bunka.go.jp/heritage/detail/302/737
302	重要無形民俗文化財	石川県	熊甲二十日祭の枠旗行事	風俗慣習	祭礼（信仰）	https://kunishitei.bunka.go.jp/heritage/detail/302/61
302	重要無形民俗文化財	石川県	能登のアマメハギ	風俗慣習	年中行事	https://kunishitei.bunka.go.jp/heritage/detail/302/60
302	重要無形民俗文化財	石川県	能登の揚浜式製塩の技術	民俗技術	生産・生業	https://kunishitei.bunka.go.jp/heritage/detail/302/00000843
302	重要無形民俗文化財	石川県	輪島の海女漁の技術	民俗技術	生産・生業	https://kunishitei.bunka.go.jp/heritage/detail/302/00000952
302	重要無形民俗文化財	石川県	青柏祭の曳山行事	風俗慣習	祭礼（信仰）	https://kunishitei.bunka.go.jp/heritage/detail/302/62
312	記録作成等の措置を講ずべき無形の民俗文化財	石川県	七尾の酒造習俗	風俗慣習	生産・生業	https://kunishitei.bunka.go.jp/heritage/detail/312/325
312	記録作成等の措置を講ずべき無形の民俗文化財	石川県	加賀万才	民俗芸能	語り物・祝福芸	https://kunishitei.bunka.go.jp/heritage/detail/312/324
312	記録作成等の措置を講ずべき無形の民俗文化財	石川県	大聖寺のゴンガン	風俗慣習	年中行事	https://kunishitei.bunka.go.jp/heritage/detail/312/00000825
312	記録作成等の措置を講ずべき無形の民俗文化財	石川県	尾口のでくまわし	民俗芸能	渡来芸・舞台芸	https://kunishitei.bunka.go.jp/heritage/detail/312/322
312	記録作成等の措置を講ずべき無形の民俗文化財	石川県	白峰のかんこ踊	民俗芸能	風流	https://kunishitei.bunka.go.jp/heritage/detail/312/323
312	記録作成等の措置を講ずべき無形の民俗文化財	石川県	能登のキリコ祭り	風俗慣習	祭礼（信仰）	https://kunishitei.bunka.go.jp/heritage/detail/312/685
312	記録作成等の措置を講ずべき無形の民俗文化財	石川県	鵜川菅原神社のイドリ祭り	風俗慣習	祭礼（信仰）	https://kunishitei.bunka.go.jp/heritage/detail/312/326
322	登録無形民俗文化財	石川県	能登のいしる・いしり製造技術	民俗技術	生産・生業	https://kunishitei.bunka.go.jp/heritage/detail/322/00001025
302	重要無形民俗文化財	福井県	敦賀西町の綱引き	風俗慣習	娯楽・競技	https://kunishitei.bunka.go.jp/heritage/detail/302/65
302	重要無形民俗文化財	福井県	水海の田楽・能舞	民俗芸能	田楽	https://kunishitei.bunka.go.jp/heritage/detail/302/63
302	重要無形民俗文化財	福井県	睦月神事	民俗芸能	田楽	https://kunishitei.bunka.go.jp/heritage/detail/302/64
302	重要無形民俗文化財	福井県	糸崎の仏舞	民俗芸能	渡来芸・舞台芸	https://kunishitei.bunka.go.jp/heritage/detail/302/00000778
302	重要無形民俗文化財	福井県	越前万歳	民俗芸能	語り物・祝福芸	https://kunishitei.bunka.go.jp/heritage/detail/302/625
312	記録作成等の措置を講ずべき無形の民俗文化財	福井県	上中の六斎念仏	民俗芸能	風流	https://kunishitei.bunka.go.jp/heritage/detail/312/330
312	記録作成等の措置を講ずべき無形の民俗文化財	福井県	加茂神社のオイケモノ	風俗慣習	社会生活（民俗知識）	https://kunishitei.bunka.go.jp/heritage/detail/312/00000826
312	記録作成等の措置を講ずべき無形の民俗文化財	福井県	和久里壬生狂言	民俗芸能	渡来芸・舞台芸	https://kunishitei.bunka.go.jp/heritage/detail/312/00000786
312	記録作成等の措置を講ずべき無形の民俗文化財	福井県	国山の神事	民俗芸能	田楽	https://kunishitei.bunka.go.jp/heritage/detail/312/334
312	記録作成等の措置を講ずべき無形の民俗文化財	福井県	大島半島のニソの杜の習俗	風俗慣習	祭礼（信仰）	https://kunishitei.bunka.go.jp/heritage/detail/312/00000869
312	記録作成等の措置を講ずべき無形の民俗文化財	福井県	宇波西神社の神事芸能	民俗芸能	その他	https://kunishitei.bunka.go.jp/heritage/detail/312/333
312	記録作成等の措置を講ずべき無形の民俗文化財	福井県	日向の綱引き行事	風俗慣習	娯楽・競技	https://kunishitei.bunka.go.jp/heritage/detail/312/335
312	記録作成等の措置を講ずべき無形の民俗文化財	福井県	水海の田楽能舞	民俗芸能	田楽	https://kunishitei.bunka.go.jp/heritage/detail/312/328
312	記録作成等の措置を講ずべき無形の民俗文化財	福井県	睦月神事の芸能	民俗芸能	田楽	https://kunishitei.bunka.go.jp/heritage/detail/312/327
312	記録作成等の措置を講ずべき無形の民俗文化財	福井県	福井の戸祝いとキツネガリ	風俗慣習	年中行事	https://kunishitei.bunka.go.jp/heritage/detail/312/00000961
312	記録作成等の措置を講ずべき無形の民俗文化財	福井県	粟田部の蓬莱祀	風俗慣習	年中行事	https://kunishitei.bunka.go.jp/heritage/detail/312/00000803
312	記録作成等の措置を講ずべき無形の民俗文化財	福井県	糸崎の仏舞	民俗芸能	渡来芸・舞台芸	https://kunishitei.bunka.go.jp/heritage/detail/312/331
312	記録作成等の措置を講ずべき無形の民俗文化財	福井県	若狭の産小屋習俗	風俗慣習	人生・儀礼	https://kunishitei.bunka.go.jp/heritage/detail/312/332
312	記録作成等の措置を講ずべき無形の民俗文化財	福井県	若狭能倉座の神事能	民俗芸能	渡来芸・舞台芸	https://kunishitei.bunka.go.jp/heritage/detail/312/00001074
312	記録作成等の措置を講ずべき無形の民俗文化財	福井県	野大坪万歳	民俗芸能	語り物・祝福芸	https://kunishitei.bunka.go.jp/heritage/detail/312/329
322	登録無形民俗文化財	福井県	敦賀のおぼろ昆布製造技術	民俗技術	生産・生業	https://kunishitei.bunka.go.jp/heritage/detail/322/00001083
302	重要無形民俗文化財	山梨県	吉田の火祭	風俗慣習	祭礼（信仰）	https://kunishitei.bunka.go.jp/heritage/detail/302/00000881
302	重要無形民俗文化財	山梨県	天津司舞	民俗芸能	渡来芸・舞台芸	https://kunishitei.bunka.go.jp/heritage/detail/302/66
302	重要無形民俗文化財	山梨県	河口の稚児の舞	民俗芸能	神楽	https://kunishitei.bunka.go.jp/heritage/detail/302/00000971
302	重要無形民俗文化財	山梨県	無生野の大念仏	民俗芸能	風流	https://kunishitei.bunka.go.jp/heritage/detail/302/626
312	記録作成等の措置を講ずべき無形の民俗文化財	山梨県	一之瀬高橋の春駒	民俗芸能	語り物・祝福芸	https://kunishitei.bunka.go.jp/heritage/detail/312/337
312	記録作成等の措置を講ずべき無形の民俗文化財	山梨県	丹波山のお松引き	風俗慣習	年中行事	https://kunishitei.bunka.go.jp/heritage/detail/312/00001049
312	記録作成等の措置を講ずべき無形の民俗文化財	山梨県	吉田の火祭	風俗慣習	祭礼（信仰）	https://kunishitei.bunka.go.jp/heritage/detail/312/741
312	記録作成等の措置を講ずべき無形の民俗文化財	山梨県	大善寺の藤切り祭	風俗慣習	祭礼（信仰）	https://kunishitei.bunka.go.jp/heritage/detail/312/00000892
312	記録作成等の措置を講ずべき無形の民俗文化財	山梨県	天津司舞	民俗芸能	渡来芸・舞台芸	https://kunishitei.bunka.go.jp/heritage/detail/312/336
312	記録作成等の措置を講ずべき無形の民俗文化財	山梨県	奈良田の焼畑習俗	風俗慣習	生産・生業	https://kunishitei.bunka.go.jp/heritage/detail/312/339
312	記録作成等の措置を講ずべき無形の民俗文化財	山梨県	山中の安産祭	風俗慣習	祭礼（信仰）	https://kunishitei.bunka.go.jp/heritage/detail/312/00000817
312	記録作成等の措置を講ずべき無形の民俗文化財	山梨県	河口の稚児の舞	民俗芸能	神楽	https://kunishitei.bunka.go.jp/heritage/detail/312/00000915
312	記録作成等の措置を講ずべき無形の民俗文化財	山梨県	無生野の大念仏	民俗芸能	風流	https://kunishitei.bunka.go.jp/heritage/detail/312/338
312	記録作成等の措置を講ずべき無形の民俗文化財	山梨県	若神子のほうとう祭	風俗慣習	年中行事	https://kunishitei.bunka.go.jp/heritage/detail/312/773
302	重要無形民俗文化財	長野県	和合の念仏踊	民俗芸能	風流	https://kunishitei.bunka.go.jp/heritage/detail/302/00000903
302	重要無形民俗文化財	長野県	大鹿歌舞伎	民俗芸能	渡来芸・舞台芸	https://kunishitei.bunka.go.jp/heritage/detail/302/00000972
302	重要無形民俗文化財	長野県	天竜村の霜月神楽	民俗芸能	神楽	https://kunishitei.bunka.go.jp/heritage/detail/302/68
302	重要無形民俗文化財	長野県	小菅の柱松行事	風俗慣習	祭礼（信仰）	https://kunishitei.bunka.go.jp/heritage/detail/302/00000875
302	重要無形民俗文化財	長野県	新野の盆踊	民俗芸能	風流	https://kunishitei.bunka.go.jp/heritage/detail/302/644
302	重要無形民俗文化財	長野県	跡部の踊り念仏	民俗芸能	風流	https://kunishitei.bunka.go.jp/heritage/detail/302/727
302	重要無形民俗文化財	長野県	遠山の霜月祭	民俗芸能	神楽	https://kunishitei.bunka.go.jp/heritage/detail/302/69
302	重要無形民俗文化財	長野県	野沢温泉の道祖神祭り	風俗慣習	年中行事	https://kunishitei.bunka.go.jp/heritage/detail/302/71
302	重要無形民俗文化財	長野県	雨宮の神事芸能	民俗芸能	その他	https://kunishitei.bunka.go.jp/heritage/detail/302/70
302	重要無形民俗文化財	長野県	雪祭	民俗芸能	その他	https://kunishitei.bunka.go.jp/heritage/detail/302/67
312	記録作成等の措置を講ずべき無形の民俗文化財	長野県	上田市八日堂の蘇民将来符頒布習俗	風俗慣習	祭礼（信仰）	https://kunishitei.bunka.go.jp/heritage/detail/312/742
312	記録作成等の措置を講ずべき無形の民俗文化財	長野県	下伊那のかけ踊	民俗芸能	風流	https://kunishitei.bunka.go.jp/heritage/detail/312/725
312	記録作成等の措置を講ずべき無形の民俗文化財	長野県	下伊那大河内のシカオイ行事	風俗慣習	年中行事	https://kunishitei.bunka.go.jp/heritage/detail/312/352
312	記録作成等の措置を講ずべき無形の民俗文化財	長野県	中馬制	風俗慣習	生産・生業	https://kunishitei.bunka.go.jp/heritage/detail/312/340
312	記録作成等の措置を講ずべき無形の民俗文化財	長野県	伊那の人形芝居	民俗芸能	渡来芸・舞台芸	https://kunishitei.bunka.go.jp/heritage/detail/312/348
312	記録作成等の措置を講ずべき無形の民俗文化財	長野県	伊那谷のコト八日行事	風俗慣習	年中行事	https://kunishitei.bunka.go.jp/heritage/detail/312/00000878
312	記録作成等の措置を講ずべき無形の民俗文化財	長野県	信濃の火鑚習俗	風俗慣習	祭礼（信仰）	https://kunishitei.bunka.go.jp/heritage/detail/312/349
312	記録作成等の措置を講ずべき無形の民俗文化財	長野県	北信濃の柱松行事	風俗慣習	祭礼（信仰）	https://kunishitei.bunka.go.jp/heritage/detail/312/00000804
312	記録作成等の措置を講ずべき無形の民俗文化財	長野県	坂部の冬祭の芸能	民俗芸能	神楽	https://kunishitei.bunka.go.jp/heritage/detail/312/343
312	記録作成等の措置を講ずべき無形の民俗文化財	長野県	大鹿歌舞伎	民俗芸能	渡来芸・舞台芸	https://kunishitei.bunka.go.jp/heritage/detail/312/653
312	記録作成等の措置を講ずべき無形の民俗文化財	長野県	安曇平のお船祭り	風俗慣習	祭礼（信仰）	https://kunishitei.bunka.go.jp/heritage/detail/312/00000946
312	記録作成等の措置を講ずべき無形の民俗文化財	長野県	戸沢のねじ行事	風俗慣習	人生・儀礼	https://kunishitei.bunka.go.jp/heritage/detail/312/687
312	記録作成等の措置を講ずべき無形の民俗文化財	長野県	武水別神社の頭人行事	風俗慣習	祭礼（信仰）	https://kunishitei.bunka.go.jp/heritage/detail/312/353
312	記録作成等の措置を講ずべき無形の民俗文化財	長野県	親沢の人形三番叟	民俗芸能	渡来芸・舞台芸	https://kunishitei.bunka.go.jp/heritage/detail/312/00000930
312	記録作成等の措置を講ずべき無形の民俗文化財	長野県	跡部の踊念仏	民俗芸能	風流	https://kunishitei.bunka.go.jp/heritage/detail/312/354
312	記録作成等の措置を講ずべき無形の民俗文化財	長野県	遠山霜月祭の芸能	民俗芸能	神楽	https://kunishitei.bunka.go.jp/heritage/detail/312/346
312	記録作成等の措置を講ずべき無形の民俗文化財	長野県	長野県下の代表的民家の間取・使い方	風俗慣習	その他	https://kunishitei.bunka.go.jp/heritage/detail/312/341
312	記録作成等の措置を講ずべき無形の民俗文化財	長野県	雨宮の御神事の芸能	民俗芸能	その他	https://kunishitei.bunka.go.jp/heritage/detail/312/344
312	記録作成等の措置を講ずべき無形の民俗文化財	長野県	駒ヶ岳神社の太々神楽	民俗芸能	神楽	https://kunishitei.bunka.go.jp/heritage/detail/312/351
312	記録作成等の措置を講ずべき無形の民俗文化財	長野県	高岡の小豆焼き行事	風俗慣習	社会生活（民俗知識）	https://kunishitei.bunka.go.jp/heritage/detail/312/686
302	重要無形民俗文化財	岐阜県	下呂の田の神祭	民俗芸能	田楽	https://kunishitei.bunka.go.jp/heritage/detail/302/77
302	重要無形民俗文化財	岐阜県	南宮の神事芸能	民俗芸能	その他	https://kunishitei.bunka.go.jp/heritage/detail/302/75
302	重要無形民俗文化財	岐阜県	古川祭の起し太鼓・屋台行事	風俗慣習	祭礼（信仰）	https://kunishitei.bunka.go.jp/heritage/detail/302/76
302	重要無形民俗文化財	岐阜県	大垣祭の軕行事	風俗慣習	祭礼（信仰）	https://kunishitei.bunka.go.jp/heritage/detail/302/00000921
302	重要無形民俗文化財	岐阜県	寒水の掛踊	民俗芸能	風流	https://kunishitei.bunka.go.jp/heritage/detail/302/00001007
302	重要無形民俗文化財	岐阜県	江名子バンドリの製作技術	民俗技術	衣食住	https://kunishitei.bunka.go.jp/heritage/detail/302/00000822
302	重要無形民俗文化財	岐阜県	白鳥の拝殿踊	民俗芸能	風流	https://kunishitei.bunka.go.jp/heritage/detail/302/00001057
302	重要無形民俗文化財	岐阜県	真桑人形浄瑠璃	民俗芸能	渡来芸・舞台芸	https://kunishitei.bunka.go.jp/heritage/detail/302/78
302	重要無形民俗文化財	岐阜県	能郷の能・狂言	民俗芸能	渡来芸・舞台芸	https://kunishitei.bunka.go.jp/heritage/detail/302/72
302	重要無形民俗文化財	岐阜県	郡上踊	民俗芸能	風流	https://kunishitei.bunka.go.jp/heritage/detail/302/633
302	重要無形民俗文化財	岐阜県	長滝の延年	民俗芸能	延年・おこない	https://kunishitei.bunka.go.jp/heritage/detail/302/73
302	重要無形民俗文化財	岐阜県	長良川の鵜飼漁の技術	民俗技術	生産・生業	https://kunishitei.bunka.go.jp/heritage/detail/302/00000922
302	重要無形民俗文化財	岐阜県	高山祭の屋台行事	風俗慣習	祭礼（信仰）	https://kunishitei.bunka.go.jp/heritage/detail/302/74
312	記録作成等の措置を講ずべき無形の民俗文化財	岐阜県	下呂の田の神祭の芸能	民俗芸能	田楽	https://kunishitei.bunka.go.jp/heritage/detail/312/358
312	記録作成等の措置を講ずべき無形の民俗文化財	岐阜県	久田見の糸切りからくり	民俗芸能	渡来芸・舞台芸	https://kunishitei.bunka.go.jp/heritage/detail/312/362
312	記録作成等の措置を講ずべき無形の民俗文化財	岐阜県	南宮神社の神事芸能	民俗芸能	その他	https://kunishitei.bunka.go.jp/heritage/detail/312/363
312	記録作成等の措置を講ずべき無形の民俗文化財	岐阜県	古川祭	風俗慣習	祭礼（信仰）	https://kunishitei.bunka.go.jp/heritage/detail/312/357
312	記録作成等の措置を講ずべき無形の民俗文化財	岐阜県	古調郡上踊	民俗芸能	風流	https://kunishitei.bunka.go.jp/heritage/detail/312/360
312	記録作成等の措置を講ずべき無形の民俗文化財	岐阜県	大矢田のヒンココ	民俗芸能	渡来芸・舞台芸	https://kunishitei.bunka.go.jp/heritage/detail/312/710
312	記録作成等の措置を講ずべき無形の民俗文化財	岐阜県	寒水の掛踊	民俗芸能	風流	https://kunishitei.bunka.go.jp/heritage/detail/312/361
312	記録作成等の措置を講ずべき無形の民俗文化財	岐阜県	揖斐川の簗掛け技術	民俗技術	生産・生業	https://kunishitei.bunka.go.jp/heritage/detail/312/00000938
312	記録作成等の措置を講ずべき無形の民俗文化財	岐阜県	東津汲の鎌倉踊	民俗芸能	風流	https://kunishitei.bunka.go.jp/heritage/detail/312/364
312	記録作成等の措置を講ずべき無形の民俗文化財	岐阜県	水無神社の神事芸能	民俗芸能	風流	https://kunishitei.bunka.go.jp/heritage/detail/312/359
312	記録作成等の措置を講ずべき無形の民俗文化財	岐阜県	白鳥の拝殿踊	民俗芸能	風流	https://kunishitei.bunka.go.jp/heritage/detail/312/00000787
312	記録作成等の措置を講ずべき無形の民俗文化財	岐阜県	美濃の水車習俗	風俗慣習	生産・生業	https://kunishitei.bunka.go.jp/heritage/detail/312/365
312	記録作成等の措置を講ずべき無形の民俗文化財	岐阜県	美濃流しにわか	民俗芸能	その他	https://kunishitei.bunka.go.jp/heritage/detail/312/654
312	記録作成等の措置を講ずべき無形の民俗文化財	岐阜県	能郷の猿楽狂言	民俗芸能	渡来芸・舞台芸	https://kunishitei.bunka.go.jp/heritage/detail/312/356
312	記録作成等の措置を講ずべき無形の民俗文化財	岐阜県	長滝の延年	民俗芸能	延年・おこない	https://kunishitei.bunka.go.jp/heritage/detail/312/355
312	記録作成等の措置を講ずべき無形の民俗文化財	岐阜県	飛騨の絵馬市の習俗	風俗慣習	祭礼（信仰）	https://kunishitei.bunka.go.jp/heritage/detail/312/671
302	重要無形民俗文化財	静岡県	大江八幡神社の御船行事	風俗慣習	祭礼（信仰）	https://kunishitei.bunka.go.jp/heritage/detail/302/716
302	重要無形民俗文化財	静岡県	徳山の盆踊	民俗芸能	風流	https://kunishitei.bunka.go.jp/heritage/detail/302/82
302	重要無形民俗文化財	静岡県	有東木の盆踊	民俗芸能	風流	https://kunishitei.bunka.go.jp/heritage/detail/302/704
302	重要無形民俗文化財	静岡県	沼田・大坂の湯立神楽	民俗芸能	神楽	https://kunishitei.bunka.go.jp/heritage/detail/302/00001054
302	重要無形民俗文化財	静岡県	法多山の田遊び	民俗芸能	田楽	https://kunishitei.bunka.go.jp/heritage/detail/302/00001059
302	重要無形民俗文化財	静岡県	藤守の田遊び	民俗芸能	田楽	https://kunishitei.bunka.go.jp/heritage/detail/302/80
302	重要無形民俗文化財	静岡県	蛭ヶ谷の田遊び	民俗芸能	田楽	https://kunishitei.bunka.go.jp/heritage/detail/302/00000901
302	重要無形民俗文化財	静岡県	西浦の田楽	民俗芸能	田楽	https://kunishitei.bunka.go.jp/heritage/detail/302/79
302	重要無形民俗文化財	静岡県	見付天神裸祭	風俗慣習	祭礼（信仰）	https://kunishitei.bunka.go.jp/heritage/detail/302/738
302	重要無形民俗文化財	静岡県	遠江のひよんどりとおくない	民俗芸能	延年・おこない	https://kunishitei.bunka.go.jp/heritage/detail/302/83
302	重要無形民俗文化財	静岡県	遠江森町の舞楽	民俗芸能	渡来芸・舞台芸	https://kunishitei.bunka.go.jp/heritage/detail/302/81
302	重要無形民俗文化財	静岡県	静岡浅間神社廿日会祭の稚児舞楽	民俗芸能	渡来芸・舞台芸	https://kunishitei.bunka.go.jp/heritage/detail/302/00001058
312	記録作成等の措置を講ずべき無形の民俗文化財	静岡県	伊豆・駿河の水祝い	風俗慣習	人生・儀礼	https://kunishitei.bunka.go.jp/heritage/detail/312/378
312	記録作成等の措置を講ずべき無形の民俗文化財	静岡県	天宮神社の十二段舞楽	民俗芸能	渡来芸・舞台芸	https://kunishitei.bunka.go.jp/heritage/detail/312/372
312	記録作成等の措置を講ずべき無形の民俗文化財	静岡県	寺野の三日堂ひよんどり	民俗芸能	延年・おこない	https://kunishitei.bunka.go.jp/heritage/detail/312/369
312	記録作成等の措置を講ずべき無形の民俗文化財	静岡県	小国神社の舞楽	民俗芸能	渡来芸・舞台芸	https://kunishitei.bunka.go.jp/heritage/detail/312/371
312	記録作成等の措置を講ずべき無形の民俗文化財	静岡県	小國神社の田遊び	民俗芸能	田楽	https://kunishitei.bunka.go.jp/heritage/detail/312/00000832
312	記録作成等の措置を講ずべき無形の民俗文化財	静岡県	小稲の虎舞	民俗芸能	風流	https://kunishitei.bunka.go.jp/heritage/detail/312/00000788
312	記録作成等の措置を講ずべき無形の民俗文化財	静岡県	徳山の盆踊	民俗芸能	風流	https://kunishitei.bunka.go.jp/heritage/detail/312/368
312	記録作成等の措置を講ずべき無形の民俗文化財	静岡県	新居のこと八日行事	風俗慣習	年中行事	https://kunishitei.bunka.go.jp/heritage/detail/312/376
312	記録作成等の措置を講ずべき無形の民俗文化財	静岡県	有東木・平野の盆踊	民俗芸能	風流	https://kunishitei.bunka.go.jp/heritage/detail/312/375
312	記録作成等の措置を講ずべき無形の民俗文化財	静岡県	東伊豆地方の鹿島踊	民俗芸能	風流	https://kunishitei.bunka.go.jp/heritage/detail/312/00000782
312	記録作成等の措置を講ずべき無形の民俗文化財	静岡県	沼田の湯立神楽	民俗芸能	神楽	https://kunishitei.bunka.go.jp/heritage/detail/312/00000833
312	記録作成等の措置を講ずべき無形の民俗文化財	静岡県	法多山の田遊び	民俗芸能	田楽	https://kunishitei.bunka.go.jp/heritage/detail/312/655
312	記録作成等の措置を講ずべき無形の民俗文化財	静岡県	滝沢八坂神社の田遊び	民俗芸能	田楽	https://kunishitei.bunka.go.jp/heritage/detail/312/373
312	記録作成等の措置を講ずべき無形の民俗文化財	静岡県	稲取のハンマアサマ	風俗慣習	生産・生業	https://kunishitei.bunka.go.jp/heritage/detail/312/750
312	記録作成等の措置を講ずべき無形の民俗文化財	静岡県	蛭ヶ谷の田遊び	民俗芸能	田楽	https://kunishitei.bunka.go.jp/heritage/detail/312/00000835
312	記録作成等の措置を講ずべき無形の民俗文化財	静岡県	西浦の田楽	民俗芸能	田楽	https://kunishitei.bunka.go.jp/heritage/detail/312/366
312	記録作成等の措置を講ずべき無形の民俗文化財	静岡県	遠江のシシウチ行事	風俗慣習	年中行事	https://kunishitei.bunka.go.jp/heritage/detail/312/379
312	記録作成等の措置を講ずべき無形の民俗文化財	静岡県	遠江の御船行事	風俗慣習	祭礼（信仰）	https://kunishitei.bunka.go.jp/heritage/detail/312/380
312	記録作成等の措置を講ずべき無形の民俗文化財	静岡県	静岡浅間神社廿日会祭の稚児舞	民俗芸能	渡来芸・舞台芸	https://kunishitei.bunka.go.jp/heritage/detail/312/00000916
312	記録作成等の措置を講ずべき無形の民俗文化財	静岡県	静岡県中部地方の神楽	民俗芸能	神楽	https://kunishitei.bunka.go.jp/heritage/detail/312/00000919
302	重要無形民俗文化財	愛知県	三河の田楽	民俗芸能	田楽	https://kunishitei.bunka.go.jp/heritage/detail/302/85
302	重要無形民俗文化財	愛知県	三河万歳	民俗芸能	語り物・祝福芸	https://kunishitei.bunka.go.jp/heritage/detail/302/634
302	重要無形民俗文化財	愛知県	亀崎潮干祭の山車行事	風俗慣習	祭礼（信仰）	https://kunishitei.bunka.go.jp/heritage/detail/302/00000812
302	重要無形民俗文化財	愛知県	尾張万歳	民俗芸能	語り物・祝福芸	https://kunishitei.bunka.go.jp/heritage/detail/302/635
302	重要無形民俗文化財	愛知県	尾張津島天王祭の車楽舟行事	風俗慣習	祭礼（信仰）	https://kunishitei.bunka.go.jp/heritage/detail/302/86
302	重要無形民俗文化財	愛知県	瀧山寺鬼祭り	風俗慣習	祭礼（信仰）	https://kunishitei.bunka.go.jp/heritage/detail/302/00001045
302	重要無形民俗文化財	愛知県	犬山祭の車山行事	風俗慣習	祭礼（信仰）	https://kunishitei.bunka.go.jp/heritage/detail/302/00000811
302	重要無形民俗文化財	愛知県	知立の山車文楽とからくり	民俗芸能	渡来芸・舞台芸	https://kunishitei.bunka.go.jp/heritage/detail/302/88
302	重要無形民俗文化財	愛知県	綾渡の夜念仏と盆踊	民俗芸能	風流	https://kunishitei.bunka.go.jp/heritage/detail/302/637
302	重要無形民俗文化財	愛知県	花祭	民俗芸能	神楽	https://kunishitei.bunka.go.jp/heritage/detail/302/84
302	重要無形民俗文化財	愛知県	豊橋神明社の鬼祭	風俗慣習	祭礼（信仰）	https://kunishitei.bunka.go.jp/heritage/detail/302/87
302	重要無形民俗文化財	愛知県	須成祭の車楽船行事と神葭流し	風俗慣習	祭礼（信仰）	https://kunishitei.bunka.go.jp/heritage/detail/302/00000882
302	重要無形民俗文化財	愛知県	鳥羽の火祭り	風俗慣習	年中行事	https://kunishitei.bunka.go.jp/heritage/detail/302/768
312	記録作成等の措置を講ずべき無形の民俗文化財	愛知県	参候祭	民俗芸能	田楽	https://kunishitei.bunka.go.jp/heritage/detail/312/656
312	記録作成等の措置を講ずべき無形の民俗文化財	愛知県	大海のほうか	民俗芸能	風流	https://kunishitei.bunka.go.jp/heritage/detail/312/388
312	記録作成等の措置を講ずべき無形の民俗文化財	愛知県	小畑のおためし	風俗慣習	社会生活（民俗知識）	https://kunishitei.bunka.go.jp/heritage/detail/312/697
312	記録作成等の措置を講ずべき無形の民俗文化財	愛知県	尾張・三河の火鑚習俗	風俗慣習	祭礼（信仰）	https://kunishitei.bunka.go.jp/heritage/detail/312/391
312	記録作成等の措置を講ずべき無形の民俗文化財	愛知県	尾張・三河の花のとう	風俗慣習	社会生活（民俗知識）	https://kunishitei.bunka.go.jp/heritage/detail/312/726
312	記録作成等の措置を講ずべき無形の民俗文化財	愛知県	尾張西部のオコワ祭	風俗慣習	年中行事	https://kunishitei.bunka.go.jp/heritage/detail/312/00000827
312	記録作成等の措置を講ずべき無形の民俗文化財	愛知県	尾張西部の子供ザイレン	風俗慣習	年中行事	https://kunishitei.bunka.go.jp/heritage/detail/312/00000947
312	記録作成等の措置を講ずべき無形の民俗文化財	愛知県	愛知のオマント	風俗慣習	祭礼（信仰）	https://kunishitei.bunka.go.jp/heritage/detail/312/772
312	記録作成等の措置を講ずべき無形の民俗文化財	愛知県	津島神社の天王祭	風俗慣習	祭礼（信仰）	https://kunishitei.bunka.go.jp/heritage/detail/312/381
312	記録作成等の措置を講ずべき無形の民俗文化財	愛知県	田峰の田楽	民俗芸能	田楽	https://kunishitei.bunka.go.jp/heritage/detail/312/384
312	記録作成等の措置を講ずべき無形の民俗文化財	愛知県	知多木綿の紡織習俗	風俗慣習	生産・生業	https://kunishitei.bunka.go.jp/heritage/detail/312/392
312	記録作成等の措置を講ずべき無形の民俗文化財	愛知県	知立のからくり	民俗芸能	渡来芸・舞台芸	https://kunishitei.bunka.go.jp/heritage/detail/312/393
312	記録作成等の措置を講ずべき無形の民俗文化財	愛知県	知立山車文楽	民俗芸能	渡来芸・舞台芸	https://kunishitei.bunka.go.jp/heritage/detail/312/390
312	記録作成等の措置を講ずべき無形の民俗文化財	愛知県	祖父江の虫送り	風俗慣習	生産・生業	https://kunishitei.bunka.go.jp/heritage/detail/312/397
312	記録作成等の措置を講ずべき無形の民俗文化財	愛知県	神明社の鬼祭	風俗慣習	祭礼（信仰）	https://kunishitei.bunka.go.jp/heritage/detail/312/389
312	記録作成等の措置を講ずべき無形の民俗文化財	愛知県	綾渡の夜念仏と盆踊	民俗芸能	風流	https://kunishitei.bunka.go.jp/heritage/detail/312/385
312	記録作成等の措置を講ずべき無形の民俗文化財	愛知県	花祭の芸能	民俗芸能	神楽	https://kunishitei.bunka.go.jp/heritage/detail/312/382
312	記録作成等の措置を講ずべき無形の民俗文化財	愛知県	設楽のシカウチ行事	風俗慣習	年中行事	https://kunishitei.bunka.go.jp/heritage/detail/312/396
312	記録作成等の措置を講ずべき無形の民俗文化財	愛知県	須成祭	風俗慣習	祭礼（信仰）	https://kunishitei.bunka.go.jp/heritage/detail/312/751
312	記録作成等の措置を講ずべき無形の民俗文化財	愛知県	黒沢田楽	民俗芸能	田楽	https://kunishitei.bunka.go.jp/heritage/detail/312/386
302	重要無形民俗文化財	三重県	上野天神祭のダンジリ行事	風俗慣習	祭礼（信仰）	https://kunishitei.bunka.go.jp/heritage/detail/302/747
302	重要無形民俗文化財	三重県	伊勢太神楽	民俗芸能	神楽	https://kunishitei.bunka.go.jp/heritage/detail/302/91
302	重要無形民俗文化財	三重県	勝手神社の神事踊	民俗芸能	風流	https://kunishitei.bunka.go.jp/heritage/detail/302/00000974
302	重要無形民俗文化財	三重県	安乗の人形芝居	民俗芸能	渡来芸・舞台芸	https://kunishitei.bunka.go.jp/heritage/detail/302/90
302	重要無形民俗文化財	三重県	御頭神事	民俗芸能	神楽	https://kunishitei.bunka.go.jp/heritage/detail/302/89
302	重要無形民俗文化財	三重県	志摩加茂五郷の盆祭行事	風俗慣習	年中行事	https://kunishitei.bunka.go.jp/heritage/detail/302/92
302	重要無形民俗文化財	三重県	桑名石取祭の祭車行事	風俗慣習	祭礼（信仰）	https://kunishitei.bunka.go.jp/heritage/detail/302/00000823
302	重要無形民俗文化財	三重県	磯部の御神田	民俗芸能	田楽	https://kunishitei.bunka.go.jp/heritage/detail/302/93
302	重要無形民俗文化財	三重県	鳥出神社の鯨船行事	風俗慣習	祭礼（信仰）	https://kunishitei.bunka.go.jp/heritage/detail/302/678
302	重要無形民俗文化財	三重県	鳥羽・志摩の海女漁の技術	民俗技術	生産・生業	https://kunishitei.bunka.go.jp/heritage/detail/302/00000942
312	記録作成等の措置を講ずべき無形の民俗文化財	三重県	一色の翁舞	民俗芸能	渡来芸・舞台芸	https://kunishitei.bunka.go.jp/heritage/detail/312/406
312	記録作成等の措置を講ずべき無形の民俗文化財	三重県	伊勢の「お木曳き」行事	風俗慣習	祭礼（信仰）	https://kunishitei.bunka.go.jp/heritage/detail/312/398
312	記録作成等の措置を講ずべき無形の民俗文化財	三重県	伊勢の「白石持ち」行事	風俗慣習	祭礼（信仰）	https://kunishitei.bunka.go.jp/heritage/detail/312/401
312	記録作成等の措置を講ずべき無形の民俗文化財	三重県	伊勢太神楽	民俗芸能	神楽	https://kunishitei.bunka.go.jp/heritage/detail/312/399
312	記録作成等の措置を講ずべき無形の民俗文化財	三重県	勝手神社の神事踊	民俗芸能	風流	https://kunishitei.bunka.go.jp/heritage/detail/312/400
312	記録作成等の措置を講ずべき無形の民俗文化財	三重県	北勢・熊野の鯨船行事	風俗慣習	祭礼（信仰）	https://kunishitei.bunka.go.jp/heritage/detail/312/405
312	記録作成等の措置を講ずべき無形の民俗文化財	三重県	国崎のノット正月	風俗慣習	祭礼（信仰）	https://kunishitei.bunka.go.jp/heritage/detail/312/00000879
312	記録作成等の措置を講ずべき無形の民俗文化財	三重県	安乗人形芝居	民俗芸能	渡来芸・舞台芸	https://kunishitei.bunka.go.jp/heritage/detail/312/403
312	記録作成等の措置を講ずべき無形の民俗文化財	三重県	尾鷲九木浦の正月行事	風俗慣習	年中行事	https://kunishitei.bunka.go.jp/heritage/detail/312/689
312	記録作成等の措置を講ずべき無形の民俗文化財	三重県	松阪木綿の紡織習俗	風俗慣習	生産・生業	https://kunishitei.bunka.go.jp/heritage/detail/312/404
312	記録作成等の措置を講ずべき無形の民俗文化財	三重県	磯部の御神田	民俗芸能	田楽	https://kunishitei.bunka.go.jp/heritage/detail/312/402
302	重要無形民俗文化財	滋賀県	三上のずいき祭	風俗慣習	祭礼（信仰）	https://kunishitei.bunka.go.jp/heritage/detail/302/00000798
302	重要無形民俗文化財	滋賀県	大津祭の曳山行事	風俗慣習	祭礼（信仰）	https://kunishitei.bunka.go.jp/heritage/detail/302/00000933
302	重要無形民俗文化財	滋賀県	近江のケンケト祭り長刀振り	民俗芸能	風流	https://kunishitei.bunka.go.jp/heritage/detail/302/00000988
302	重要無形民俗文化財	滋賀県	近江中山の芋競べ祭り	風俗慣習	祭礼（信仰）	https://kunishitei.bunka.go.jp/heritage/detail/302/95
302	重要無形民俗文化財	滋賀県	近江湖南のサンヤレ踊り	民俗芸能	風流	https://kunishitei.bunka.go.jp/heritage/detail/302/00000987
302	重要無形民俗文化財	滋賀県	長浜曳山祭の曳山行事	風俗慣習	祭礼（信仰）	https://kunishitei.bunka.go.jp/heritage/detail/302/94
312	記録作成等の措置を講ずべき無形の民俗文化財	滋賀県	おはな踊	民俗芸能	風流	https://kunishitei.bunka.go.jp/heritage/detail/312/410
312	記録作成等の措置を講ずべき無形の民俗文化財	滋賀県	朝日豊年太鼓踊	民俗芸能	風流	https://kunishitei.bunka.go.jp/heritage/detail/312/409
312	記録作成等の措置を講ずべき無形の民俗文化財	滋賀県	油日の太鼓踊	民俗芸能	風流	https://kunishitei.bunka.go.jp/heritage/detail/312/408
312	記録作成等の措置を講ずべき無形の民俗文化財	滋賀県	草津のサンヤレ踊り	民俗芸能	風流	https://kunishitei.bunka.go.jp/heritage/detail/312/414
312	記録作成等の措置を講ずべき無形の民俗文化財	滋賀県	近江のケンケト祭り長刀振り	民俗芸能	風流	https://kunishitei.bunka.go.jp/heritage/detail/312/411
312	記録作成等の措置を講ずべき無形の民俗文化財	滋賀県	近江の郷祭り	風俗慣習	祭礼（信仰）	https://kunishitei.bunka.go.jp/heritage/detail/312/00000998
312	記録作成等の措置を講ずべき無形の民俗文化財	滋賀県	近江八幡の火祭り	風俗慣習	年中行事	https://kunishitei.bunka.go.jp/heritage/detail/312/412
312	記録作成等の措置を講ずべき無形の民俗文化財	滋賀県	近江八日市の大凧揚げ習俗	風俗慣習	人生・儀礼	https://kunishitei.bunka.go.jp/heritage/detail/312/413
312	記録作成等の措置を講ずべき無形の民俗文化財	滋賀県	長浜曳山狂言	民俗芸能	渡来芸・舞台芸	https://kunishitei.bunka.go.jp/heritage/detail/312/407
322	登録無形民俗文化財	滋賀県	近江のなれずし製造技術	民俗技術	生産・生業	https://kunishitei.bunka.go.jp/heritage/detail/322/00001024
302	重要無形民俗文化財	京都府	やすらい花	民俗芸能	風流	https://kunishitei.bunka.go.jp/heritage/detail/302/101
302	重要無形民俗文化財	京都府	久多の花笠踊	民俗芸能	風流	https://kunishitei.bunka.go.jp/heritage/detail/302/638
302	重要無形民俗文化財	京都府	京都の六斎念仏	民俗芸能	風流	https://kunishitei.bunka.go.jp/heritage/detail/302/98
302	重要無形民俗文化財	京都府	京都祇園祭の山鉾行事	風俗慣習	祭礼（信仰）	https://kunishitei.bunka.go.jp/heritage/detail/302/97
302	重要無形民俗文化財	京都府	佐伯灯籠	民俗芸能	渡来芸・舞台芸	https://kunishitei.bunka.go.jp/heritage/detail/302/00000865
302	重要無形民俗文化財	京都府	壬生狂言	民俗芸能	渡来芸・舞台芸	https://kunishitei.bunka.go.jp/heritage/detail/302/96
302	重要無形民俗文化財	京都府	嵯峨大念仏狂言	民俗芸能	渡来芸・舞台芸	https://kunishitei.bunka.go.jp/heritage/detail/302/99
302	重要無形民俗文化財	京都府	松尾寺の仏舞	民俗芸能	渡来芸・舞台芸	https://kunishitei.bunka.go.jp/heritage/detail/302/00000779
302	重要無形民俗文化財	京都府	涌出宮の宮座行事	風俗慣習	祭礼（信仰）	https://kunishitei.bunka.go.jp/heritage/detail/302/100
302	重要無形民俗文化財	京都府	田原の御田	民俗芸能	田楽	https://kunishitei.bunka.go.jp/heritage/detail/302/728
312	記録作成等の措置を講ずべき無形の民俗文化財	京都府	やすらい花	民俗芸能	風流	https://kunishitei.bunka.go.jp/heritage/detail/312/418
312	記録作成等の措置を講ずべき無形の民俗文化財	京都府	丹後の漁撈習俗	風俗慣習	生産・生業	https://kunishitei.bunka.go.jp/heritage/detail/312/422
312	記録作成等の措置を講ずべき無形の民俗文化財	京都府	丹後の藤布紡織習俗	風俗慣習	生産・生業	https://kunishitei.bunka.go.jp/heritage/detail/312/421
312	記録作成等の措置を講ずべき無形の民俗文化財	京都府	久多の花笠踊	民俗芸能	風流	https://kunishitei.bunka.go.jp/heritage/detail/312/417
312	記録作成等の措置を講ずべき無形の民俗文化財	京都府	京都八坂神社の祗園祭	風俗慣習	祭礼（信仰）	https://kunishitei.bunka.go.jp/heritage/detail/312/415
312	記録作成等の措置を講ずべき無形の民俗文化財	京都府	佐伯灯篭	民俗芸能	渡来芸・舞台芸	https://kunishitei.bunka.go.jp/heritage/detail/312/423
312	記録作成等の措置を講ずべき無形の民俗文化財	京都府	六斎念仏	民俗芸能	風流	https://kunishitei.bunka.go.jp/heritage/detail/312/420
312	記録作成等の措置を講ずべき無形の民俗文化財	京都府	壬生狂言	民俗芸能	渡来芸・舞台芸	https://kunishitei.bunka.go.jp/heritage/detail/312/416
312	記録作成等の措置を講ずべき無形の民俗文化財	京都府	嵯峨大念仏狂言	民俗芸能	渡来芸・舞台芸	https://kunishitei.bunka.go.jp/heritage/detail/312/419
312	記録作成等の措置を講ずべき無形の民俗文化財	京都府	市原の盆踊	民俗芸能	風流	https://kunishitei.bunka.go.jp/heritage/detail/312/00000905
312	記録作成等の措置を講ずべき無形の民俗文化財	京都府	田原のカッコスリ	民俗芸能	風流	https://kunishitei.bunka.go.jp/heritage/detail/312/733
312	記録作成等の措置を講ずべき無形の民俗文化財	京都府	野中の田楽	民俗芸能	田楽	https://kunishitei.bunka.go.jp/heritage/detail/312/00000917
302	重要無形民俗文化財	大阪府	住吉の御田植	民俗芸能	田楽	https://kunishitei.bunka.go.jp/heritage/detail/302/103
302	重要無形民俗文化財	大阪府	聖霊会の舞楽	民俗芸能	渡来芸・舞台芸	https://kunishitei.bunka.go.jp/heritage/detail/302/102
312	記録作成等の措置を講ずべき無形の民俗文化財	大阪府	上神谷のこおどり	民俗芸能	風流	https://kunishitei.bunka.go.jp/heritage/detail/312/425
312	記録作成等の措置を講ずべき無形の民俗文化財	大阪府	住吉の御田植神事の芸能	民俗芸能	田楽	https://kunishitei.bunka.go.jp/heritage/detail/312/424
312	記録作成等の措置を講ずべき無形の民俗文化財	大阪府	四天王寺聖霊会の舞楽	民俗芸能	渡来芸・舞台芸	https://kunishitei.bunka.go.jp/heritage/detail/312/426
312	記録作成等の措置を講ずべき無形の民俗文化財	大阪府	杭全神社の御田植	民俗芸能	田楽	https://kunishitei.bunka.go.jp/heritage/detail/312/00000906
312	記録作成等の措置を講ずべき無形の民俗文化財	大阪府	能勢の浄瑠璃	民俗芸能	渡来芸・舞台芸	https://kunishitei.bunka.go.jp/heritage/detail/312/711
302	重要無形民俗文化財	兵庫県	上鴨川住吉神社神事舞	民俗芸能	その他	https://kunishitei.bunka.go.jp/heritage/detail/302/105
302	重要無形民俗文化財	兵庫県	但馬久谷の菖蒲綱引き	風俗慣習	娯楽・競技	https://kunishitei.bunka.go.jp/heritage/detail/302/106
302	重要無形民俗文化財	兵庫県	坂越の船祭	風俗慣習	祭礼（信仰）	https://kunishitei.bunka.go.jp/heritage/detail/302/00000884
302	重要無形民俗文化財	兵庫県	東光寺の鬼会	風俗慣習	年中行事	https://kunishitei.bunka.go.jp/heritage/detail/302/00000813
302	重要無形民俗文化財	兵庫県	淡路人形浄瑠璃	民俗芸能	渡来芸・舞台芸	https://kunishitei.bunka.go.jp/heritage/detail/302/104
302	重要無形民俗文化財	兵庫県	車大歳神社の翁舞	民俗芸能	渡来芸・舞台芸	https://kunishitei.bunka.go.jp/heritage/detail/302/729
302	重要無形民俗文化財	兵庫県	阿万の風流大踊小踊	民俗芸能	風流	https://kunishitei.bunka.go.jp/heritage/detail/302/00000900
312	記録作成等の措置を講ずべき無形の民俗文化財	兵庫県	上鴨川住吉神社の神事舞	民俗芸能	その他	https://kunishitei.bunka.go.jp/heritage/detail/312/429
312	記録作成等の措置を講ずべき無形の民俗文化財	兵庫県	但馬の麒麟獅子舞	民俗芸能	風流	https://kunishitei.bunka.go.jp/heritage/detail/312/00000908
312	記録作成等の措置を講ずべき無形の民俗文化財	兵庫県	兵庫県の酒造習俗	風俗慣習	生産・生業	https://kunishitei.bunka.go.jp/heritage/detail/312/428
312	記録作成等の措置を講ずべき無形の民俗文化財	兵庫県	坂越の船祭り	風俗慣習	祭礼（信仰）	https://kunishitei.bunka.go.jp/heritage/detail/312/435
312	記録作成等の措置を講ずべき無形の民俗文化財	兵庫県	大杉のざんざこ踊	民俗芸能	風流	https://kunishitei.bunka.go.jp/heritage/detail/312/432
312	記録作成等の措置を講ずべき無形の民俗文化財	兵庫県	川上の地蔵盆行事	風俗慣習	祭礼（信仰）	https://kunishitei.bunka.go.jp/heritage/detail/312/00001050
312	記録作成等の措置を講ずべき無形の民俗文化財	兵庫県	播磨総社一ツ山・三ツ山神事	風俗慣習	祭礼（信仰）	https://kunishitei.bunka.go.jp/heritage/detail/312/427
312	記録作成等の措置を講ずべき無形の民俗文化財	兵庫県	波々伯部神社のおやま行事	風俗慣習	祭礼（信仰）	https://kunishitei.bunka.go.jp/heritage/detail/312/00000805
312	記録作成等の措置を講ずべき無形の民俗文化財	兵庫県	淡路人形浄瑠璃	民俗芸能	渡来芸・舞台芸	https://kunishitei.bunka.go.jp/heritage/detail/312/430
312	記録作成等の措置を講ずべき無形の民俗文化財	兵庫県	灘の酒樽製作技術	民俗技術	生産・生業	https://kunishitei.bunka.go.jp/heritage/detail/312/00000963
312	記録作成等の措置を講ずべき無形の民俗文化財	兵庫県	車大歳神社の翁舞	民俗芸能	渡来芸・舞台芸	https://kunishitei.bunka.go.jp/heritage/detail/312/434
312	記録作成等の措置を講ずべき無形の民俗文化財	兵庫県	阿万の風流大踊小踊	民俗芸能	風流	https://kunishitei.bunka.go.jp/heritage/detail/312/431
312	記録作成等の措置を講ずべき無形の民俗文化財	兵庫県	青垣の翁三番叟	民俗芸能	渡来芸・舞台芸	https://kunishitei.bunka.go.jp/heritage/detail/312/433
312	記録作成等の措置を講ずべき無形の民俗文化財	兵庫県	養父のネッテイ相撲	風俗慣習	祭礼（信仰）	https://kunishitei.bunka.go.jp/heritage/detail/312/756
302	重要無形民俗文化財	奈良県	十津川の大踊	民俗芸能	風流	https://kunishitei.bunka.go.jp/heritage/detail/302/109
302	重要無形民俗文化財	奈良県	吉野の樽丸製作技術	民俗技術	生産・生業	https://kunishitei.bunka.go.jp/heritage/detail/302/00000844
302	重要無形民俗文化財	奈良県	奈良豆比古神社の翁舞	民俗芸能	渡来芸・舞台芸	https://kunishitei.bunka.go.jp/heritage/detail/302/730
302	重要無形民俗文化財	奈良県	春日若宮おん祭の神事芸能	民俗芸能	その他	https://kunishitei.bunka.go.jp/heritage/detail/302/108
302	重要無形民俗文化財	奈良県	江包・大西の御綱	風俗慣習	年中行事	https://kunishitei.bunka.go.jp/heritage/detail/302/00000883
302	重要無形民俗文化財	奈良県	當麻寺練供養	民俗芸能	渡来芸・舞台芸	https://kunishitei.bunka.go.jp/heritage/detail/302/00001060
302	重要無形民俗文化財	奈良県	陀々堂の鬼はしり	風俗慣習	年中行事	https://kunishitei.bunka.go.jp/heritage/detail/302/679
302	重要無形民俗文化財	奈良県	題目立	民俗芸能	語り物・祝福芸	https://kunishitei.bunka.go.jp/heritage/detail/302/107
312	記録作成等の措置を講ずべき無形の民俗文化財	奈良県	十津川の大踊	民俗芸能	風流	https://kunishitei.bunka.go.jp/heritage/detail/312/439
312	記録作成等の措置を講ずべき無形の民俗文化財	奈良県	吉野大塔の坪杓子製作技術	民俗技術	生産・生業	https://kunishitei.bunka.go.jp/heritage/detail/312/00000886
312	記録作成等の措置を講ずべき無形の民俗文化財	奈良県	大和の野神行事	風俗慣習	祭礼（信仰）	https://kunishitei.bunka.go.jp/heritage/detail/312/444
312	記録作成等の措置を講ずべき無形の民俗文化財	奈良県	奈良豆比古神社の翁舞	民俗芸能	渡来芸・舞台芸	https://kunishitei.bunka.go.jp/heritage/detail/312/438
312	記録作成等の措置を講ずべき無形の民俗文化財	奈良県	当麻寺二十五菩薩来迎会	民俗芸能	渡来芸・舞台芸	https://kunishitei.bunka.go.jp/heritage/detail/312/441
312	記録作成等の措置を講ずべき無形の民俗文化財	奈良県	春日若宮おん祭の芸能	民俗芸能	その他	https://kunishitei.bunka.go.jp/heritage/detail/312/440
312	記録作成等の措置を講ずべき無形の民俗文化財	奈良県	東坊城のホーランヤ	風俗慣習	年中行事	https://kunishitei.bunka.go.jp/heritage/detail/312/00000999
312	記録作成等の措置を講ずべき無形の民俗文化財	奈良県	篠原踊	民俗芸能	風流	https://kunishitei.bunka.go.jp/heritage/detail/312/437
312	記録作成等の措置を講ずべき無形の民俗文化財	奈良県	茅原のとんど	風俗慣習	年中行事	https://kunishitei.bunka.go.jp/heritage/detail/312/442
312	記録作成等の措置を講ずべき無形の民俗文化財	奈良県	阪本踊	民俗芸能	風流	https://kunishitei.bunka.go.jp/heritage/detail/312/443
312	記録作成等の措置を講ずべき無形の民俗文化財	奈良県	題目立	民俗芸能	語り物・祝福芸	https://kunishitei.bunka.go.jp/heritage/detail/312/436
322	登録無形民俗文化財	奈良県	吉野葛の製造技術	民俗技術	生産・生業	https://kunishitei.bunka.go.jp/heritage/detail/322/00001084
302	重要無形民俗文化財	和歌山県	新宮の速玉祭・御燈祭り	風俗慣習	祭礼（信仰）	https://kunishitei.bunka.go.jp/heritage/detail/302/00000934
302	重要無形民俗文化財	和歌山県	杉野原の御田舞	民俗芸能	田楽	https://kunishitei.bunka.go.jp/heritage/detail/302/112
302	重要無形民俗文化財	和歌山県	河内祭の御舟行事	風俗慣習	祭礼（信仰）	https://kunishitei.bunka.go.jp/heritage/detail/302/717
302	重要無形民俗文化財	和歌山県	粟生のおも講と堂徒式	風俗慣習	社会生活（民俗知識）	https://kunishitei.bunka.go.jp/heritage/detail/302/00000799
302	重要無形民俗文化財	和歌山県	花園の御田舞	民俗芸能	田楽	https://kunishitei.bunka.go.jp/heritage/detail/302/111
302	重要無形民俗文化財	和歌山県	那智の扇祭り	風俗慣習	祭礼（信仰）	https://kunishitei.bunka.go.jp/heritage/detail/302/00000923
302	重要無形民俗文化財	和歌山県	那智の田楽	民俗芸能	田楽	https://kunishitei.bunka.go.jp/heritage/detail/302/110
312	記録作成等の措置を講ずべき無形の民俗文化財	和歌山県	古座の御舟祭	風俗慣習	祭礼（信仰）	https://kunishitei.bunka.go.jp/heritage/detail/312/450
312	記録作成等の措置を講ずべき無形の民俗文化財	和歌山県	名喜里祇園祭の夜見世	風俗慣習	祭礼（信仰）	https://kunishitei.bunka.go.jp/heritage/detail/312/774
312	記録作成等の措置を講ずべき無形の民俗文化財	和歌山県	大瀬の太鼓踊	民俗芸能	風流	https://kunishitei.bunka.go.jp/heritage/detail/312/451
312	記録作成等の措置を講ずべき無形の民俗文化財	和歌山県	広八幡の田楽	民俗芸能	田楽	https://kunishitei.bunka.go.jp/heritage/detail/312/447
312	記録作成等の措置を講ずべき無形の民俗文化財	和歌山県	戯瓢踊	民俗芸能	風流	https://kunishitei.bunka.go.jp/heritage/detail/312/448
312	記録作成等の措置を講ずべき無形の民俗文化財	和歌山県	杉野原の御田舞	民俗芸能	田楽	https://kunishitei.bunka.go.jp/heritage/detail/312/452
312	記録作成等の措置を講ずべき無形の民俗文化財	和歌山県	花園の仏の舞	民俗芸能	渡来芸・舞台芸	https://kunishitei.bunka.go.jp/heritage/detail/312/449
312	記録作成等の措置を講ずべき無形の民俗文化財	和歌山県	花園の御田舞	民俗芸能	田楽	https://kunishitei.bunka.go.jp/heritage/detail/312/446
312	記録作成等の措置を講ずべき無形の民俗文化財	和歌山県	那智の田楽	民俗芸能	田楽	https://kunishitei.bunka.go.jp/heritage/detail/312/445
302	重要無形民俗文化財	鳥取県	三朝のジンショ	風俗慣習	娯楽・競技	https://kunishitei.bunka.go.jp/heritage/detail/302/00000856
302	重要無形民俗文化財	鳥取県	因幡の菖蒲綱引き	風俗慣習	娯楽・競技	https://kunishitei.bunka.go.jp/heritage/detail/302/113
302	重要無形民俗文化財	鳥取県	因幡・但馬の麒麟獅子舞	民俗芸能	その他	https://kunishitei.bunka.go.jp/heritage/detail/302/00000989
302	重要無形民俗文化財	鳥取県	酒津のトンドウ	風俗慣習	年中行事	https://kunishitei.bunka.go.jp/heritage/detail/302/00000824
312	記録作成等の措置を講ずべき無形の民俗文化財	鳥取県	三朝のジンショ	風俗慣習	娯楽・競技	https://kunishitei.bunka.go.jp/heritage/detail/312/721
312	記録作成等の措置を講ずべき無形の民俗文化財	鳥取県	上淀の八朔綱引き	風俗慣習	娯楽・競技	https://kunishitei.bunka.go.jp/heritage/detail/312/00000847
312	記録作成等の措置を講ずべき無形の民俗文化財	鳥取県	円通寺人形芝居	民俗芸能	渡来芸・舞台芸	https://kunishitei.bunka.go.jp/heritage/detail/312/456
312	記録作成等の措置を講ずべき無形の民俗文化財	鳥取県	因幡の麒麟獅子舞	民俗芸能	風流	https://kunishitei.bunka.go.jp/heritage/detail/312/00000909
312	記録作成等の措置を講ずべき無形の民俗文化財	鳥取県	因幡宝木のしょうぶ綱	風俗慣習	娯楽・競技	https://kunishitei.bunka.go.jp/heritage/detail/312/455
312	記録作成等の措置を講ずべき無形の民俗文化財	鳥取県	大和佐美命神社の獅子舞	民俗芸能	神楽	https://kunishitei.bunka.go.jp/heritage/detail/312/453
312	記録作成等の措置を講ずべき無形の民俗文化財	鳥取県	用瀬の流しびな	風俗慣習	年中行事	https://kunishitei.bunka.go.jp/heritage/detail/312/00001002
312	記録作成等の措置を講ずべき無形の民俗文化財	鳥取県	越路の雨乞踊	民俗芸能	風流	https://kunishitei.bunka.go.jp/heritage/detail/312/454
302	重要無形民俗文化財	島根県	五十猛のグロ	風俗慣習	年中行事	https://kunishitei.bunka.go.jp/heritage/detail/302/00000800
302	重要無形民俗文化財	島根県	佐陀神能	民俗芸能	神楽	https://kunishitei.bunka.go.jp/heritage/detail/302/114
302	重要無形民俗文化財	島根県	大元神楽	民俗芸能	神楽	https://kunishitei.bunka.go.jp/heritage/detail/302/116
302	重要無形民俗文化財	島根県	大土地神楽	民俗芸能	神楽	https://kunishitei.bunka.go.jp/heritage/detail/302/00000781
302	重要無形民俗文化財	島根県	津和野弥栄神社の鷺舞	民俗芸能	風流	https://kunishitei.bunka.go.jp/heritage/detail/302/118
302	重要無形民俗文化財	島根県	隠岐の田楽と庭の舞	民俗芸能	田楽	https://kunishitei.bunka.go.jp/heritage/detail/302/117
302	重要無形民俗文化財	島根県	隠岐国分寺蓮華会舞	民俗芸能	延年・おこない	https://kunishitei.bunka.go.jp/heritage/detail/302/115
312	記録作成等の措置を講ずべき無形の民俗文化財	島根県	ともどの製作工程	風俗慣習	生産・生業	https://kunishitei.bunka.go.jp/heritage/detail/312/457
312	記録作成等の措置を講ずべき無形の民俗文化財	島根県	佐陀神能	民俗芸能	神楽	https://kunishitei.bunka.go.jp/heritage/detail/312/459
312	記録作成等の措置を講ずべき無形の民俗文化財	島根県	出雲の火鑚習俗	風俗慣習	祭礼（信仰）	https://kunishitei.bunka.go.jp/heritage/detail/312/465
312	記録作成等の措置を講ずべき無形の民俗文化財	島根県	出雲の藤布紡織習俗	風俗慣習	生産・生業	https://kunishitei.bunka.go.jp/heritage/detail/312/458
312	記録作成等の措置を講ずべき無形の民俗文化財	島根県	国分寺蓮華会舞	民俗芸能	延年・おこない	https://kunishitei.bunka.go.jp/heritage/detail/312/460
312	記録作成等の措置を講ずべき無形の民俗文化財	島根県	大元舞	民俗芸能	神楽	https://kunishitei.bunka.go.jp/heritage/detail/312/464
312	記録作成等の措置を講ずべき無形の民俗文化財	島根県	山中のお改めとシシ狩り行事	風俗慣習	年中行事	https://kunishitei.bunka.go.jp/heritage/detail/312/00001000
312	記録作成等の措置を講ずべき無形の民俗文化財	島根県	島後久見神楽	民俗芸能	神楽	https://kunishitei.bunka.go.jp/heritage/detail/312/468
312	記録作成等の措置を講ずべき無形の民俗文化財	島根県	布施の山祭り	風俗慣習	祭礼（信仰）	https://kunishitei.bunka.go.jp/heritage/detail/312/471
312	記録作成等の措置を講ずべき無形の民俗文化財	島根県	弥栄神社の鷺舞	民俗芸能	風流	https://kunishitei.bunka.go.jp/heritage/detail/312/463
312	記録作成等の措置を講ずべき無形の民俗文化財	島根県	日吉神社の庭の舞	民俗芸能	田楽	https://kunishitei.bunka.go.jp/heritage/detail/312/467
312	記録作成等の措置を講ずべき無形の民俗文化財	島根県	松江のホーランエンヤ	風俗慣習	祭礼（信仰）	https://kunishitei.bunka.go.jp/heritage/detail/312/00001003
312	記録作成等の措置を講ずべき無形の民俗文化財	島根県	槻の屋神楽	民俗芸能	神楽	https://kunishitei.bunka.go.jp/heritage/detail/312/470
312	記録作成等の措置を講ずべき無形の民俗文化財	島根県	益田の糸あやつり人形	民俗芸能	渡来芸・舞台芸	https://kunishitei.bunka.go.jp/heritage/detail/312/461
312	記録作成等の措置を講ずべき無形の民俗文化財	島根県	美田八幡宮の田楽	民俗芸能	田楽	https://kunishitei.bunka.go.jp/heritage/detail/312/466
312	記録作成等の措置を講ずべき無形の民俗文化財	島根県	蒼柴垣神事	風俗慣習	祭礼（信仰）	https://kunishitei.bunka.go.jp/heritage/detail/312/462
312	記録作成等の措置を講ずべき無形の民俗文化財	島根県	西田のヨズクハデ製作技術	民俗技術	生産・生業	https://kunishitei.bunka.go.jp/heritage/detail/312/00000862
312	記録作成等の措置を講ずべき無形の民俗文化財	島根県	隠岐の牛突きの習俗	風俗慣習	娯楽・競技	https://kunishitei.bunka.go.jp/heritage/detail/312/469
312	記録作成等の措置を講ずべき無形の民俗文化財	島根県	隠岐西ノ島のシャーラブネ	風俗慣習	年中行事	https://kunishitei.bunka.go.jp/heritage/detail/312/775
302	重要無形民俗文化財	岡山県	備中神楽	民俗芸能	神楽	https://kunishitei.bunka.go.jp/heritage/detail/302/120
302	重要無形民俗文化財	岡山県	大宮踊	民俗芸能	風流	https://kunishitei.bunka.go.jp/heritage/detail/302/639
302	重要無形民俗文化財	岡山県	白石踊	民俗芸能	風流	https://kunishitei.bunka.go.jp/heritage/detail/302/119
302	重要無形民俗文化財	岡山県	西大寺の会陽	風俗慣習	祭礼（信仰）	https://kunishitei.bunka.go.jp/heritage/detail/302/00000935
312	記録作成等の措置を講ずべき無形の民俗文化財	岡山県	ヒッタカ	風俗慣習	娯楽・競技	https://kunishitei.bunka.go.jp/heritage/detail/312/476
312	記録作成等の措置を講ずべき無形の民俗文化財	岡山県	備中の辻堂の習俗	風俗慣習	祭礼（信仰）	https://kunishitei.bunka.go.jp/heritage/detail/312/479
312	記録作成等の措置を講ずべき無形の民俗文化財	岡山県	備中神楽	民俗芸能	神楽	https://kunishitei.bunka.go.jp/heritage/detail/312/472
312	記録作成等の措置を講ずべき無形の民俗文化財	岡山県	千屋代城のとうや行事	風俗慣習	祭礼（信仰）	https://kunishitei.bunka.go.jp/heritage/detail/312/480
312	記録作成等の措置を講ずべき無形の民俗文化財	岡山県	吉備津彦神社の御田植祭	民俗芸能	田楽	https://kunishitei.bunka.go.jp/heritage/detail/312/478
312	記録作成等の措置を講ずべき無形の民俗文化財	岡山県	唐子踊と太刀踊	民俗芸能	風流	https://kunishitei.bunka.go.jp/heritage/detail/312/475
312	記録作成等の措置を講ずべき無形の民俗文化財	岡山県	大宮踊	民俗芸能	風流	https://kunishitei.bunka.go.jp/heritage/detail/312/474
312	記録作成等の措置を講ずべき無形の民俗文化財	岡山県	岡山県の会陽の習俗	風俗慣習	年中行事	https://kunishitei.bunka.go.jp/heritage/detail/312/757
312	記録作成等の措置を講ずべき無形の民俗文化財	岡山県	布施神社のお田植祭	風俗慣習	生産・生業	https://kunishitei.bunka.go.jp/heritage/detail/312/477
312	記録作成等の措置を講ずべき無形の民俗文化財	岡山県	弘法寺踟供養	民俗芸能	渡来芸・舞台芸	https://kunishitei.bunka.go.jp/heritage/detail/312/00000940
312	記録作成等の措置を講ずべき無形の民俗文化財	岡山県	白石踊	民俗芸能	風流	https://kunishitei.bunka.go.jp/heritage/detail/312/473
312	記録作成等の措置を講ずべき無形の民俗文化財	岡山県	美作の護法祭	民俗芸能	その他	https://kunishitei.bunka.go.jp/heritage/detail/312/481
302	重要無形民俗文化財	広島県	塩原の大山供養田植	民俗芸能	田楽	https://kunishitei.bunka.go.jp/heritage/detail/302/761
302	重要無形民俗文化財	広島県	壬生の花田植	風俗慣習	生産・生業	https://kunishitei.bunka.go.jp/heritage/detail/302/121
302	重要無形民俗文化財	広島県	安芸のはやし田	民俗芸能	田楽	https://kunishitei.bunka.go.jp/heritage/detail/302/640
302	重要無形民俗文化財	広島県	比婆荒神神楽	民俗芸能	神楽	https://kunishitei.bunka.go.jp/heritage/detail/302/122
312	記録作成等の措置を講ずべき無形の民俗文化財	広島県	はやし田	民俗芸能	田楽	https://kunishitei.bunka.go.jp/heritage/detail/312/482
312	記録作成等の措置を講ずべき無形の民俗文化財	広島県	久井稲生神社の御当	風俗慣習	祭礼（信仰）	https://kunishitei.bunka.go.jp/heritage/detail/312/489
312	記録作成等の措置を講ずべき無形の民俗文化財	広島県	大山供養田植	民俗芸能	田楽	https://kunishitei.bunka.go.jp/heritage/detail/312/486
312	記録作成等の措置を講ずべき無形の民俗文化財	広島県	安芸・備後の水車習俗	風俗慣習	生産・生業	https://kunishitei.bunka.go.jp/heritage/detail/312/491
312	記録作成等の措置を講ずべき無形の民俗文化財	広島県	安芸・備後の辻堂の習俗	風俗慣習	祭礼（信仰）	https://kunishitei.bunka.go.jp/heritage/detail/312/490
312	記録作成等の措置を講ずべき無形の民俗文化財	広島県	宮島のタノモサン	風俗慣習	年中行事	https://kunishitei.bunka.go.jp/heritage/detail/312/00000863
312	記録作成等の措置を講ずべき無形の民俗文化財	広島県	弓神楽	民俗芸能	神楽	https://kunishitei.bunka.go.jp/heritage/detail/312/487
312	記録作成等の措置を講ずべき無形の民俗文化財	広島県	新庄のはやし田	民俗芸能	田楽	https://kunishitei.bunka.go.jp/heritage/detail/312/485
312	記録作成等の措置を講ずべき無形の民俗文化財	広島県	本地の花笠踊	民俗芸能	風流	https://kunishitei.bunka.go.jp/heritage/detail/312/484
312	記録作成等の措置を講ずべき無形の民俗文化財	広島県	比婆の荒神神楽	民俗芸能	神楽	https://kunishitei.bunka.go.jp/heritage/detail/312/483
312	記録作成等の措置を講ずべき無形の民俗文化財	広島県	阿刀神楽	民俗芸能	神楽	https://kunishitei.bunka.go.jp/heritage/detail/312/488
302	重要無形民俗文化財	山口県	三作神楽	民俗芸能	神楽	https://kunishitei.bunka.go.jp/heritage/detail/302/731
302	重要無形民俗文化財	山口県	周防祖生の柱松行事	風俗慣習	年中行事	https://kunishitei.bunka.go.jp/heritage/detail/302/124
302	重要無形民俗文化財	山口県	地福のトイトイ	風俗慣習	年中行事	https://kunishitei.bunka.go.jp/heritage/detail/302/00000885
302	重要無形民俗文化財	山口県	岩国行波の神舞	民俗芸能	神楽	https://kunishitei.bunka.go.jp/heritage/detail/302/123
302	重要無形民俗文化財	山口県	阿月の神明祭	風俗慣習	年中行事	https://kunishitei.bunka.go.jp/heritage/detail/302/00000857
312	記録作成等の措置を講ずべき無形の民俗文化財	山口県	三作神楽	民俗芸能	神楽	https://kunishitei.bunka.go.jp/heritage/detail/312/499
312	記録作成等の措置を講ずべき無形の民俗文化財	山口県	八代の花笠踊	民俗芸能	風流	https://kunishitei.bunka.go.jp/heritage/detail/312/493
312	記録作成等の措置を講ずべき無形の民俗文化財	山口県	北浦地方のサバー送り	風俗慣習	年中行事	https://kunishitei.bunka.go.jp/heritage/detail/312/00001021
312	記録作成等の措置を講ずべき無形の民俗文化財	山口県	周防・長門の辻堂の習俗	風俗慣習	祭礼（信仰）	https://kunishitei.bunka.go.jp/heritage/detail/312/498
312	記録作成等の措置を講ずべき無形の民俗文化財	山口県	岩国南条踊	民俗芸能	風流	https://kunishitei.bunka.go.jp/heritage/detail/312/496
312	記録作成等の措置を講ずべき無形の民俗文化財	山口県	徳地人形浄瑠璃	民俗芸能	渡来芸・舞台芸	https://kunishitei.bunka.go.jp/heritage/detail/312/495
312	記録作成等の措置を講ずべき無形の民俗文化財	山口県	滝坂神楽	民俗芸能	神楽	https://kunishitei.bunka.go.jp/heritage/detail/312/00000910
312	記録作成等の措置を講ずべき無形の民俗文化財	山口県	玉祖神社の占手相撲	風俗慣習	娯楽・競技	https://kunishitei.bunka.go.jp/heritage/detail/312/690
312	記録作成等の措置を講ずべき無形の民俗文化財	山口県	蓋井島「山の神」神事	風俗慣習	祭礼（信仰）	https://kunishitei.bunka.go.jp/heritage/detail/312/492
312	記録作成等の措置を講ずべき無形の民俗文化財	山口県	行波の神舞	民俗芸能	神楽	https://kunishitei.bunka.go.jp/heritage/detail/312/497
312	記録作成等の措置を講ずべき無形の民俗文化財	山口県	赤崎神社奉納芸能	民俗芸能	その他	https://kunishitei.bunka.go.jp/heritage/detail/312/494
302	重要無形民俗文化財	徳島県	西祖谷の神代踊	民俗芸能	風流	https://kunishitei.bunka.go.jp/heritage/detail/302/125
302	重要無形民俗文化財	徳島県	阿波の太布製造技術	民俗技術	生産・生業	https://kunishitei.bunka.go.jp/heritage/detail/302/00000943
302	重要無形民俗文化財	徳島県	阿波人形浄瑠璃	民俗芸能	渡来芸・舞台芸	https://kunishitei.bunka.go.jp/heritage/detail/302/703
302	重要無形民俗文化財	徳島県	阿波晩茶の製造技術	民俗技術	生産・生業	https://kunishitei.bunka.go.jp/heritage/detail/302/00001005
312	記録作成等の措置を講ずべき無形の民俗文化財	徳島県	四国山地の発酵茶の製造技術	民俗技術	衣食住	https://kunishitei.bunka.go.jp/heritage/detail/312/00000956
312	記録作成等の措置を講ずべき無形の民俗文化財	徳島県	宍喰八坂神社の祇園祭	風俗慣習	祭礼（信仰）	https://kunishitei.bunka.go.jp/heritage/detail/312/723
312	記録作成等の措置を講ずべき無形の民俗文化財	徳島県	曽我氏神社神踊	民俗芸能	風流	https://kunishitei.bunka.go.jp/heritage/detail/312/503
312	記録作成等の措置を講ずべき無形の民俗文化財	徳島県	蔓橋の製作工程	風俗慣習	社会生活（民俗知識）	https://kunishitei.bunka.go.jp/heritage/detail/312/500
312	記録作成等の措置を講ずべき無形の民俗文化財	徳島県	西祖谷の神代踊	民俗芸能	風流	https://kunishitei.bunka.go.jp/heritage/detail/312/502
312	記録作成等の措置を講ずべき無形の民俗文化財	徳島県	阿波の人形芝居	民俗芸能	渡来芸・舞台芸	https://kunishitei.bunka.go.jp/heritage/detail/312/504
312	記録作成等の措置を講ずべき無形の民俗文化財	徳島県	阿波の太布紡織習俗	風俗慣習	生産・生業	https://kunishitei.bunka.go.jp/heritage/detail/312/501
312	記録作成等の措置を講ずべき無形の民俗文化財	徳島県	阿波の襖カラクリの習俗	風俗慣習	祭礼（信仰）	https://kunishitei.bunka.go.jp/heritage/detail/312/722
312	記録作成等の措置を講ずべき無形の民俗文化財	徳島県	阿波の辻堂の習俗	風俗慣習	祭礼（信仰）	https://kunishitei.bunka.go.jp/heritage/detail/312/505
302	重要無形民俗文化財	香川県	小豆島農村歌舞伎	民俗芸能	渡来芸・舞台芸	https://kunishitei.bunka.go.jp/heritage/detail/302/00001061
302	重要無形民俗文化財	香川県	滝宮の念仏踊	民俗芸能	風流	https://kunishitei.bunka.go.jp/heritage/detail/302/127
302	重要無形民俗文化財	香川県	生里のモモテ	風俗慣習	娯楽・競技	https://kunishitei.bunka.go.jp/heritage/detail/302/00000895
302	重要無形民俗文化財	香川県	綾子踊	民俗芸能	風流	https://kunishitei.bunka.go.jp/heritage/detail/302/126
312	記録作成等の措置を講ずべき無形の民俗文化財	香川県	与島・櫃石の盆踊	民俗芸能	風流	https://kunishitei.bunka.go.jp/heritage/detail/312/00000790
312	記録作成等の措置を講ずべき無形の民俗文化財	香川県	小豆島農村歌舞伎	民俗芸能	渡来芸・舞台芸	https://kunishitei.bunka.go.jp/heritage/detail/312/00000931
312	記録作成等の措置を講ずべき無形の民俗文化財	香川県	滝宮の念仏踊	民俗芸能	風流	https://kunishitei.bunka.go.jp/heritage/detail/312/507
312	記録作成等の措置を講ずべき無形の民俗文化財	香川県	白鳥の虎頭の舞	民俗芸能	風流	https://kunishitei.bunka.go.jp/heritage/detail/312/00000836
312	記録作成等の措置を講ずべき無形の民俗文化財	香川県	綾子踊	民俗芸能	風流	https://kunishitei.bunka.go.jp/heritage/detail/312/506
312	記録作成等の措置を講ずべき無形の民俗文化財	香川県	讃岐の茶堂の習俗	風俗慣習	祭礼（信仰）	https://kunishitei.bunka.go.jp/heritage/detail/312/508
312	記録作成等の措置を講ずべき無形の民俗文化財	香川県	讃岐の馬節供	風俗慣習	年中行事	https://kunishitei.bunka.go.jp/heritage/detail/312/691
322	登録無形民俗文化財	香川県	讃岐の醤油醸造技術	民俗技術	生産・生業	https://kunishitei.bunka.go.jp/heritage/detail/322/00001018
302	重要無形民俗文化財	愛媛県	伊予神楽	民俗芸能	神楽	https://kunishitei.bunka.go.jp/heritage/detail/302/128
302	重要無形民俗文化財	愛媛県	吉田祭のお練り行事	風俗慣習	祭礼（信仰）	https://kunishitei.bunka.go.jp/heritage/detail/302/00001046
302	重要無形民俗文化財	愛媛県	石鎚黒茶の製造技術	民俗技術	生産・生業	https://kunishitei.bunka.go.jp/heritage/detail/302/00001023
312	記録作成等の措置を講ずべき無形の民俗文化財	愛媛県	伊予の茶堂の習俗	風俗慣習	祭礼（信仰）	https://kunishitei.bunka.go.jp/heritage/detail/312/513
312	記録作成等の措置を講ずべき無形の民俗文化財	愛媛県	伊予神楽	民俗芸能	神楽	https://kunishitei.bunka.go.jp/heritage/detail/312/509
312	記録作成等の措置を講ずべき無形の民俗文化財	愛媛県	佐田岬半島の初盆行事	風俗慣習	年中行事	https://kunishitei.bunka.go.jp/heritage/detail/312/00000870
312	記録作成等の措置を講ずべき無形の民俗文化財	愛媛県	南予地方の牛の角突き習俗	風俗慣習	娯楽・競技	https://kunishitei.bunka.go.jp/heritage/detail/312/692
312	記録作成等の措置を講ずべき無形の民俗文化財	愛媛県	城川遊子谷の神仏講の習俗	風俗慣習	祭礼（信仰）	https://kunishitei.bunka.go.jp/heritage/detail/312/514
312	記録作成等の措置を講ずべき無形の民俗文化財	愛媛県	増田の花取踊	民俗芸能	風流	https://kunishitei.bunka.go.jp/heritage/detail/312/510
312	記録作成等の措置を講ずべき無形の民俗文化財	愛媛県	窪野の八つ鹿踊	民俗芸能	風流	https://kunishitei.bunka.go.jp/heritage/detail/312/511
312	記録作成等の措置を講ずべき無形の民俗文化財	愛媛県	興居島の船踊	民俗芸能	渡来芸・舞台芸	https://kunishitei.bunka.go.jp/heritage/detail/312/512
302	重要無形民俗文化財	高知県	久礼八幡宮の御神穀祭	風俗慣習	祭礼（信仰）	https://kunishitei.bunka.go.jp/heritage/detail/302/00001063
302	重要無形民俗文化財	高知県	吉良川の御田祭	民俗芸能	田楽	https://kunishitei.bunka.go.jp/heritage/detail/302/129
302	重要無形民俗文化財	高知県	土佐の神楽	民俗芸能	神楽	https://kunishitei.bunka.go.jp/heritage/detail/302/130
312	記録作成等の措置を講ずべき無形の民俗文化財	高知県	いざなぎ流御祈祷	民俗芸能	神楽	https://kunishitei.bunka.go.jp/heritage/detail/312/523
312	記録作成等の措置を講ずべき無形の民俗文化財	高知県	シットロト踊	民俗芸能	風流	https://kunishitei.bunka.go.jp/heritage/detail/312/519
312	記録作成等の措置を講ずべき無形の民俗文化財	高知県	久礼八幡宮の御神穀祭	風俗慣習	祭礼（信仰）	https://kunishitei.bunka.go.jp/heritage/detail/312/00000957
312	記録作成等の措置を講ずべき無形の民俗文化財	高知県	佐喜浜にわか	民俗芸能	その他	https://kunishitei.bunka.go.jp/heritage/detail/312/525
312	記録作成等の措置を講ずべき無形の民俗文化財	高知県	南国市後川流域のエンコウ祭	風俗慣習	祭礼（信仰）	https://kunishitei.bunka.go.jp/heritage/detail/312/00000880
312	記録作成等の措置を講ずべき無形の民俗文化財	高知県	吉良川の御田舞	民俗芸能	田楽	https://kunishitei.bunka.go.jp/heritage/detail/312/515
312	記録作成等の措置を講ずべき無形の民俗文化財	高知県	吉良川御田八幡宮神祭のお舟・花台行事	風俗慣習	祭礼（信仰）	https://kunishitei.bunka.go.jp/heritage/detail/312/00000897
312	記録作成等の措置を講ずべき無形の民俗文化財	高知県	土佐の焼畑習俗	風俗慣習	生産・生業	https://kunishitei.bunka.go.jp/heritage/detail/312/524
312	記録作成等の措置を講ずべき無形の民俗文化財	高知県	土佐の茶堂の習俗	風俗慣習	祭礼（信仰）	https://kunishitei.bunka.go.jp/heritage/detail/312/522
312	記録作成等の措置を講ずべき無形の民俗文化財	高知県	手結のつんつく踊	民俗芸能	風流	https://kunishitei.bunka.go.jp/heritage/detail/312/520
312	記録作成等の措置を講ずべき無形の民俗文化財	高知県	本川神楽	民俗芸能	神楽	https://kunishitei.bunka.go.jp/heritage/detail/312/518
312	記録作成等の措置を講ずべき無形の民俗文化財	高知県	池川神楽	民俗芸能	神楽	https://kunishitei.bunka.go.jp/heritage/detail/312/517
312	記録作成等の措置を講ずべき無形の民俗文化財	高知県	津野山神楽	民俗芸能	神楽	https://kunishitei.bunka.go.jp/heritage/detail/312/521
312	記録作成等の措置を講ずべき無形の民俗文化財	高知県	烏喰の行事	風俗慣習	社会生活（民俗知識）	https://kunishitei.bunka.go.jp/heritage/detail/312/00000848
312	記録作成等の措置を講ずべき無形の民俗文化財	高知県	秋葉祭の芸能	民俗芸能	風流	https://kunishitei.bunka.go.jp/heritage/detail/312/516
312	記録作成等の措置を講ずべき無形の民俗文化財	高知県	義長神社の大祭	風俗慣習	祭礼（信仰）	https://kunishitei.bunka.go.jp/heritage/detail/312/00000849
312	記録作成等の措置を講ずべき無形の民俗文化財	高知県	葉山の花取踊	民俗芸能	風流	https://kunishitei.bunka.go.jp/heritage/detail/312/00001073
312	記録作成等の措置を講ずべき無形の民俗文化財	高知県	野見のシオバカリ	風俗慣習	年中行事	https://kunishitei.bunka.go.jp/heritage/detail/312/758
322	登録無形民俗文化財	高知県	土佐節の製造技術	民俗技術	生産・生業	https://kunishitei.bunka.go.jp/heritage/detail/322/00001019
302	重要無形民俗文化財	福岡県	八女福島の燈篭人形	民俗芸能	渡来芸・舞台芸	https://kunishitei.bunka.go.jp/heritage/detail/302/132
302	重要無形民俗文化財	福岡県	八幡古表神社の傀儡子の舞と相撲	民俗芸能	渡来芸・舞台芸	https://kunishitei.bunka.go.jp/heritage/detail/302/134
302	重要無形民俗文化財	福岡県	博多松囃子	民俗芸能	語り物・祝福芸	https://kunishitei.bunka.go.jp/heritage/detail/302/00000990
302	重要無形民俗文化財	福岡県	博多祇園山笠行事	風俗慣習	祭礼（信仰）	https://kunishitei.bunka.go.jp/heritage/detail/302/133
302	重要無形民俗文化財	福岡県	大善寺玉垂宮の鬼夜	風俗慣習	年中行事	https://kunishitei.bunka.go.jp/heritage/detail/302/136
302	重要無形民俗文化財	福岡県	小倉祇園祭の小倉祇園太鼓	民俗芸能	その他	https://kunishitei.bunka.go.jp/heritage/detail/302/00000975
302	重要無形民俗文化財	福岡県	幸若舞	民俗芸能	語り物・祝福芸	https://kunishitei.bunka.go.jp/heritage/detail/302/131
302	重要無形民俗文化財	福岡県	感応楽	民俗芸能	風流	https://kunishitei.bunka.go.jp/heritage/detail/302/00000991
302	重要無形民俗文化財	福岡県	戸畑祇園大山笠行事	風俗慣習	祭礼（信仰）	https://kunishitei.bunka.go.jp/heritage/detail/302/135
302	重要無形民俗文化財	福岡県	春日の婿押し	風俗慣習	人生・儀礼	https://kunishitei.bunka.go.jp/heritage/detail/302/681
302	重要無形民俗文化財	福岡県	等覚寺の松会	風俗慣習	祭礼（信仰）	https://kunishitei.bunka.go.jp/heritage/detail/302/663
302	重要無形民俗文化財	福岡県	豊前神楽	民俗芸能	神楽	https://kunishitei.bunka.go.jp/heritage/detail/302/00000969
312	記録作成等の措置を講ずべき無形の民俗文化財	福岡県	はんや舞	民俗芸能	風流	https://kunishitei.bunka.go.jp/heritage/detail/312/534
312	記録作成等の措置を講ずべき無形の民俗文化財	福岡県	八女の灯籠人形	民俗芸能	渡来芸・舞台芸	https://kunishitei.bunka.go.jp/heritage/detail/312/528
312	記録作成等の措置を講ずべき無形の民俗文化財	福岡県	北部九州の盆綱	風俗慣習	年中行事	https://kunishitei.bunka.go.jp/heritage/detail/312/00000964
312	記録作成等の措置を講ずべき無形の民俗文化財	福岡県	博多山笠行事	風俗慣習	祭礼（信仰）	https://kunishitei.bunka.go.jp/heritage/detail/312/526
312	記録作成等の措置を講ずべき無形の民俗文化財	福岡県	博多松ばやし	民俗芸能	風流	https://kunishitei.bunka.go.jp/heritage/detail/312/533
312	記録作成等の措置を講ずべき無形の民俗文化財	福岡県	博多鋏の製作技術	民俗技術	生産・生業	https://kunishitei.bunka.go.jp/heritage/detail/312/00000948
312	記録作成等の措置を講ずべき無形の民俗文化財	福岡県	小倉祇園太鼓	民俗芸能	その他	https://kunishitei.bunka.go.jp/heritage/detail/312/00000992
312	記録作成等の措置を講ずべき無形の民俗文化財	福岡県	幸若舞	民俗芸能	語り物・祝福芸	https://kunishitei.bunka.go.jp/heritage/detail/312/527
312	記録作成等の措置を講ずべき無形の民俗文化財	福岡県	志賀海神社神幸祭の芸能	民俗芸能	その他	https://kunishitei.bunka.go.jp/heritage/detail/312/530
312	記録作成等の措置を講ずべき無形の民俗文化財	福岡県	感応楽	民俗芸能	風流	https://kunishitei.bunka.go.jp/heritage/detail/312/529
312	記録作成等の措置を講ずべき無形の民俗文化財	福岡県	春日の婿押し	風俗慣習	人生・儀礼	https://kunishitei.bunka.go.jp/heritage/detail/312/537
312	記録作成等の措置を講ずべき無形の民俗文化財	福岡県	等覚寺の松会	風俗慣習	年中行事	https://kunishitei.bunka.go.jp/heritage/detail/312/532
312	記録作成等の措置を講ずべき無形の民俗文化財	福岡県	筑前・筑後の水車習俗	風俗慣習	生産・生業	https://kunishitei.bunka.go.jp/heritage/detail/312/536
312	記録作成等の措置を講ずべき無形の民俗文化財	福岡県	筑前朝倉の宮座行事	風俗慣習	祭礼（信仰）	https://kunishitei.bunka.go.jp/heritage/detail/312/535
312	記録作成等の措置を講ずべき無形の民俗文化財	福岡県	細男舞・神相撲	民俗芸能	渡来芸・舞台芸	https://kunishitei.bunka.go.jp/heritage/detail/312/531
312	記録作成等の措置を講ずべき無形の民俗文化財	福岡県	芦屋の八朔行事	風俗慣習	年中行事	https://kunishitei.bunka.go.jp/heritage/detail/312/00000828
312	記録作成等の措置を講ずべき無形の民俗文化財	福岡県	黒崎祇󠄀園山笠行事	風俗慣習	祭礼（信仰）	https://kunishitei.bunka.go.jp/heritage/detail/312/00001051
302	重要無形民俗文化財	佐賀県	呼子の大綱引き	風俗慣習	娯楽・競技	https://kunishitei.bunka.go.jp/heritage/detail/302/00000889
302	重要無形民俗文化財	佐賀県	唐津くんちの曳山行事	風俗慣習	祭礼（信仰）	https://kunishitei.bunka.go.jp/heritage/detail/302/138
302	重要無形民俗文化財	佐賀県	武雄の荒踊	民俗芸能	風流	https://kunishitei.bunka.go.jp/heritage/detail/302/137
302	重要無形民俗文化財	佐賀県	白鬚神社の田楽	民俗芸能	田楽	https://kunishitei.bunka.go.jp/heritage/detail/302/732
302	重要無形民俗文化財	佐賀県	竹崎観世音寺修正会鬼祭	民俗芸能	その他	https://kunishitei.bunka.go.jp/heritage/detail/302/139
302	重要無形民俗文化財	佐賀県	見島のカセドリ	風俗慣習	年中行事	https://kunishitei.bunka.go.jp/heritage/detail/302/760
312	記録作成等の措置を講ずべき無形の民俗文化財	佐賀県	呼子の大綱引き	風俗慣習	娯楽・競技	https://kunishitei.bunka.go.jp/heritage/detail/312/759
312	記録作成等の措置を講ずべき無形の民俗文化財	佐賀県	四阿屋神社の御田舞	民俗芸能	田楽	https://kunishitei.bunka.go.jp/heritage/detail/312/543
312	記録作成等の措置を講ずべき無形の民俗文化財	佐賀県	大白木の亥の子さま	風俗慣習	年中行事	https://kunishitei.bunka.go.jp/heritage/detail/312/00001022
312	記録作成等の措置を講ずべき無形の民俗文化財	佐賀県	川原狂言	民俗芸能	渡来芸・舞台芸	https://kunishitei.bunka.go.jp/heritage/detail/312/542
312	記録作成等の措置を講ずべき無形の民俗文化財	佐賀県	府招の浮立	民俗芸能	風流	https://kunishitei.bunka.go.jp/heritage/detail/312/546
312	記録作成等の措置を講ずべき無形の民俗文化財	佐賀県	有明海漁撈習俗	風俗慣習	生産・生業	https://kunishitei.bunka.go.jp/heritage/detail/312/538
312	記録作成等の措置を講ずべき無形の民俗文化財	佐賀県	田代の売薬習俗	風俗慣習	生産・生業	https://kunishitei.bunka.go.jp/heritage/detail/312/693
312	記録作成等の措置を講ずべき無形の民俗文化財	佐賀県	白鬚神社の田楽	民俗芸能	田楽	https://kunishitei.bunka.go.jp/heritage/detail/312/539
312	記録作成等の措置を講ずべき無形の民俗文化財	佐賀県	神原八幡宮の取り追う祭	風俗慣習	祭礼（信仰）	https://kunishitei.bunka.go.jp/heritage/detail/312/00000864
312	記録作成等の措置を講ずべき無形の民俗文化財	佐賀県	竹崎観世音寺修正会鬼祭	民俗芸能	その他	https://kunishitei.bunka.go.jp/heritage/detail/312/545
312	記録作成等の措置を講ずべき無形の民俗文化財	佐賀県	綾部八幡神社の旗上げ・旗下ろし行事	風俗慣習	年中行事	https://kunishitei.bunka.go.jp/heritage/detail/312/00001041
312	記録作成等の措置を講ずべき無形の民俗文化財	佐賀県	音成の面浮立	民俗芸能	風流	https://kunishitei.bunka.go.jp/heritage/detail/312/544
312	記録作成等の措置を講ずべき無形の民俗文化財	佐賀県	高志の狂言	民俗芸能	渡来芸・舞台芸	https://kunishitei.bunka.go.jp/heritage/detail/312/541
312	記録作成等の措置を講ずべき無形の民俗文化財	佐賀県	高瀬の荒踊	民俗芸能	風流	https://kunishitei.bunka.go.jp/heritage/detail/312/540
302	重要無形民俗文化財	長崎県	下崎山のヘトマト行事	風俗慣習	年中行事	https://kunishitei.bunka.go.jp/heritage/detail/302/141
302	重要無形民俗文化財	長崎県	五島神楽	民俗芸能	神楽	https://kunishitei.bunka.go.jp/heritage/detail/302/00000970
302	重要無形民俗文化財	長崎県	壱岐神楽	民俗芸能	神楽	https://kunishitei.bunka.go.jp/heritage/detail/302/142
302	重要無形民俗文化財	長崎県	大村の郡三踊（寿古踊・沖田踊・黒丸踊）	民俗芸能	風流	https://kunishitei.bunka.go.jp/heritage/detail/302/00000904
302	重要無形民俗文化財	長崎県	対馬の盆踊	民俗芸能	風流	https://kunishitei.bunka.go.jp/heritage/detail/302/00001008
302	重要無形民俗文化財	長崎県	平戸のジャンガラ	民俗芸能	風流	https://kunishitei.bunka.go.jp/heritage/detail/302/641
302	重要無形民俗文化財	長崎県	平戸神楽	民俗芸能	神楽	https://kunishitei.bunka.go.jp/heritage/detail/302/143
302	重要無形民俗文化財	長崎県	長崎くんちの奉納踊	民俗芸能	その他	https://kunishitei.bunka.go.jp/heritage/detail/302/140
312	記録作成等の措置を講ずべき無形の民俗文化財	長崎県	オーモンデー	民俗芸能	風流	https://kunishitei.bunka.go.jp/heritage/detail/312/550
312	記録作成等の措置を講ずべき無形の民俗文化財	長崎県	下五島大宝郷の砂打ち	風俗慣習	祭礼（信仰）	https://kunishitei.bunka.go.jp/heritage/detail/312/557
312	記録作成等の措置を講ずべき無形の民俗文化財	長崎県	五島神楽	民俗芸能	神楽	https://kunishitei.bunka.go.jp/heritage/detail/312/00000793
312	記録作成等の措置を講ずべき無形の民俗文化財	長崎県	北松浦の収穫儀礼	風俗慣習	生産・生業	https://kunishitei.bunka.go.jp/heritage/detail/312/560
312	記録作成等の措置を講ずべき無形の民俗文化財	長崎県	壱岐の船競漕行事	風俗慣習	娯楽・競技	https://kunishitei.bunka.go.jp/heritage/detail/312/563
312	記録作成等の措置を講ずべき無形の民俗文化財	長崎県	大島の須古踊	民俗芸能	風流	https://kunishitei.bunka.go.jp/heritage/detail/312/553
312	記録作成等の措置を講ずべき無形の民俗文化財	長崎県	大村の寿古踊	民俗芸能	風流	https://kunishitei.bunka.go.jp/heritage/detail/312/559
312	記録作成等の措置を講ずべき無形の民俗文化財	長崎県	大村の沖田踊	民俗芸能	風流	https://kunishitei.bunka.go.jp/heritage/detail/312/558
312	記録作成等の措置を講ずべき無形の民俗文化財	長崎県	対島の亀ト習俗	風俗慣習	社会生活（民俗知識）	https://kunishitei.bunka.go.jp/heritage/detail/312/555
312	記録作成等の措置を講ずべき無形の民俗文化財	長崎県	対馬の釣鉤製作習俗	風俗慣習	生産・生業	https://kunishitei.bunka.go.jp/heritage/detail/312/562
312	記録作成等の措置を講ずべき無形の民俗文化財	長崎県	対馬厳原の盆踊	民俗芸能	風流	https://kunishitei.bunka.go.jp/heritage/detail/312/658
312	記録作成等の措置を講ずべき無形の民俗文化財	長崎県	対馬美津島の盆踊	民俗芸能	風流	https://kunishitei.bunka.go.jp/heritage/detail/312/561
312	記録作成等の措置を講ずべき無形の民俗文化財	長崎県	手熊・柿泊のモットモ	風俗慣習	年中行事	https://kunishitei.bunka.go.jp/heritage/detail/312/00000926
312	記録作成等の措置を講ずべき無形の民俗文化財	長崎県	木坂・青海のヤクマ	風俗慣習	祭礼（信仰）	https://kunishitei.bunka.go.jp/heritage/detail/312/00000887
312	記録作成等の措置を講ずべき無形の民俗文化財	長崎県	竜踊	民俗芸能	風流	https://kunishitei.bunka.go.jp/heritage/detail/312/548
312	記録作成等の措置を講ずべき無形の民俗文化財	長崎県	竹ン芸	民俗芸能	渡来芸・舞台芸	https://kunishitei.bunka.go.jp/heritage/detail/312/00000794
312	記録作成等の措置を講ずべき無形の民俗文化財	長崎県	豆酘の赤米行事	風俗慣習	年中行事	https://kunishitei.bunka.go.jp/heritage/detail/312/752
312	記録作成等の措置を講ずべき無形の民俗文化財	長崎県	野母の盆踊	民俗芸能	風流	https://kunishitei.bunka.go.jp/heritage/detail/312/551
312	記録作成等の措置を講ずべき無形の民俗文化財	長崎県	長崎「かくれキリシタン」習俗	風俗慣習	祭礼（信仰）	https://kunishitei.bunka.go.jp/heritage/detail/312/547
312	記録作成等の措置を講ずべき無形の民俗文化財	長崎県	黒丸踊	民俗芸能	風流	https://kunishitei.bunka.go.jp/heritage/detail/312/552
302	重要無形民俗文化財	熊本県	八代妙見祭の神幸行事	風俗慣習	祭礼（信仰）	https://kunishitei.bunka.go.jp/heritage/detail/302/00000876
302	重要無形民俗文化財	熊本県	球磨神楽	民俗芸能	神楽	https://kunishitei.bunka.go.jp/heritage/detail/302/00000902
302	重要無形民俗文化財	熊本県	菊池の松囃子	民俗芸能	渡来芸・舞台芸	https://kunishitei.bunka.go.jp/heritage/detail/302/645
302	重要無形民俗文化財	熊本県	野原八幡宮風流	民俗芸能	風流	https://kunishitei.bunka.go.jp/heritage/detail/302/00001009
302	重要無形民俗文化財	熊本県	阿蘇の農耕祭事	風俗慣習	生産・生業	https://kunishitei.bunka.go.jp/heritage/detail/302/144
312	記録作成等の措置を講ずべき無形の民俗文化財	熊本県	中江の岩戸神楽	民俗芸能	神楽	https://kunishitei.bunka.go.jp/heritage/detail/312/567
312	記録作成等の措置を講ずべき無形の民俗文化財	熊本県	八代・芦北の七夕綱	風俗慣習	年中行事	https://kunishitei.bunka.go.jp/heritage/detail/312/00000927
312	記録作成等の措置を講ずべき無形の民俗文化財	熊本県	古代踊	民俗芸能	風流	https://kunishitei.bunka.go.jp/heritage/detail/312/569
312	記録作成等の措置を講ずべき無形の民俗文化財	熊本県	吉原の岩戸神楽	民俗芸能	神楽	https://kunishitei.bunka.go.jp/heritage/detail/312/568
312	記録作成等の措置を講ずべき無形の民俗文化財	熊本県	早尾のスッキョン行事	風俗慣習	人生・儀礼	https://kunishitei.bunka.go.jp/heritage/detail/312/570
312	記録作成等の措置を講ずべき無形の民俗文化財	熊本県	植柳の盆踊	民俗芸能	風流	https://kunishitei.bunka.go.jp/heritage/detail/312/00000920
312	記録作成等の措置を講ずべき無形の民俗文化財	熊本県	球磨神楽	民俗芸能	神楽	https://kunishitei.bunka.go.jp/heritage/detail/312/571
312	記録作成等の措置を講ずべき無形の民俗文化財	熊本県	菊池の松囃子	民俗芸能	渡来芸・舞台芸	https://kunishitei.bunka.go.jp/heritage/detail/312/565
312	記録作成等の措置を講ずべき無形の民俗文化財	熊本県	野原八幡宮風流	民俗芸能	風流	https://kunishitei.bunka.go.jp/heritage/detail/312/00000932
312	記録作成等の措置を講ずべき無形の民俗文化財	熊本県	長野岩戸神楽	民俗芸能	神楽	https://kunishitei.bunka.go.jp/heritage/detail/312/566
312	記録作成等の措置を講ずべき無形の民俗文化財	熊本県	阿蘇の御田植	民俗芸能	田楽	https://kunishitei.bunka.go.jp/heritage/detail/312/564
312	記録作成等の措置を講ずべき無形の民俗文化財	熊本県	高森のにわか	民俗芸能	その他	https://kunishitei.bunka.go.jp/heritage/detail/312/00000996
302	重要無形民俗文化財	大分県	修正鬼会	民俗芸能	その他	https://kunishitei.bunka.go.jp/heritage/detail/302/145
302	重要無形民俗文化財	大分県	別府明礬温泉の湯の花製造技術	民俗技術	生産・生業	https://kunishitei.bunka.go.jp/heritage/detail/302/00000814
302	重要無形民俗文化財	大分県	古要神社の傀儡子の舞と相撲	民俗芸能	渡来芸・舞台芸	https://kunishitei.bunka.go.jp/heritage/detail/302/146
302	重要無形民俗文化財	大分県	吉弘楽	民俗芸能	風流	https://kunishitei.bunka.go.jp/heritage/detail/302/636
302	重要無形民俗文化財	大分県	御嶽神楽	民俗芸能	神楽	https://kunishitei.bunka.go.jp/heritage/detail/302/00000830
302	重要無形民俗文化財	大分県	日田祗園の曳山行事	風俗慣習	祭礼（信仰）	https://kunishitei.bunka.go.jp/heritage/detail/302/680
312	記録作成等の措置を講ずべき無形の民俗文化財	大分県	古要神社の傀儡子	民俗芸能	渡来芸・舞台芸	https://kunishitei.bunka.go.jp/heritage/detail/312/575
312	記録作成等の措置を講ずべき無形の民俗文化財	大分県	吉弘楽	民俗芸能	風流	https://kunishitei.bunka.go.jp/heritage/detail/312/572
312	記録作成等の措置を講ずべき無形の民俗文化財	大分県	国東のとうや行事	風俗慣習	祭礼（信仰）	https://kunishitei.bunka.go.jp/heritage/detail/312/577
312	記録作成等の措置を講ずべき無形の民俗文化財	大分県	国東の修正鬼会の芸能	民俗芸能	その他	https://kunishitei.bunka.go.jp/heritage/detail/312/573
312	記録作成等の措置を講ずべき無形の民俗文化財	大分県	大分の鏝絵習俗	風俗慣習	生産・生業	https://kunishitei.bunka.go.jp/heritage/detail/312/694
312	記録作成等の措置を講ずべき無形の民俗文化財	大分県	大原八幡宮の米占い行事	風俗慣習	社会生活（民俗知識）	https://kunishitei.bunka.go.jp/heritage/detail/312/724
312	記録作成等の措置を講ずべき無形の民俗文化財	大分県	姫島の盆踊	民俗芸能	風流	https://kunishitei.bunka.go.jp/heritage/detail/312/00000914
312	記録作成等の措置を講ずべき無形の民俗文化財	大分県	岩倉社のケベス祭	風俗慣習	祭礼（信仰）	https://kunishitei.bunka.go.jp/heritage/detail/312/743
312	記録作成等の措置を講ずべき無形の民俗文化財	大分県	豊後の水車習俗	風俗慣習	生産・生業	https://kunishitei.bunka.go.jp/heritage/detail/312/576
312	記録作成等の措置を講ずべき無形の民俗文化財	大分県	長岩屋の修正鬼会の芸能	民俗芸能	その他	https://kunishitei.bunka.go.jp/heritage/detail/312/574
312	記録作成等の措置を講ずべき無形の民俗文化財	大分県	長洲の初盆行事	風俗慣習	年中行事	https://kunishitei.bunka.go.jp/heritage/detail/312/00000939
312	記録作成等の措置を講ずべき無形の民俗文化財	大分県	鶴崎踊	民俗芸能	風流	https://kunishitei.bunka.go.jp/heritage/detail/312/578
302	重要無形民俗文化財	宮崎県	五ケ瀬の荒踊	民俗芸能	風流	https://kunishitei.bunka.go.jp/heritage/detail/302/149
302	重要無形民俗文化財	宮崎県	山之口の文弥人形	民俗芸能	渡来芸・舞台芸	https://kunishitei.bunka.go.jp/heritage/detail/302/627
302	重要無形民俗文化財	宮崎県	椎葉神楽	民俗芸能	神楽	https://kunishitei.bunka.go.jp/heritage/detail/302/150
302	重要無形民俗文化財	宮崎県	米良の神楽	民俗芸能	神楽	https://kunishitei.bunka.go.jp/heritage/detail/302/147
302	重要無形民俗文化財	宮崎県	高千穂の夜神楽	民俗芸能	神楽	https://kunishitei.bunka.go.jp/heritage/detail/302/148
302	重要無形民俗文化財	宮崎県	高原の神舞	民俗芸能	神楽	https://kunishitei.bunka.go.jp/heritage/detail/302/00000898
312	記録作成等の措置を講ずべき無形の民俗文化財	宮崎県	下水流の臼太鼓踊	民俗芸能	風流	https://kunishitei.bunka.go.jp/heritage/detail/312/580
312	記録作成等の措置を講ずべき無形の民俗文化財	宮崎県	北川上流域の農耕習俗	風俗慣習	生産・生業	https://kunishitei.bunka.go.jp/heritage/detail/312/590
312	記録作成等の措置を講ずべき無形の民俗文化財	宮崎県	山之口の文弥人形	民俗芸能	渡来芸・舞台芸	https://kunishitei.bunka.go.jp/heritage/detail/312/581
312	記録作成等の措置を講ずべき無形の民俗文化財	宮崎県	日向の弥五郎人形行事	風俗慣習	祭礼（信仰）	https://kunishitei.bunka.go.jp/heritage/detail/312/589
312	記録作成等の措置を講ずべき無形の民俗文化財	宮崎県	日向の焼畑習俗	風俗慣習	生産・生業	https://kunishitei.bunka.go.jp/heritage/detail/312/588
312	記録作成等の措置を講ずべき無形の民俗文化財	宮崎県	日向の祠堂の習俗	風俗慣習	祭礼（信仰）	https://kunishitei.bunka.go.jp/heritage/detail/312/587
312	記録作成等の措置を講ずべき無形の民俗文化財	宮崎県	日向南郷神門神社・木城比木神社の師走祭り	風俗慣習	祭礼（信仰）	https://kunishitei.bunka.go.jp/heritage/detail/312/591
312	記録作成等の措置を講ずべき無形の民俗文化財	宮崎県	椎葉の神楽	民俗芸能	神楽	https://kunishitei.bunka.go.jp/heritage/detail/312/586
312	記録作成等の措置を講ずべき無形の民俗文化財	宮崎県	祓川の神舞	民俗芸能	神楽	https://kunishitei.bunka.go.jp/heritage/detail/312/583
312	記録作成等の措置を講ずべき無形の民俗文化財	宮崎県	米良山の神楽	民俗芸能	神楽	https://kunishitei.bunka.go.jp/heritage/detail/312/00000993
312	記録作成等の措置を講ずべき無形の民俗文化財	宮崎県	米良神楽	民俗芸能	神楽	https://kunishitei.bunka.go.jp/heritage/detail/312/582
312	記録作成等の措置を講ずべき無形の民俗文化財	宮崎県	荒踊	民俗芸能	風流	https://kunishitei.bunka.go.jp/heritage/detail/312/584
312	記録作成等の措置を講ずべき無形の民俗文化財	宮崎県	諸塚神楽	民俗芸能	神楽	https://kunishitei.bunka.go.jp/heritage/detail/312/592
312	記録作成等の措置を講ずべき無形の民俗文化財	宮崎県	高千穂神楽	民俗芸能	神楽	https://kunishitei.bunka.go.jp/heritage/detail/312/579
312	記録作成等の措置を講ずべき無形の民俗文化財	宮崎県	高鍋神楽	民俗芸能	神楽	https://kunishitei.bunka.go.jp/heritage/detail/312/585
302	重要無形民俗文化財	鹿児島県	与論の十五夜踊	民俗芸能	渡来芸・舞台芸	https://kunishitei.bunka.go.jp/heritage/detail/302/156
302	重要無形民俗文化財	鹿児島県	与論島の芭蕉布製造技術	民俗技術	衣食住	https://kunishitei.bunka.go.jp/heritage/detail/302/00000986
302	重要無形民俗文化財	鹿児島県	南薩摩の十五夜行事	風俗慣習	年中行事	https://kunishitei.bunka.go.jp/heritage/detail/302/154
302	重要無形民俗文化財	鹿児島県	岩川の弥五郎人形行事	風俗慣習	祭礼（信仰）	https://kunishitei.bunka.go.jp/heritage/detail/302/00001047
302	重要無形民俗文化財	鹿児島県	川内大綱引	風俗慣習	娯楽・競技	https://kunishitei.bunka.go.jp/heritage/detail/302/00001042
302	重要無形民俗文化財	鹿児島県	市来の七夕踊	民俗芸能	風流	https://kunishitei.bunka.go.jp/heritage/detail/302/153
302	重要無形民俗文化財	鹿児島県	悪石島のボゼ	風俗慣習	年中行事	https://kunishitei.bunka.go.jp/heritage/detail/302/00000945
302	重要無形民俗文化財	鹿児島県	東郷文弥節人形浄瑠璃	民俗芸能	渡来芸・舞台芸	https://kunishitei.bunka.go.jp/heritage/detail/302/00000851
302	重要無形民俗文化財	鹿児島県	甑島のトシドン	風俗慣習	年中行事	https://kunishitei.bunka.go.jp/heritage/detail/302/152
302	重要無形民俗文化財	鹿児島県	秋名のアラセツ行事	風俗慣習	年中行事	https://kunishitei.bunka.go.jp/heritage/detail/302/155
302	重要無形民俗文化財	鹿児島県	種子島宝満神社の御田植祭	風俗慣習	生産・生業	https://kunishitei.bunka.go.jp/heritage/detail/302/00000936
302	重要無形民俗文化財	鹿児島県	薩摩硫黄島のメンドン	風俗慣習	年中行事	https://kunishitei.bunka.go.jp/heritage/detail/302/00000944
302	重要無形民俗文化財	鹿児島県	諸鈍芝居	民俗芸能	渡来芸・舞台芸	https://kunishitei.bunka.go.jp/heritage/detail/302/151
312	記録作成等の措置を講ずべき無形の民俗文化財	鹿児島県	加治木のくも合戦の習俗	風俗慣習	娯楽・競技	https://kunishitei.bunka.go.jp/heritage/detail/312/695
312	記録作成等の措置を講ずべき無形の民俗文化財	鹿児島県	吉左右踊・太鼓踊	民俗芸能	風流	https://kunishitei.bunka.go.jp/heritage/detail/312/602
312	記録作成等の措置を講ずべき無形の民俗文化財	鹿児島県	大浦町の疱瘡踊	民俗芸能	風流	https://kunishitei.bunka.go.jp/heritage/detail/312/603
312	記録作成等の措置を講ずべき無形の民俗文化財	鹿児島県	岩川の弥五郎どん	風俗慣習	祭礼（信仰）	https://kunishitei.bunka.go.jp/heritage/detail/312/00000966
312	記録作成等の措置を講ずべき無形の民俗文化財	鹿児島県	市来の七夕踊	民俗芸能	風流	https://kunishitei.bunka.go.jp/heritage/detail/312/596
312	記録作成等の措置を講ずべき無形の民俗文化財	鹿児島県	平瀬マンカイ	民俗芸能	その他	https://kunishitei.bunka.go.jp/heritage/detail/312/600
312	記録作成等の措置を講ずべき無形の民俗文化財	鹿児島県	東郷人形浄瑠璃	民俗芸能	渡来芸・舞台芸	https://kunishitei.bunka.go.jp/heritage/detail/312/604
312	記録作成等の措置を講ずべき無形の民俗文化財	鹿児島県	池田の柴祭り	風俗慣習	年中行事	https://kunishitei.bunka.go.jp/heritage/detail/312/00001001
312	記録作成等の措置を講ずべき無形の民俗文化財	鹿児島県	現和の種子島大踊	民俗芸能	風流	https://kunishitei.bunka.go.jp/heritage/detail/312/601
312	記録作成等の措置を講ずべき無形の民俗文化財	鹿児島県	甑島の葛布の紡織習俗	風俗慣習	生産・生業	https://kunishitei.bunka.go.jp/heritage/detail/312/595
312	記録作成等の措置を講ずべき無形の民俗文化財	鹿児島県	種子島のまるきぶねの製作習俗	風俗慣習	生産・生業	https://kunishitei.bunka.go.jp/heritage/detail/312/594
312	記録作成等の措置を講ずべき無形の民俗文化財	鹿児島県	種子島の盆踊	民俗芸能	風流	https://kunishitei.bunka.go.jp/heritage/detail/312/00000994
312	記録作成等の措置を講ずべき無形の民俗文化財	鹿児島県	種子島南種子の座敷舞	民俗芸能	その他	https://kunishitei.bunka.go.jp/heritage/detail/312/630
312	記録作成等の措置を講ずべき無形の民俗文化財	鹿児島県	種子島宝満神社のお田植祭	風俗慣習	生産・生業	https://kunishitei.bunka.go.jp/heritage/detail/312/597
312	記録作成等の措置を講ずべき無形の民俗文化財	鹿児島県	芭蕉布の紡織習俗	風俗慣習	生産・生業	https://kunishitei.bunka.go.jp/heritage/detail/312/593
312	記録作成等の措置を講ずべき無形の民俗文化財	鹿児島県	薩摩の水からくり	民俗芸能	渡来芸・舞台芸	https://kunishitei.bunka.go.jp/heritage/detail/312/605
312	記録作成等の措置を講ずべき無形の民俗文化財	鹿児島県	薩摩の馬踊りの習俗	風俗慣習	祭礼（信仰）	https://kunishitei.bunka.go.jp/heritage/detail/312/753
312	記録作成等の措置を講ずべき無形の民俗文化財	鹿児島県	薩摩川内の大綱引き	風俗慣習	娯楽・競技	https://kunishitei.bunka.go.jp/heritage/detail/312/00000965
312	記録作成等の措置を講ずべき無形の民俗文化財	鹿児島県	西之表の種子鋏製作技術	民俗技術	生産・生業	https://kunishitei.bunka.go.jp/heritage/detail/312/00000888
312	記録作成等の措置を講ずべき無形の民俗文化財	鹿児島県	諸鈍芝居	民俗芸能	渡来芸・舞台芸	https://kunishitei.bunka.go.jp/heritage/detail/312/598
322	登録無形民俗文化財	鹿児島県	薩南諸島の黒糖製造技術	民俗技術	生産・生業	https://kunishitei.bunka.go.jp/heritage/detail/322/00001043
302	重要無形民俗文化財	沖縄県	与那国島の祭事の芸能	民俗芸能	その他	https://kunishitei.bunka.go.jp/heritage/detail/302/160
302	重要無形民俗文化財	沖縄県	伊江島の村踊	民俗芸能	その他	https://kunishitei.bunka.go.jp/heritage/detail/302/646
302	重要無形民俗文化財	沖縄県	塩屋湾のウンガミ	風俗慣習	祭礼（信仰）	https://kunishitei.bunka.go.jp/heritage/detail/302/682
302	重要無形民俗文化財	沖縄県	多良間の豊年祭	民俗芸能	その他	https://kunishitei.bunka.go.jp/heritage/detail/302/157
302	重要無形民俗文化財	沖縄県	安田のシヌグ	民俗芸能	その他	https://kunishitei.bunka.go.jp/heritage/detail/302/159
302	重要無形民俗文化財	沖縄県	宮古島のパーントゥ	風俗慣習	年中行事	https://kunishitei.bunka.go.jp/heritage/detail/302/162
302	重要無形民俗文化財	沖縄県	小浜島の盆、結願祭、種子取祭の芸能	民俗芸能	その他	https://kunishitei.bunka.go.jp/heritage/detail/302/00000829
302	重要無形民俗文化財	沖縄県	竹富島の種子取	民俗芸能	その他	https://kunishitei.bunka.go.jp/heritage/detail/302/158
302	重要無形民俗文化財	沖縄県	西表島の節祭	民俗芸能	その他	https://kunishitei.bunka.go.jp/heritage/detail/302/161
312	記録作成等の措置を講ずべき無形の民俗文化財	沖縄県	久高島の漁撈習俗	風俗慣習	生産・生業	https://kunishitei.bunka.go.jp/heritage/detail/312/618
312	記録作成等の措置を講ずべき無形の民俗文化財	沖縄県	伊江島の村踊	民俗芸能	その他	https://kunishitei.bunka.go.jp/heritage/detail/312/609
312	記録作成等の措置を講ずべき無形の民俗文化財	沖縄県	勢理客の獅子舞	民俗芸能	その他	https://kunishitei.bunka.go.jp/heritage/detail/312/606
312	記録作成等の措置を講ずべき無形の民俗文化財	沖縄県	多良間島の八月踊	民俗芸能	その他	https://kunishitei.bunka.go.jp/heritage/detail/312/608
312	記録作成等の措置を講ずべき無形の民俗文化財	沖縄県	宜野座の八月あしび	民俗芸能	その他	https://kunishitei.bunka.go.jp/heritage/detail/312/00000784
312	記録作成等の措置を講ずべき無形の民俗文化財	沖縄県	宮古のクイチャー	民俗芸能	その他	https://kunishitei.bunka.go.jp/heritage/detail/312/00000791
312	記録作成等の措置を講ずべき無形の民俗文化財	沖縄県	宮古のパーントゥ	風俗慣習	年中行事	https://kunishitei.bunka.go.jp/heritage/detail/312/613
312	記録作成等の措置を講ずべき無形の民俗文化財	沖縄県	小浜島の芸能	民俗芸能	その他	https://kunishitei.bunka.go.jp/heritage/detail/312/631
312	記録作成等の措置を講ずべき無形の民俗文化財	沖縄県	操り獅子	民俗芸能	その他	https://kunishitei.bunka.go.jp/heritage/detail/312/00000792
312	記録作成等の措置を講ずべき無形の民俗文化財	沖縄県	沖縄の綱引き	風俗慣習	娯楽・競技	https://kunishitei.bunka.go.jp/heritage/detail/312/617
312	記録作成等の措置を講ずべき無形の民俗文化財	沖縄県	沖縄北部のウンガミ	風俗慣習	祭礼（信仰）	https://kunishitei.bunka.go.jp/heritage/detail/312/614
312	記録作成等の措置を講ずべき無形の民俗文化財	沖縄県	泡瀬の京太郎	民俗芸能	語り物・祝福芸	https://kunishitei.bunka.go.jp/heritage/detail/312/00000783
312	記録作成等の措置を講ずべき無形の民俗文化財	沖縄県	波照間島のムシャーマ	民俗芸能	その他	https://kunishitei.bunka.go.jp/heritage/detail/312/616
312	記録作成等の措置を講ずべき無形の民俗文化財	沖縄県	石垣島四ヶ村のプーリィ（豊年祭）	風俗慣習	祭礼（信仰）	https://kunishitei.bunka.go.jp/heritage/detail/312/615
312	記録作成等の措置を講ずべき無形の民俗文化財	沖縄県	竹富島の種子取	民俗芸能	その他	https://kunishitei.bunka.go.jp/heritage/detail/312/607
312	記録作成等の措置を講ずべき無形の民俗文化財	沖縄県	西表島祖内・星立の節祭	民俗芸能	その他	https://kunishitei.bunka.go.jp/heritage/detail/312/610
312	記録作成等の措置を講ずべき無形の民俗文化財	沖縄県	那覇安里のフェーヌシマ	民俗芸能	その他	https://kunishitei.bunka.go.jp/heritage/detail/312/611
312	記録作成等の措置を講ずべき無形の民俗文化財	沖縄県	野原のマストリヤー	民俗芸能	その他	https://kunishitei.bunka.go.jp/heritage/detail/312/612
