code	prefecture	municipality	type	pref_kana	muni_kana	pref_romaji	muni_romaji
011002	北海道	札幌市	市	ホッカイドウ	サッポロシ	hokkai	sapporo
012025	北海道	函館市	市	ホッカイドウ	ハコダテシ	hokkai	hakodate
012033	北海道	小樽市	市	ホッカイドウ	オタルシ	hokkai	otaru
012041	北海道	旭川市	市	ホッカイドウ	アサヒカワシ	hokkai	asahikawa
012050	北海道	室蘭市	市	ホッカイドウ	ムロランシ	hokkai	muroran
012068	北海道	釧路市	市	ホッカイドウ	クシロシ	hokkai	kushiro
012076	北海道	帯広市	市	ホッカイドウ	オビヒロシ	hokkai	obihiro
012084	北海道	北見市	市	ホッカイドウ	キタミシ	hokkai	kitami
012092	北海道	夕張市	市	ホッカイドウ	ユウバリシ	hokkai	yuubari
012106	北海道	岩見沢市	市	ホッカイドウ	イワミザワシ	hokkai	iwamizawa
012114	北海道	網走市	市	ホッカイドウ	アバシリシ	hokkai	abashiri
012122	北海道	留萌市	市	ホッカイドウ	ルモイシ	hokkai	rumoi
012131	北海道	苫小牧市	市	ホッカイドウ	トマコマイシ	hokkai	tomakomai
012149	北海道	稚内市	市	ホッカイドウ	ワッカナイシ	hokkai	wakkanai
012157	北海道	美唄市	市	ホッカイドウ	ビバイシ	hokkai	bibai
012165	北海道	芦別市	市	ホッカイドウ	アシベツシ	hokkai	ashibetsu
012173	北海道	江別市	市	ホッカイドウ	エベツシ	hokkai	ebetsu
012181	北海道	赤平市	市	ホッカイドウ	アカビラシ	hokkai	akabira
012190	北海道	紋別市	市	ホッカイドウ	モンベツシ	hokkai	mombetsu
012203	北海道	士別市	市	ホッカイドウ	シベツシ	hokkai	shibetsu
012211	北海道	名寄市	市	ホッカイドウ	ナヨロシ	hokkai	nayoro
012220	北海道	三笠市	市	ホッカイドウ	ミカサシ	hokkai	mikasa
012238	北海道	根室市	市	ホッカイドウ	ネムロシ	hokkai	nemuro
012246	北海道	千歳市	市	ホッカイドウ	チトセシ	hokkai	chitose
012254	北海道	滝川市	市	ホッカイドウ	タキカワシ	hokkai	takikawa
012262	北海道	砂川市	市	ホッカイドウ	スナガワシ	hokkai	sunagawa
012271	北海道	歌志内市	市	ホッカイドウ	ウタシナイシ	hokkai	utashinai
012289	北海道	深川市	市	ホッカイドウ	フカガワシ	hokkai	fukagawa
012297	北海道	富良野市	市	ホッカイドウ	フラノシ	hokkai	furano
012301	北海道	登別市	市	ホッカイドウ	ノボリベツシ	hokkai	noboribetsu
012319	北海道	恵庭市	市	ホッカイドウ	エニワシ	hokkai	eniwa
012335	北海道	伊達市	市	ホッカイドウ	ダテシ	hokkai	date
012343	北海道	北広島市	市	ホッカイドウ	キタヒロシマシ	hokkai	kitahiroshima
012351	北海道	石狩市	市	ホッカイドウ	イシカリシ	hokkai	ishikari
012360	北海道	北斗市	市	ホッカイドウ	ホクトシ	hokkai	hokuto
013030	北海道	当別町	町	ホッカイドウ	トウベツチョウ	hokkai	tobetsu
013048	北海道	新篠津村	村	ホッカイドウ	シンシノツムラ	hokkai	shinshinotsu
013315	北海道	松前町	町	ホッカイドウ	マツマエチョウ	hokkai	matsumae
013323	北海道	福島町	町	ホッカイドウ	フクシマチョウ	hokkai	fukushima
013331	北海道	知内町	町	ホッカイドウ	シリウチチョウ	hokkai	shiriuchi
013340	北海道	木古内町	町	ホッカイドウ	キコナイチョウ	hokkai	kikonai
013374	北海道	七飯町	町	ホッカイドウ	ナナエチョウ	hokkai	nanae
013439	北海道	鹿部町	町	ホッカイドウ	シカベチョウ	hokkai	shikabe
013455	北海道	森町	町	ホッカイドウ	モリマチ	hokkai	mori
013463	北海道	八雲町	町	ホッカイドウ	ヤクモチョウ	hokkai	yakumo
013471	北海道	長万部町	町	ホッカイドウ	オシャマンベチョウ	hokkai	oshamambe
013617	北海道	江差町	町	ホッカイドウ	エサシチョウ	hokkai	esashi
013625	北海道	上ノ国町	町	ホッカイドウ	カミノクニチョウ	hokkai	kaminokuni
013633	北海道	厚沢部町	町	ホッカイドウ	アッサブチョウ	hokkai	assabu
013641	北海道	乙部町	町	ホッカイドウ	オトベチョウ	hokkai	otobe
013676	北海道	奥尻町	町	ホッカイドウ	オクシリチョウ	hokkai	okushiri
013706	北海道	今金町	町	ホッカイドウ	イマカネチョウ	hokkai	imakane
013714	北海道	せたな町	町	ホッカイドウ	セタナチョウ	hokkai	setana
013919	北海道	島牧村	村	ホッカイドウ	シママキムラ	hokkai	shimamaki
013927	北海道	寿都町	町	ホッカイドウ	スッツチョウ	hokkai	suttsu
013935	北海道	黒松内町	町	ホッカイドウ	クロマツナイチョウ	hokkai	kuromatsunai
013943	北海道	蘭越町	町	ホッカイドウ	ランコシチョウ	hokkai	rankoshi
013951	北海道	ニセコ町	町	ホッカイドウ	ニセコチョウ	hokkai	niseko
013960	北海道	真狩村	村	ホッカイドウ	マッカリムラ	hokkai	makkari
013978	北海道	留寿都村	村	ホッカイドウ	ルスツムラ	hokkai	rusutsu
013986	北海道	喜茂別町	町	ホッカイドウ	キモベツチョウ	hokkai	kimobetsu
013994	北海道	京極町	町	ホッカイドウ	キョウゴクチョウ	hokkai	kyogoku
014001	北海道	倶知安町	町	ホッカイドウ	クッチャンチョウ	hokkai	kutchan
014010	北海道	共和町	町	ホッカイドウ	キョウワチョウ	hokkai	kyowa
014028	北海道	岩内町	町	ホッカイドウ	イワナイチョウ	hokkai	iwanai
014036	北海道	泊村	村	ホッカイドウ	トマリムラ	hokkai	tomari
014044	北海道	神恵内村	村	ホッカイドウ	カモエナイムラ	hokkai	kamoenai
014052	北海道	積丹町	町	ホッカイドウ	シャコタンチョウ	hokkai	shakotan
014061	北海道	古平町	町	ホッカイドウ	フルビラチョウ	hokkai	furubira
014079	北海道	仁木町	町	ホッカイドウ	ニキチョウ	hokkai	niki
014087	北海道	余市町	町	ホッカイドウ	ヨイチチョウ	hokkai	yoichi
014095	北海道	赤井川村	村	ホッカイドウ	アカイガワムラ	hokkai	akaigawa
014231	北海道	南幌町	町	ホッカイドウ	ナンポロチョウ	hokkai	namporo
014249	北海道	奈井江町	町	ホッカイドウ	ナイエチョウ	hokkai	naie
014257	北海道	上砂川町	町	ホッカイドウ	カミスナガワチョウ	hokkai	kamisunagawa
014273	北海道	由仁町	町	ホッカイドウ	ユニチョウ	hokkai	yuni
014281	北海道	長沼町	町	ホッカイドウ	ナガヌマチョウ	hokkai	naganuma
014290	北海道	栗山町	町	ホッカイドウ	クリヤマチョウ	hokkai	kuriyama
014303	北海道	月形町	町	ホッカイドウ	ツキガタチョウ	hokkai	tsukigata
014311	北海道	浦臼町	町	ホッカイドウ	ウラウスチョウ	hokkai	urausu
014320	北海道	新十津川町	町	ホッカイドウ	シントツカワチョウ	hokkai	shintotsukawa
014338	北海道	妹背牛町	町	ホッカイドウ	モセウシチョウ	hokkai	moseushi
014346	北海道	秩父別町	町	ホッカイドウ	チップベツチョウ	hokkai	chippubetsu
014362	北海道	雨竜町	町	ホッカイドウ	ウリュウチョウ	hokkai	uryu
014371	北海道	北竜町	町	ホッカイドウ	ホクリュウチョウ	hokkai	hokuryu
014389	北海道	沼田町	町	ホッカイドウ	ヌマタチョウ	hokkai	numata
014524	北海道	鷹栖町	町	ホッカイドウ	タカスチョウ	hokkai	takasu
014532	北海道	東神楽町	町	ホッカイドウ	ヒガシカグラチョウ	hokkai	higashikagura
014541	北海道	当麻町	町	ホッカイドウ	トウマチョウ	hokkai	toma
014559	北海道	比布町	町	ホッカイドウ	ピップチョウ	hokkai	pippu
014567	北海道	愛別町	町	ホッカイドウ	アイベツチョウ	hokkai	aibetsu
014575	北海道	上川町	町	ホッカイドウ	カミカワチョウ	hokkai	kamikawa
014583	北海道	東川町	町	ホッカイドウ	ヒガシカワチョウ	hokkai	higashikawa
014591	北海道	美瑛町	町	ホッカイドウ	ビエイチョウ	hokkai	biei
014605	北海道	上富良野町	町	ホッカイドウ	カミフラノチョウ	hokkai	kamifurano
014613	北海道	中富良野町	町	ホッカイドウ	ナカフラノチョウ	hokkai	nakafurano
014621	北海道	南富良野町	町	ホッカイドウ	ミナミフラノチョウ	hokkai	minamifurano
014630	北海道	占冠村	村	ホッカイドウ	シムカップムラ	hokkai	shimukappu
014648	北海道	和寒町	町	ホッカイドウ	ワッサムチョウ	hokkai	wassamu
014656	北海道	剣淵町	町	ホッカイドウ	ケンブチチョウ	hokkai	kembuchi
014681	北海道	下川町	町	ホッカイドウ	シモカワチョウ	hokkai	shimokawa
014699	北海道	美深町	町	ホッカイドウ	ビフカチョウ	hokkai	bifuka
014702	北海道	音威子府村	村	ホッカイドウ	オトイネップムラ	hokkai	otoineppu
014711	北海道	中川町	町	ホッカイドウ	ナカガワチョウ	hokkai	nakagawa
014729	北海道	幌加内町	町	ホッカイドウ	ホロカナイチョウ	hokkai	horokanai
014818	北海道	増毛町	町	ホッカイドウ	マシケチョウ	hokkai	mashike
014826	北海道	小平町	町	ホッカイドウ	オビラチョウ	hokkai	obira
014834	北海道	苫前町	町	ホッカイドウ	トママエチョウ	hokkai	tomamae
014842	北海道	羽幌町	町	ホッカイドウ	ハボロチョウ	hokkai	haboro
014851	北海道	初山別村	村	ホッカイドウ	ショサンベツムラ	hokkai	shosambetsu
014869	北海道	遠別町	町	ホッカイドウ	エンベツチョウ	hokkai	embetsu
014877	北海道	天塩町	町	ホッカイドウ	テシオチョウ	hokkai	teshio
015113	北海道	猿払村	村	ホッカイドウ	サルフツムラ	hokkai	sarufutsu
015121	北海道	浜頓別町	町	ホッカイドウ	ハマトンベツチョウ	hokkai	hamatombetsu
015130	北海道	中頓別町	町	ホッカイドウ	ナカトンベツチョウ	hokkai	nakatombetsu
015148	北海道	枝幸町	町	ホッカイドウ	エサシチョウ	hokkai	esashi
015164	北海道	豊富町	町	ホッカイドウ	トヨトミチョウ	hokkai	toyotomi
015172	北海道	礼文町	町	ホッカイドウ	レブンチョウ	hokkai	rebun
015181	北海道	利尻町	町	ホッカイドウ	リシリチョウ	hokkai	rishiri
015199	北海道	利尻富士町	町	ホッカイドウ	リシリフジチョウ	hokkai	rishirifuji
015202	北海道	幌延町	町	ホッカイドウ	ホロノベチョウ	hokkai	horonobe
015431	北海道	美幌町	町	ホッカイドウ	ビホロチョウ	hokkai	bihoro
015440	北海道	津別町	町	ホッカイドウ	ツベツチョウ	hokkai	tsubetsu
015458	北海道	斜里町	町	ホッカイドウ	シャリチョウ	hokkai	shari
015466	北海道	清里町	町	ホッカイドウ	キヨサトチョウ	hokkai	kiyosato
015474	北海道	小清水町	町	ホッカイドウ	コシミズチョウ	hokkai	koshimizu
015491	北海道	訓子府町	町	ホッカイドウ	クンネップチョウ	hokkai	kunneppu
015504	北海道	置戸町	町	ホッカイドウ	オケトチョウ	hokkai	oketo
015521	北海道	佐呂間町	町	ホッカイドウ	サロマチョウ	hokkai	saroma
015555	北海道	遠軽町	町	ホッカイドウ	エンガルチョウ	hokkai	engaru
015598	北海道	湧別町	町	ホッカイドウ	ユウベツチョウ	hokkai	yuubetsu
015601	北海道	滝上町	町	ホッカイドウ	タキノウエチョウ	hokkai	takinoe
015610	北海道	興部町	町	ホッカイドウ	オコッペチョウ	hokkai	okoppe
015628	北海道	西興部村	村	ホッカイドウ	ニシオコッペムラ	hokkai	nishiokoppe
015636	北海道	雄武町	町	ホッカイドウ	オウムチョウ	hokkai	omu
015644	北海道	大空町	町	ホッカイドウ	オオゾラチョウ	hokkai	ozora
015717	北海道	豊浦町	町	ホッカイドウ	トヨウラチョウ	hokkai	toyora
015750	北海道	壮瞥町	町	ホッカイドウ	ソウベツチョウ	hokkai	sobetsu
015784	北海道	白老町	町	ホッカイドウ	シラオイチョウ	hokkai	shiraoi
015814	北海道	厚真町	町	ホッカイドウ	アツマチョウ	hokkai	atsuma
015849	北海道	洞爺湖町	町	ホッカイドウ	トウヤコチョウ	hokkai	toyako
015857	北海道	安平町	町	ホッカイドウ	アビラチョウ	hokkai	abira
015865	北海道	むかわ町	町	ホッカイドウ	ムカワチョウ	hokkai	mukawa
016012	北海道	日高町	町	ホッカイドウ	ヒダカチョウ	hokkai	hidaka
016021	北海道	平取町	町	ホッカイドウ	ビラトリチョウ	hokkai	biratori
016047	北海道	新冠町	町	ホッカイドウ	ニイカップチョウ	hokkai	niikappu
016071	北海道	浦河町	町	ホッカイドウ	ウラカワチョウ	hokkai	urakawa
016080	北海道	様似町	町	ホッカイドウ	サマニチョウ	hokkai	samani
016098	北海道	えりも町	町	ホッカイドウ	エリモチョウ	hokkai	erimo
016101	北海道	新ひだか町	町	ホッカイドウ	シンヒダカチョウ	hokkai	shinhidaka
016314	北海道	音更町	町	ホッカイドウ	オトフケチョウ	hokkai	otofuke
016322	北海道	士幌町	町	ホッカイドウ	シホロチョウ	hokkai	shihoro
016331	北海道	上士幌町	町	ホッカイドウ	カミシホロチョウ	hokkai	kamishihoro
016349	北海道	鹿追町	町	ホッカイドウ	シカオイチョウ	hokkai	shikaoi
016357	北海道	新得町	町	ホッカイドウ	シントクチョウ	hokkai	shintoku
016365	北海道	清水町	町	ホッカイドウ	シミズチョウ	hokkai	shimizu
016373	北海道	芽室町	町	ホッカイドウ	メムロチョウ	hokkai	memuro
016381	北海道	中札内村	村	ホッカイドウ	ナカサツナイムラ	hokkai	nakasatsunai
016390	北海道	更別村	村	ホッカイドウ	サラベツムラ	hokkai	sarabetsu
016411	北海道	大樹町	町	ホッカイドウ	タイキチョウ	hokkai	taiki
016420	北海道	広尾町	町	ホッカイドウ	ヒロオチョウ	hokkai	hiroo
016438	北海道	幕別町	町	ホッカイドウ	マクベツチョウ	hokkai	makubetsu
016446	北海道	池田町	町	ホッカイドウ	イケダチョウ	hokkai	ikeda
016454	北海道	豊頃町	町	ホッカイドウ	トヨコロチョウ	hokkai	toyokoro
016462	北海道	本別町	町	ホッカイドウ	ホンベツチョウ	hokkai	hombetsu
016471	北海道	足寄町	町	ホッカイドウ	アショロチョウ	hokkai	ashoro
016489	北海道	陸別町	町	ホッカイドウ	リクベツチョウ	hokkai	rikubetsu
016497	北海道	浦幌町	町	ホッカイドウ	ウラホロチョウ	hokkai	urahoro
016616	北海道	釧路町	町	ホッカイドウ	クシロチョウ	hokkai	kushiro
016624	北海道	厚岸町	町	ホッカイドウ	アッケシチョウ	hokkai	akkeshi
016632	北海道	浜中町	町	ホッカイドウ	ハマナカチョウ	hokkai	hamanaka
016641	北海道	標茶町	町	ホッカイドウ	シベチャチョウ	hokkai	shibecha
016659	北海道	弟子屈町	町	ホッカイドウ	テシカガチョウ	hokkai	teshikaga
016675	北海道	鶴居村	村	ホッカイドウ	ツルイムラ	hokkai	tsurui
016683	北海道	白糠町	町	ホッカイドウ	シラヌカチョウ	hokkai	shiranuka
016918	北海道	別海町	町	ホッカイドウ	ベツカイチョウ	hokkai	betsukai
016926	北海道	中標津町	町	ホッカイドウ	ナカシベツチョウ	hokkai	nakashibetsu
016934	北海道	標津町	町	ホッカイドウ	シベツチョウ	hokkai	shibetsu
016942	北海道	羅臼町	町	ホッカイドウ	ラウスチョウ	hokkai	rausu
016951	北海道	色丹村シコタンムラ	?	ホッカイドウ	シコタンムラ	hokkai	shikotan
016969	北海道	泊村トマリムラ	?	ホッカイドウ	トマリムラ	hokkai	tomari
016977	北海道	留夜別村	村	ホッカイドウ	ルヤベツムラ	hokkai	ruyabetsu
016985	北海道	留別村	村	ホッカイドウ	ルベツムラ	hokkai	rubetsu
016993	北海道	紗那村	村	ホッカイドウ	シャナムラ	hokkai	shana
017001	北海道	蘂取村	村	ホッカイドウ	シベトロムラ	hokkai	shibetoro
022012	青森県	青森市	市	アオモリケン	アオモリシ	aomori	aomori
022021	青森県	弘前市	市	アオモリケン	ヒロサキシ	aomori	hirosaki
022039	青森県	八戸市	市	アオモリケン	ハチノヘシ	aomori	hachinohe
022047	青森県	黒石市	市	アオモリケン	クロイシシ	aomori	kuroishi
022055	青森県	五所川原市	市	アオモリケン	ゴショガワラシ	aomori	goshogawara
022063	青森県	十和田市	市	アオモリケン	トワダシ	aomori	towada
022071	青森県	三沢市	市	アオモリケン	ミサワシ	aomori	misawa
022080	青森県	むつ市	市	アオモリケン	ムツシ	aomori	mutsu
022098	青森県	つがる市	市	アオモリケン	ツガルシ	aomori	tsugaru
022101	青森県	平川市	市	アオモリケン	ヒラカワシ	aomori	hirakawa
023019	青森県	平内町	町	アオモリケン	ヒラナイマチ	aomori	hiranai
023035	青森県	今別町	町	アオモリケン	イマベツマチ	aomori	imabetsu
023043	青森県	蓬田村	村	アオモリケン	ヨモギタムラ	aomori	yomogita
023078	青森県	外ヶ浜町	町	アオモリケン	ソトガハママチ	aomori	sotogahama
023213	青森県	鰺ヶ沢町	町	アオモリケン	アジガサワマチ	aomori	ajigasawa
023230	青森県	深浦町	町	アオモリケン	フカウラマチ	aomori	fukaura
023434	青森県	西目屋村	村	アオモリケン	ニシメヤムラ	aomori	nishimeya
023612	青森県	藤崎町	町	アオモリケン	フジサキマチ	aomori	fujisaki
023621	青森県	大鰐町	町	アオモリケン	オオワニマチ	aomori	owani
023671	青森県	田舎館村	村	アオモリケン	イナカダテムラ	aomori	inakadate
023817	青森県	板柳町	町	アオモリケン	イタヤナギマチ	aomori	itayanagi
023841	青森県	鶴田町	町	アオモリケン	ツルタマチ	aomori	tsuruta
023876	青森県	中泊町	町	アオモリケン	ナカドマリマチ	aomori	nakadomari
024015	青森県	野辺地町	町	アオモリケン	ノヘジマチ	aomori	noheji
024023	青森県	七戸町	町	アオモリケン	シチノヘマチ	aomori	shichinohe
024058	青森県	六戸町	町	アオモリケン	ロクノヘマチ	aomori	rokunohe
024066	青森県	横浜町	町	アオモリケン	ヨコハママチ	aomori	yokohama
024082	青森県	東北町	町	アオモリケン	トウホクマチ	aomori	tohoku
024112	青森県	六ヶ所村	村	アオモリケン	ロッカショムラ	aomori	rokkasho
024121	青森県	おいらせ町	町	アオモリケン	オイラセチョウ	aomori	oirase
024236	青森県	大間町	町	アオモリケン	オオママチ	aomori	oma
024244	青森県	東通村	村	アオモリケン	ヒガシドオリムラ	aomori	higashidoori
024252	青森県	風間浦村	村	アオモリケン	カザマウラムラ	aomori	kazamaura
024261	青森県	佐井村	村	アオモリケン	サイムラ	aomori	sai
024414	青森県	三戸町	町	アオモリケン	サンノヘマチ	aomori	sannohe
024422	青森県	五戸町	町	アオモリケン	ゴノヘマチ	aomori	gonohe
024431	青森県	田子町	町	アオモリケン	タッコマチ	aomori	takko
024457	青森県	南部町	町	アオモリケン	ナンブチョウ	aomori	nambu
024465	青森県	階上町	町	アオモリケン	ハシカミチョウ	aomori	hashikami
024503	青森県	新郷村	村	アオモリケン	シンゴウムラ	aomori	shingo
032018	岩手県	盛岡市	市	イワテケン	モリオカシ	iwate	morioka
032026	岩手県	宮古市	市	イワテケン	ミヤコシ	iwate	miyako
032034	岩手県	大船渡市	市	イワテケン	オオフナトシ	iwate	ofunato
032051	岩手県	花巻市	市	イワテケン	ハナマキシ	iwate	hanamaki
032069	岩手県	北上市	市	イワテケン	キタカミシ	iwate	kitakami
032077	岩手県	久慈市	市	イワテケン	クジシ	iwate	kuji
032085	岩手県	遠野市	市	イワテケン	トオノシ	iwate	toono
032093	岩手県	一関市	市	イワテケン	イチノセキシ	iwate	ichinoseki
032107	岩手県	陸前高田市	市	イワテケン	リクゼンタカタシ	iwate	rikuzentakata
032115	岩手県	釜石市	市	イワテケン	カマイシシ	iwate	kamaishi
032131	岩手県	二戸市	市	イワテケン	ニノヘシ	iwate	ninohe
032140	岩手県	八幡平市	市	イワテケン	ハチマンタイシ	iwate	hachimantai
032158	岩手県	奥州市	市	イワテケン	オウシュウシ	iwate	oshu
032166	岩手県	滝沢市シ	?	イワテケン	タキザワシ	iwate	takizawa
033014	岩手県	雫石町	町	イワテケン	シズクイシチョウ	iwate	shizukuishi
033022	岩手県	葛巻町	町	イワテケン	クズマキマチ	iwate	kuzumaki
033031	岩手県	岩手町	町	イワテケン	イワテマチ	iwate	iwate
033219	岩手県	紫波町	町	イワテケン	シワチョウ	iwate	shiwa
033227	岩手県	矢巾町	町	イワテケン	ヤハバチョウ	iwate	yahaba
033669	岩手県	西和賀町	町	イワテケン	ニシワガマチ	iwate	nishiwaga
033812	岩手県	金ケ崎町	町	イワテケン	カネガサキチョウ	iwate	kanegasaki
034029	岩手県	平泉町	町	イワテケン	ヒライズミチョウ	iwate	hiraizumi
034410	岩手県	住田町	町	イワテケン	スミタチョウ	iwate	sumita
034614	岩手県	大槌町	町	イワテケン	オオツチチョウ	iwate	otsuchi
034827	岩手県	山田町	町	イワテケン	ヤマダマチ	iwate	yamada
034835	岩手県	岩泉町	町	イワテケン	イワイズミチョウ	iwate	iwaizumi
034843	岩手県	田野畑村	村	イワテケン	タノハタムラ	iwate	tanohata
034851	岩手県	普代村	村	イワテケン	フダイムラ	iwate	fudai
035017	岩手県	軽米町	町	イワテケン	カルマイマチ	iwate	karumai
035033	岩手県	野田村	村	イワテケン	ノダムラ	iwate	noda
035068	岩手県	九戸村	村	イワテケン	クノヘムラ	iwate	kunohe
035076	岩手県	洋野町	町	イワテケン	ヒロノチョウ	iwate	hirono
035246	岩手県	一戸町	町	イワテケン	イチノヘマチ	iwate	ichinohe
041009	宮城県	仙台市	市	ミヤギケン	センダイシ	miyagi	sendai
042021	宮城県	石巻市	市	ミヤギケン	イシノマキシ	miyagi	ishinomaki
042030	宮城県	塩竈市	市	ミヤギケン	シオガマシ	miyagi	shiogama
042056	宮城県	気仙沼市	市	ミヤギケン	ケセンヌマシ	miyagi	kesennuma
042064	宮城県	白石市	市	ミヤギケン	シロイシシ	miyagi	shiroishi
042072	宮城県	名取市	市	ミヤギケン	ナトリシ	miyagi	natori
042081	宮城県	角田市	市	ミヤギケン	カクダシ	miyagi	kakuda
042099	宮城県	多賀城市	市	ミヤギケン	タガジョウシ	miyagi	tagajo
042111	宮城県	岩沼市	市	ミヤギケン	イワヌマシ	miyagi	iwanuma
042129	宮城県	登米市	市	ミヤギケン	トメシ	miyagi	tome
042137	宮城県	栗原市	市	ミヤギケン	クリハラシ	miyagi	kurihara
042145	宮城県	東松島市	市	ミヤギケン	ヒガシマツシマシ	miyagi	higashimatsushima
042153	宮城県	大崎市	市	ミヤギケン	オオサキシ	miyagi	osaki
042161	宮城県	富谷市シ	?	ミヤギケン	トミヤシ	miyagi	tomiya
043010	宮城県	蔵王町	町	ミヤギケン	ザオウマチ	miyagi	zao
043028	宮城県	七ヶ宿町	町	ミヤギケン	シチカシュクマチ	miyagi	shichikashuku
043214	宮城県	大河原町	町	ミヤギケン	オオガワラマチ	miyagi	ogawara
043222	宮城県	村田町	町	ミヤギケン	ムラタマチ	miyagi	murata
043231	宮城県	柴田町	町	ミヤギケン	シバタマチ	miyagi	shibata
043249	宮城県	川崎町	町	ミヤギケン	カワサキマチ	miyagi	kawasaki
043419	宮城県	丸森町	町	ミヤギケン	マルモリマチ	miyagi	marumori
043613	宮城県	亘理町	町	ミヤギケン	ワタリチョウ	miyagi	watari
043621	宮城県	山元町	町	ミヤギケン	ヤマモトチョウ	miyagi	yamamoto
044016	宮城県	松島町	町	ミヤギケン	マツシママチ	miyagi	matsushima
044041	宮城県	七ヶ浜町	町	ミヤギケン	シチガハママチ	miyagi	shichigahama
044067	宮城県	利府町	町	ミヤギケン	リフチョウ	miyagi	rifu
044211	宮城県	大和町	町	ミヤギケン	タイワチョウ	miyagi	taiwa
044229	宮城県	大郷町	町	ミヤギケン	オオサトチョウ	miyagi	osato
044245	宮城県	大衡村	村	ミヤギケン	オオヒラムラ	miyagi	ohira
044440	宮城県	色麻町	町	ミヤギケン	シカマチョウ	miyagi	shikama
044458	宮城県	加美町	町	ミヤギケン	カミマチ	miyagi	kami
045012	宮城県	涌谷町	町	ミヤギケン	ワクヤチョウ	miyagi	wakuya
045055	宮城県	美里町	町	ミヤギケン	ミサトマチ	miyagi	misato
045811	宮城県	女川町	町	ミヤギケン	オナガワチョウ	miyagi	onagawa
046060	宮城県	南三陸町	町	ミヤギケン	ミナミサンリクチョウ	miyagi	minamisanriku
052019	秋田県	秋田市	市	アキタケン	アキタシ	akita	akita
052027	秋田県	能代市	市	アキタケン	ノシロシ	akita	noshiro
052035	秋田県	横手市	市	アキタケン	ヨコテシ	akita	yokote
052043	秋田県	大館市	市	アキタケン	オオダテシ	akita	odate
052060	秋田県	男鹿市	市	アキタケン	オガシ	akita	oga
052078	秋田県	湯沢市	市	アキタケン	ユザワシ	akita	yuzawa
052094	秋田県	鹿角市	市	アキタケン	カヅノシ	akita	kazuno
052108	秋田県	由利本荘市	市	アキタケン	ユリホンジョウシ	akita	yurihonjo
052116	秋田県	潟上市	市	アキタケン	カタガミシ	akita	katagami
052124	秋田県	大仙市	市	アキタケン	ダイセンシ	akita	daisen
052132	秋田県	北秋田市	市	アキタケン	キタアキタシ	akita	kitaakita
052141	秋田県	にかほ市	市	アキタケン	ニカホシ	akita	nikaho
052159	秋田県	仙北市	市	アキタケン	センボクシ	akita	semboku
053031	秋田県	小坂町	町	アキタケン	コサカマチ	akita	kosaka
053279	秋田県	上小阿仁村	村	アキタケン	カミコアニムラ	akita	kamikoani
053465	秋田県	藤里町	町	アキタケン	フジサトマチ	akita	fujisato
053481	秋田県	三種町	町	アキタケン	ミタネチョウ	akita	mitane
053490	秋田県	八峰町	町	アキタケン	ハッポウチョウ	akita	happo
053619	秋田県	五城目町	町	アキタケン	ゴジョウメマチ	akita	gojome
053635	秋田県	八郎潟町	町	アキタケン	ハチロウガタマチ	akita	hachirogata
053660	秋田県	井川町	町	アキタケン	イカワマチ	akita	ikawa
053686	秋田県	大潟村	村	アキタケン	オオガタムラ	akita	ogata
054348	秋田県	美郷町	町	アキタケン	ミサトチョウ	akita	misato
054631	秋田県	羽後町	町	アキタケン	ウゴマチ	akita	ugo
054640	秋田県	東成瀬村	村	アキタケン	ヒガシナルセムラ	akita	higashinaruse
062014	山形県	山形市	市	ヤマガタケン	ヤマガタシ	yamagata	yamagata
062022	山形県	米沢市	市	ヤマガタケン	ヨネザワシ	yamagata	yonezawa
062031	山形県	鶴岡市	市	ヤマガタケン	ツルオカシ	yamagata	tsuruoka
062049	山形県	酒田市	市	ヤマガタケン	サカタシ	yamagata	sakata
062057	山形県	新庄市	市	ヤマガタケン	シンジョウシ	yamagata	shinjo
062065	山形県	寒河江市	市	ヤマガタケン	サガエシ	yamagata	sagae
062073	山形県	上山市	市	ヤマガタケン	カミノヤマシ	yamagata	kaminoyama
062081	山形県	村山市	市	ヤマガタケン	ムラヤマシ	yamagata	murayama
062090	山形県	長井市	市	ヤマガタケン	ナガイシ	yamagata	nagai
062103	山形県	天童市	市	ヤマガタケン	テンドウシ	yamagata	tendo
062111	山形県	東根市	市	ヤマガタケン	ヒガシネシ	yamagata	higashine
062120	山形県	尾花沢市	市	ヤマガタケン	オバナザワシ	yamagata	obanazawa
062138	山形県	南陽市	市	ヤマガタケン	ナンヨウシ	yamagata	nanyo
063011	山形県	山辺町	町	ヤマガタケン	ヤマノベマチ	yamagata	yamanobe
063029	山形県	中山町	町	ヤマガタケン	ナカヤママチ	yamagata	nakayama
063215	山形県	河北町	町	ヤマガタケン	カホクチョウ	yamagata	kahoku
063223	山形県	西川町	町	ヤマガタケン	ニシカワマチ	yamagata	nishikawa
063231	山形県	朝日町	町	ヤマガタケン	アサヒマチ	yamagata	asahi
063240	山形県	大江町	町	ヤマガタケン	オオエマチ	yamagata	oe
063410	山形県	大石田町	町	ヤマガタケン	オオイシダマチ	yamagata	oishida
063614	山形県	金山町	町	ヤマガタケン	カネヤママチ	yamagata	kaneyama
063622	山形県	最上町	町	ヤマガタケン	モガミマチ	yamagata	mogami
063631	山形県	舟形町	町	ヤマガタケン	フナガタマチ	yamagata	funagata
063649	山形県	真室川町	町	ヤマガタケン	マムロガワマチ	yamagata	mamurogawa
063657	山形県	大蔵村	村	ヤマガタケン	オオクラムラ	yamagata	okura
063665	山形県	鮭川村	村	ヤマガタケン	サケガワムラ	yamagata	sakegawa
063673	山形県	戸沢村	村	ヤマガタケン	トザワムラ	yamagata	tozawa
063819	山形県	高畠町	町	ヤマガタケン	タカハタマチ	yamagata	takahata
063827	山形県	川西町	町	ヤマガタケン	カワニシマチ	yamagata	kawanishi
064017	山形県	小国町	町	ヤマガタケン	オグニマチ	yamagata	oguni
064025	山形県	白鷹町	町	ヤマガタケン	シラタカマチ	yamagata	shirataka
064033	山形県	飯豊町	町	ヤマガタケン	イイデマチ	yamagata	iide
064262	山形県	三川町	町	ヤマガタケン	ミカワマチ	yamagata	mikawa
064289	山形県	庄内町	町	ヤマガタケン	シヨウナイマチ	yamagata	shiyonai
064611	山形県	遊佐町	町	ヤマガタケン	ユザマチ	yamagata	yuza
072010	福島県	福島市	市	フクシマケン	フクシマシ	kushima	fukushima
072028	福島県	会津若松市	市	フクシマケン	アイヅワカマツシ	kushima	aizuwakamatsu
072036	福島県	郡山市	市	フクシマケン	コオリヤマシ	kushima	kooriyama
072044	福島県	いわき市	市	フクシマケン	イワキシ	kushima	iwaki
072052	福島県	白河市	市	フクシマケン	シラカワシ	kushima	shirakawa
072079	福島県	須賀川市	市	フクシマケン	スカガワシ	kushima	sukagawa
072087	福島県	喜多方市	市	フクシマケン	キタカタシ	kushima	kitakata
072095	福島県	相馬市	市	フクシマケン	ソウマシ	kushima	soma
072109	福島県	二本松市	市	フクシマケン	ニホンマツシ	kushima	nihommatsu
072117	福島県	田村市	市	フクシマケン	タムラシ	kushima	tamura
072125	福島県	南相馬市	市	フクシマケン	ミナミソウマシ	kushima	minamisoma
072133	福島県	伊達市	市	フクシマケン	ダテシ	kushima	date
072141	福島県	本宮市	市	フクシマケン	モトミヤシ	kushima	motomiya
073016	福島県	桑折町	町	フクシマケン	コオリマチ	kushima	koori
073032	福島県	国見町	町	フクシマケン	クニミマチ	kushima	kunimi
073083	福島県	川俣町	町	フクシマケン	カワマタマチ	kushima	kawamata
073229	福島県	大玉村	村	フクシマケン	オオタマムラ	kushima	otama
073423	福島県	鏡石町	町	フクシマケン	カガミイシマチ	kushima	kagamiishi
073440	福島県	天栄村	村	フクシマケン	テンエイムラ	kushima	tenei
073628	福島県	下郷町	町	フクシマケン	シモゴウマチ	kushima	shimogo
073644	福島県	檜枝岐村	村	フクシマケン	ヒノエマタムラ	kushima	hinoemata
073679	福島県	只見町	町	フクシマケン	タダミマチ	kushima	tadami
073687	福島県	南会津町	町	フクシマケン	ミナミアイヅマチ	kushima	minamiaizu
074021	福島県	北塩原村	村	フクシマケン	キタシオバラムラ	kushima	kitashiobara
074055	福島県	西会津町	町	フクシマケン	ニシアイヅマチ	kushima	nishiaizu
074071	福島県	磐梯町	町	フクシマケン	バンダイマチ	kushima	bandai
074080	福島県	猪苗代町	町	フクシマケン	イナワシロマチ	kushima	inawashiro
074217	福島県	会津坂下町	町	フクシマケン	アイヅバンゲマチ	kushima	aizubange
074225	福島県	湯川村	村	フクシマケン	ユガワムラ	kushima	yugawa
074233	福島県	柳津町	町	フクシマケン	ヤナイヅマチ	kushima	yanaizu
074446	福島県	三島町	町	フクシマケン	ミシママチ	kushima	mishima
074454	福島県	金山町	町	フクシマケン	カネヤママチ	kushima	kaneyama
074462	福島県	昭和村	村	フクシマケン	ショウワムラ	kushima	showa
074471	福島県	会津美里町	町	フクシマケン	アイヅミサトマチ	kushima	aizumisato
074616	福島県	西郷村	村	フクシマケン	ニシゴウムラ	kushima	nishigo
074641	福島県	泉崎村	村	フクシマケン	イズミザキムラ	kushima	izumizaki
074659	福島県	中島村	村	フクシマケン	ナカジマムラ	kushima	nakajima
074667	福島県	矢吹町	町	フクシマケン	ヤブキマチ	kushima	yabuki
074811	福島県	棚倉町	町	フクシマケン	タナグラマチ	kushima	tanagura
074829	福島県	矢祭町	町	フクシマケン	ヤマツリマチ	kushima	yamatsuri
074837	福島県	塙町	町	フクシマケン	ハナワマチ	kushima	hanawa
074845	福島県	鮫川村	村	フクシマケン	サメガワムラ	kushima	samegawa
075019	福島県	石川町	町	フクシマケン	イシカワマチ	kushima	ishikawa
075027	福島県	玉川村	村	フクシマケン	タマカワムラ	kushima	tamakawa
075035	福島県	平田村	村	フクシマケン	ヒラタムラ	kushima	hirata
075043	福島県	浅川町	町	フクシマケン	アサカワマチ	kushima	asakawa
075051	福島県	古殿町	町	フクシマケン	フルドノマチ	kushima	furudono
075213	福島県	三春町	町	フクシマケン	ミハルマチ	kushima	miharu
075221	福島県	小野町	町	フクシマケン	オノマチ	kushima	ono
075418	福島県	広野町	町	フクシマケン	ヒロノマチ	kushima	hirono
075426	福島県	楢葉町	町	フクシマケン	ナラハマチ	kushima	naraha
075434	福島県	富岡町	町	フクシマケン	トミオカマチ	kushima	tomioka
075442	福島県	川内村	村	フクシマケン	カワウチムラ	kushima	kawauchi
075451	福島県	大熊町	町	フクシマケン	オオクママチ	kushima	okuma
075469	福島県	双葉町	町	フクシマケン	フタバマチ	kushima	futaba
075477	福島県	浪江町	町	フクシマケン	ナミエマチ	kushima	namie
075485	福島県	葛尾村	村	フクシマケン	カツラオムラ	kushima	katsurao
075612	福島県	新地町	町	フクシマケン	シンチマチ	kushima	shinchi
075647	福島県	飯舘村	村	フクシマケン	イイタテムラ	kushima	iitate
082015	茨城県	水戸市	市	イバラキケン	ミトシ	ibaraki	mito
082023	茨城県	日立市	市	イバラキケン	ヒタチシ	ibaraki	hitachi
082031	茨城県	土浦市	市	イバラキケン	ツチウラシ	ibaraki	tsuchiura
082040	茨城県	古河市	市	イバラキケン	コガシ	ibaraki	koga
082058	茨城県	石岡市	市	イバラキケン	イシオカシ	ibaraki	ishioka
082074	茨城県	結城市	市	イバラキケン	ユウキシ	ibaraki	yuuki
082082	茨城県	龍ケ崎市	市	イバラキケン	リュウガサキシ	ibaraki	ryugasaki
082104	茨城県	下妻市	市	イバラキケン	シモツマシ	ibaraki	shimotsuma
082112	茨城県	常総市	市	イバラキケン	ジョウソウシ	ibaraki	joso
082121	茨城県	常陸太田市	市	イバラキケン	ヒタチオオタシ	ibaraki	hitachiota
082147	茨城県	高萩市	市	イバラキケン	タカハギシ	ibaraki	takahagi
082155	茨城県	北茨城市	市	イバラキケン	キタイバラキシ	ibaraki	kitaibaraki
082163	茨城県	笠間市	市	イバラキケン	カサマシ	ibaraki	kasama
082171	茨城県	取手市	市	イバラキケン	トリデシ	ibaraki	toride
082198	茨城県	牛久市	市	イバラキケン	ウシクシ	ibaraki	ushiku
082201	茨城県	つくば市	市	イバラキケン	ツクバシ	ibaraki	tsukuba
082210	茨城県	ひたちなか市	市	イバラキケン	ヒタチナカシ	ibaraki	hitachinaka
082228	茨城県	鹿嶋市	市	イバラキケン	カシマシ	ibaraki	kashima
082236	茨城県	潮来市	市	イバラキケン	イタコシ	ibaraki	itako
082244	茨城県	守谷市	市	イバラキケン	モリヤシ	ibaraki	moriya
082252	茨城県	常陸大宮市	市	イバラキケン	ヒタチオオミヤシ	ibaraki	hitachiomiya
082261	茨城県	那珂市	市	イバラキケン	ナカシ	ibaraki	naka
082279	茨城県	筑西市	市	イバラキケン	チクセイシ	ibaraki	chikusei
082287	茨城県	坂東市	市	イバラキケン	バンドウシ	ibaraki	bando
082295	茨城県	稲敷市	市	イバラキケン	イナシキシ	ibaraki	inashiki
082309	茨城県	かすみがうら市	市	イバラキケン	カスミガウラシ	ibaraki	kasumigaura
082317	茨城県	桜川市	市	イバラキケン	サクラガワシ	ibaraki	sakuragawa
082325	茨城県	神栖市	市	イバラキケン	カミスシ	ibaraki	kamisu
082333	茨城県	行方市	市	イバラキケン	ナメガタシ	ibaraki	namegata
082341	茨城県	鉾田市	市	イバラキケン	ホコタシ	ibaraki	hokota
082350	茨城県	つくばみらい市	市	イバラキケン	ツクバミライシ	ibaraki	tsukubamirai
082368	茨城県	小美玉市	市	イバラキケン	オミタマシ	ibaraki	omitama
083020	茨城県	茨城町	町	イバラキケン	イバラキマチ	ibaraki	ibaraki
083097	茨城県	大洗町	町	イバラキケン	オオアライマチ	ibaraki	oarai
083101	茨城県	城里町	町	イバラキケン	シロサトマチ	ibaraki	shirosato
083411	茨城県	東海村	村	イバラキケン	トウカイムラ	ibaraki	tokai
083640	茨城県	大子町	町	イバラキケン	ダイゴマチ	ibaraki	daigo
084425	茨城県	美浦村	村	イバラキケン	ミホムラ	ibaraki	miho
084433	茨城県	阿見町	町	イバラキケン	アミマチ	ibaraki	ami
084476	茨城県	河内町	町	イバラキケン	カワチマチ	ibaraki	kawachi
085219	茨城県	八千代町	町	イバラキケン	ヤチヨマチ	ibaraki	yachiyo
085421	茨城県	五霞町	町	イバラキケン	ゴカマチ	ibaraki	goka
085464	茨城県	境町	町	イバラキケン	サカイマチ	ibaraki	sakai
085642	茨城県	利根町	町	イバラキケン	トネマチ	ibaraki	tone
092011	栃木県	宇都宮市	市	トチギケン	ウツノミヤシ	chigi	utsunomiya
092029	栃木県	足利市	市	トチギケン	アシカガシ	chigi	ashikaga
092037	栃木県	栃木市	市	トチギケン	トチギシ	chigi	tochigi
092045	栃木県	佐野市	市	トチギケン	サノシ	chigi	sano
092053	栃木県	鹿沼市	市	トチギケン	カヌマシ	chigi	kanuma
092061	栃木県	日光市	市	トチギケン	ニッコウシ	chigi	nikko
092088	栃木県	小山市	市	トチギケン	オヤマシ	chigi	oyama
092096	栃木県	真岡市	市	トチギケン	モオカシ	chigi	mooka
092100	栃木県	大田原市	市	トチギケン	オオタワラシ	chigi	otawara
092118	栃木県	矢板市	市	トチギケン	ヤイタシ	chigi	yaita
092134	栃木県	那須塩原市	市	トチギケン	ナスシオバラシ	chigi	nasushiobara
092142	栃木県	さくら市	市	トチギケン	サクラシ	chigi	sakura
092151	栃木県	那須烏山市	市	トチギケン	ナスカラスヤマシ	chigi	nasukarasuyama
092169	栃木県	下野市	市	トチギケン	シモツケシ	chigi	shimotsuke
093017	栃木県	上三川町	町	トチギケン	カミノカワマチ	chigi	kaminokawa
093424	栃木県	益子町	町	トチギケン	マシコマチ	chigi	mashiko
093432	栃木県	茂木町	町	トチギケン	モテギマチ	chigi	motegi
093441	栃木県	市貝町	町	トチギケン	イチカイマチ	chigi	ichikai
093459	栃木県	芳賀町	町	トチギケン	ハガマチ	chigi	haga
093611	栃木県	壬生町	町	トチギケン	ミブマチ	chigi	mibu
093645	栃木県	野木町	町	トチギケン	ノギマチ	chigi	nogi
093840	栃木県	塩谷町	町	トチギケン	シオヤマチ	chigi	shioya
093866	栃木県	高根沢町	町	トチギケン	タカネザワマチ	chigi	takanezawa
094072	栃木県	那須町	町	トチギケン	ナスマチ	chigi	nasu
094111	栃木県	那珂川町	町	トチギケン	ナカガワマチ	chigi	nakagawa
102016	群馬県	前橋市	市	グンマケン	マエバシシ	gumma	maebashi
102024	群馬県	高崎市	市	グンマケン	タカサキシ	gumma	takasaki
102032	群馬県	桐生市	市	グンマケン	キリュウシ	gumma	kiryu
102041	群馬県	伊勢崎市	市	グンマケン	イセサキシ	gumma	isesaki
102059	群馬県	太田市	市	グンマケン	オオタシ	gumma	ota
102067	群馬県	沼田市	市	グンマケン	ヌマタシ	gumma	numata
102075	群馬県	館林市	市	グンマケン	タテバヤシシ	gumma	tatebayashi
102083	群馬県	渋川市	市	グンマケン	シブカワシ	gumma	shibukawa
102091	群馬県	藤岡市	市	グンマケン	フジオカシ	gumma	fujioka
102105	群馬県	富岡市	市	グンマケン	トミオカシ	gumma	tomioka
102113	群馬県	安中市	市	グンマケン	アンナカシ	gumma	annaka
102121	群馬県	みどり市	市	グンマケン	ミドリシ	gumma	midori
103446	群馬県	榛東村	村	グンマケン	シントウムラ	gumma	shinto
103454	群馬県	吉岡町	町	グンマケン	ヨシオカマチ	gumma	yoshioka
103667	群馬県	上野村	村	グンマケン	ウエノムラ	gumma	ueno
103675	群馬県	神流町	町	グンマケン	カンナマチ	gumma	kanna
103829	群馬県	下仁田町	町	グンマケン	シモニタマチ	gumma	shimonita
103837	群馬県	南牧村	村	グンマケン	ナンモクムラ	gumma	nammoku
103845	群馬県	甘楽町	町	グンマケン	カンラマチ	gumma	kanra
104213	群馬県	中之条町	町	グンマケン	ナカノジヨウマチ	gumma	nakanojiyo
104248	群馬県	長野原町	町	グンマケン	ナガノハラマチ	gumma	naganohara
104256	群馬県	嬬恋村	村	グンマケン	ツマゴイムラ	gumma	tsumagoi
104264	群馬県	草津町	町	グンマケン	クサツマチ	gumma	kusatsu
104281	群馬県	高山村	村	グンマケン	タカヤマムラ	gumma	takayama
104299	群馬県	東吾妻町	町	グンマケン	ヒガシアガツママチ	gumma	higashiagatsuma
104434	群馬県	片品村	村	グンマケン	カタシナムラ	gumma	katashina
104442	群馬県	川場村	村	グンマケン	カワバムラ	gumma	kawaba
104485	群馬県	昭和村	村	グンマケン	ショウワムラ	gumma	showa
104493	群馬県	みなかみ町	町	グンマケン	ミナカミマチ	gumma	minakami
104647	群馬県	玉村町	町	グンマケン	タマムラマチ	gumma	tamamura
105210	群馬県	板倉町	町	グンマケン	イタクラマチ	gumma	itakura
105228	群馬県	明和町	町	グンマケン	メイワマチ	gumma	meiwa
105236	群馬県	千代田町	町	グンマケン	チヨダマチ	gumma	chiyoda
105244	群馬県	大泉町	町	グンマケン	オオイズミマチ	gumma	oizumi
105252	群馬県	邑楽町	町	グンマケン	オウラマチ	gumma	ora
111007	埼玉県	さいたま市	市	サイタマケン	サイタマシ	saitama	saitama
112011	埼玉県	川越市	市	サイタマケン	カワゴエシ	saitama	kawagoe
112020	埼玉県	熊谷市	市	サイタマケン	クマガヤシ	saitama	kumagaya
112038	埼玉県	川口市	市	サイタマケン	カワグチシ	saitama	kawaguchi
112062	埼玉県	行田市	市	サイタマケン	ギヨウダシ	saitama	giyoda
112071	埼玉県	秩父市	市	サイタマケン	チチブシ	saitama	chichibu
112089	埼玉県	所沢市	市	サイタマケン	トコロザワシ	saitama	tokorozawa
112097	埼玉県	飯能市	市	サイタマケン	ハンノウシ	saitama	hanno
112101	埼玉県	加須市	市	サイタマケン	カゾシ	saitama	kazo
112119	埼玉県	本庄市	市	サイタマケン	ホンジヨウシ	saitama	honjiyo
112127	埼玉県	東松山市	市	サイタマケン	ヒガシマツヤマシ	saitama	higashimatsuyama
112143	埼玉県	春日部市	市	サイタマケン	カスカベシ	saitama	kasukabe
112151	埼玉県	狭山市	市	サイタマケン	サヤマシ	saitama	sayama
112160	埼玉県	羽生市	市	サイタマケン	ハニユウシ	saitama	haniyuu
112178	埼玉県	鴻巣市	市	サイタマケン	コウノスシ	saitama	konosu
112186	埼玉県	深谷市	市	サイタマケン	フカヤシ	saitama	fukaya
112194	埼玉県	上尾市	市	サイタマケン	アゲオシ	saitama	ageo
112216	埼玉県	草加市	市	サイタマケン	ソウカシ	saitama	soka
112224	埼玉県	越谷市	市	サイタマケン	コシガヤシ	saitama	koshigaya
112232	埼玉県	蕨市	市	サイタマケン	ワラビシ	saitama	warabi
112241	埼玉県	戸田市	市	サイタマケン	トダシ	saitama	toda
112259	埼玉県	入間市	市	サイタマケン	イルマシ	saitama	iruma
112275	埼玉県	朝霞市	市	サイタマケン	アサカシ	saitama	asaka
112283	埼玉県	志木市	市	サイタマケン	シキシ	saitama	shiki
112291	埼玉県	和光市	市	サイタマケン	ワコウシ	saitama	wako
112305	埼玉県	新座市	市	サイタマケン	ニイザシ	saitama	niiza
112313	埼玉県	桶川市	市	サイタマケン	オケガワシ	saitama	okegawa
112321	埼玉県	久喜市	市	サイタマケン	クキシ	saitama	kuki
112330	埼玉県	北本市	市	サイタマケン	キタモトシ	saitama	kitamoto
112348	埼玉県	八潮市	市	サイタマケン	ヤシオシ	saitama	yashio
112356	埼玉県	富士見市	市	サイタマケン	フジミシ	saitama	fujimi
112372	埼玉県	三郷市	市	サイタマケン	ミサトシ	saitama	misato
112381	埼玉県	蓮田市	市	サイタマケン	ハスダシ	saitama	hasuda
112399	埼玉県	坂戸市	市	サイタマケン	サカドシ	saitama	sakado
112402	埼玉県	幸手市	市	サイタマケン	サッテシ	saitama	satte
112411	埼玉県	鶴ヶ島市	市	サイタマケン	ツルガシマシ	saitama	tsurugashima
112429	埼玉県	日高市	市	サイタマケン	ヒダカシ	saitama	hidaka
112437	埼玉県	吉川市	市	サイタマケン	ヨシカワシ	saitama	yoshikawa
112453	埼玉県	ふじみ野市	市	サイタマケン	フジミノシ	saitama	fujimino
112461	埼玉県	白岡市シラオカシ	?	サイタマケン	シラオカシ	saitama	shiraoka
113018	埼玉県	伊奈町	町	サイタマケン	イナマチ	saitama	ina
113247	埼玉県	三芳町	町	サイタマケン	ミヨシマチ	saitama	miyoshi
113263	埼玉県	毛呂山町	町	サイタマケン	モロヤママチ	saitama	moroyama
113271	埼玉県	越生町	町	サイタマケン	オゴセマチ	saitama	ogose
113417	埼玉県	滑川町	町	サイタマケン	ナメガワマチ	saitama	namegawa
113425	埼玉県	嵐山町	町	サイタマケン	ランザンマチ	saitama	ranzan
113433	埼玉県	小川町	町	サイタマケン	オガワマチ	saitama	ogawa
113468	埼玉県	川島町	町	サイタマケン	カワジママチ	saitama	kawajima
113476	埼玉県	吉見町	町	サイタマケン	ヨシミマチ	saitama	yoshimi
113484	埼玉県	鳩山町	町	サイタマケン	ハトヤママチ	saitama	hatoyama
113492	埼玉県	ときがわ町	町	サイタマケン	トキガワマチ	saitama	tokigawa
113611	埼玉県	横瀬町	町	サイタマケン	ヨコゼマチ	saitama	yokoze
113620	埼玉県	皆野町	町	サイタマケン	ミナノマチ	saitama	minano
113638	埼玉県	長瀞町	町	サイタマケン	ナガトロマチ	saitama	nagatoro
113654	埼玉県	小鹿野町	町	サイタマケン	オガノマチ	saitama	ogano
113697	埼玉県	東秩父村	村	サイタマケン	ヒガシチチブムラ	saitama	higashichichibu
113816	埼玉県	美里町	町	サイタマケン	ミサトマチ	saitama	misato
113832	埼玉県	神川町	町	サイタマケン	カミカワマチ	saitama	kamikawa
113859	埼玉県	上里町	町	サイタマケン	カミサトマチ	saitama	kamisato
114081	埼玉県	寄居町	町	サイタマケン	ヨリイマチ	saitama	yorii
114421	埼玉県	宮代町	町	サイタマケン	ミヤシロマチ	saitama	miyashiro
114642	埼玉県	杉戸町	町	サイタマケン	スギトマチ	saitama	sugito
114651	埼玉県	松伏町	町	サイタマケン	マツブシマチ	saitama	matsubushi
121002	千葉県	千葉市	市	チバケン	チバシ	chiba	chiba
122025	千葉県	銚子市	市	チバケン	チョウシシ	chiba	choshi
122033	千葉県	市川市	市	チバケン	イチカワシ	chiba	ichikawa
122041	千葉県	船橋市	市	チバケン	フナバシシ	chiba	funabashi
122050	千葉県	館山市	市	チバケン	タテヤマシ	chiba	tateyama
122068	千葉県	木更津市	市	チバケン	キサラヅシ	chiba	kisarazu
122076	千葉県	松戸市	市	チバケン	マツドシ	chiba	matsudo
122084	千葉県	野田市	市	チバケン	ノダシ	chiba	noda
122106	千葉県	茂原市	市	チバケン	モバラシ	chiba	mobara
122114	千葉県	成田市	市	チバケン	ナリタシ	chiba	narita
122122	千葉県	佐倉市	市	チバケン	サクラシ	chiba	sakura
122131	千葉県	東金市	市	チバケン	トウガネシ	chiba	togane
122157	千葉県	旭市	市	チバケン	アサヒシ	chiba	asahi
122165	千葉県	習志野市	市	チバケン	ナラシノシ	chiba	narashino
122173	千葉県	柏市	市	チバケン	カシワシ	chiba	kashiwa
122181	千葉県	勝浦市	市	チバケン	カツウラシ	chiba	katsuura
122190	千葉県	市原市	市	チバケン	イチハラシ	chiba	ichihara
122203	千葉県	流山市	市	チバケン	ナガレヤマシ	chiba	nagareyama
122211	千葉県	八千代市	市	チバケン	ヤチヨシ	chiba	yachiyo
122220	千葉県	我孫子市	市	チバケン	アビコシ	chiba	abiko
122238	千葉県	鴨川市	市	チバケン	カモガワシ	chiba	kamogawa
122246	千葉県	鎌ケ谷市	市	チバケン	カマガヤシ	chiba	kamagaya
122254	千葉県	君津市	市	チバケン	キミツシ	chiba	kimitsu
122262	千葉県	富津市	市	チバケン	フッツシ	chiba	futtsu
122271	千葉県	浦安市	市	チバケン	ウラヤスシ	chiba	urayasu
122289	千葉県	四街道市	市	チバケン	ヨツカイドウシ	chiba	yotsukaido
122297	千葉県	袖ケ浦市	市	チバケン	ソデガウラシ	chiba	sodegaura
122301	千葉県	八街市	市	チバケン	ヤチマタシ	chiba	yachimata
122319	千葉県	印西市	市	チバケン	インザイシ	chiba	inzai
122327	千葉県	白井市	市	チバケン	シロイシ	chiba	shiroi
122335	千葉県	富里市	市	チバケン	トミサトシ	chiba	tomisato
122343	千葉県	南房総市	市	チバケン	ミナミボウソウシ	chiba	minamiboso
122351	千葉県	匝瑳市	市	チバケン	ソウサシ	chiba	sosa
122360	千葉県	香取市	市	チバケン	カトリシ	chiba	katori
122378	千葉県	山武市	市	チバケン	サンムシ	chiba	sammu
122386	千葉県	いすみ市	市	チバケン	イスミシ	chiba	isumi
122394	千葉県	大網白里市シ	?	チバケン	オオアミシラサトシ	chiba	oamishirasato
123226	千葉県	酒々井町	町	チバケン	シスイマチ	chiba	shisui
123293	千葉県	栄町	町	チバケン	サカエマチ	chiba	sakae
123421	千葉県	神崎町	町	チバケン	コウザキマチ	chiba	kozaki
123471	千葉県	多古町	町	チバケン	タコマチ	chiba	tako
123498	千葉県	東庄町	町	チバケン	トウノショウマチ	chiba	tonosho
124036	千葉県	九十九里町	町	チバケン	クジユウクリマチ	chiba	kujiyuukuri
124095	千葉県	芝山町	町	チバケン	シバヤママチ	chiba	shibayama
124109	千葉県	横芝光町	町	チバケン	ヨコシバヒカリマチ	chiba	yokoshibahikari
124214	千葉県	一宮町	町	チバケン	イチノミヤマチ	chiba	ichinomiya
124222	千葉県	睦沢町	町	チバケン	ムツザワマチ	chiba	mutsuzawa
124231	千葉県	長生村	村	チバケン	チョウセイムラ	chiba	chosei
124249	千葉県	白子町	町	チバケン	シラコマチ	chiba	shirako
124265	千葉県	長柄町	町	チバケン	ナガラマチ	chiba	nagara
124273	千葉県	長南町	町	チバケン	チョウナンマチ	chiba	chonan
124419	千葉県	大多喜町	町	チバケン	オオタキマチ	chiba	otaki
124435	千葉県	御宿町	町	チバケン	オンジユクマチ	chiba	onjiyuku
124630	千葉県	鋸南町	町	チバケン	キヨナンマチ	chiba	kiyonan
131016	東京都	千代田区	区	トウキョウト	チヨダク	ukyo	chiyoda
131024	東京都	中央区	区	トウキョウト	チュウオウク	ukyo	chuo
131032	東京都	港区	区	トウキョウト	ミナトク	ukyo	minato
131041	東京都	新宿区	区	トウキョウト	シンジュクク	ukyo	shinjuku
131059	東京都	文京区	区	トウキョウト	ブンキョウク	ukyo	bunkyo
131067	東京都	台東区	区	トウキョウト	タイトウク	ukyo	taito
131075	東京都	墨田区	区	トウキョウト	スミダク	ukyo	sumida
131083	東京都	江東区	区	トウキョウト	コウトウク	ukyo	koto
131091	東京都	品川区	区	トウキョウト	シナガワク	ukyo	shinagawa
131105	東京都	目黒区	区	トウキョウト	メグロク	ukyo	meguro
131113	東京都	大田区	区	トウキョウト	オオタク	ukyo	ota
131121	東京都	世田谷区	区	トウキョウト	セタガヤク	ukyo	setagaya
131130	東京都	渋谷区	区	トウキョウト	シブヤク	ukyo	shibuya
131148	東京都	中野区	区	トウキョウト	ナカノク	ukyo	nakano
131156	東京都	杉並区	区	トウキョウト	スギナミク	ukyo	suginami
131164	東京都	豊島区	区	トウキョウト	トシマク	ukyo	toshima
131172	東京都	北区	区	トウキョウト	キタク	ukyo	kita
131181	東京都	荒川区	区	トウキョウト	アラカワク	ukyo	arakawa
131199	東京都	板橋区	区	トウキョウト	イタバシク	ukyo	itabashi
131202	東京都	練馬区	区	トウキョウト	ネリマク	ukyo	nerima
131211	東京都	足立区	区	トウキョウト	アダチク	ukyo	adachi
131229	東京都	葛飾区	区	トウキョウト	カツシカク	ukyo	katsushika
131237	東京都	江戸川区	区	トウキョウト	エドガワク	ukyo	edogawa
132012	東京都	八王子市	市	トウキョウト	ハチオウジシ	ukyo	hachioji
132021	東京都	立川市	市	トウキョウト	タチカワシ	ukyo	tachikawa
132039	東京都	武蔵野市	市	トウキョウト	ムサシノシ	ukyo	musashino
132047	東京都	三鷹市	市	トウキョウト	ミタカシ	ukyo	mitaka
132055	東京都	青梅市	市	トウキョウト	オウメシ	ukyo	ome
132063	東京都	府中市	市	トウキョウト	フチュウシ	ukyo	fuchu
132071	東京都	昭島市	市	トウキョウト	アキシマシ	ukyo	akishima
132080	東京都	調布市	市	トウキョウト	チョウフシ	ukyo	chofu
132098	東京都	町田市	市	トウキョウト	マチダシ	ukyo	machida
132101	東京都	小金井市	市	トウキョウト	コガネイシ	ukyo	koganei
132110	東京都	小平市	市	トウキョウト	コダイラシ	ukyo	kodaira
132128	東京都	日野市	市	トウキョウト	ヒノシ	ukyo	hino
132136	東京都	東村山市	市	トウキョウト	ヒガシムラヤマシ	ukyo	higashimurayama
132144	東京都	国分寺市	市	トウキョウト	コクブンジシ	ukyo	kokubunji
132152	東京都	国立市	市	トウキョウト	クニタチシ	ukyo	kunitachi
132187	東京都	福生市	市	トウキョウト	フッサシ	ukyo	fussa
132195	東京都	狛江市	市	トウキョウト	コマエシ	ukyo	komae
132209	東京都	東大和市	市	トウキョウト	ヒガシヤマトシ	ukyo	higashiyamato
132217	東京都	清瀬市	市	トウキョウト	キヨセシ	ukyo	kiyose
132225	東京都	東久留米市	市	トウキョウト	ヒガシクルメシ	ukyo	higashikurume
132233	東京都	武蔵村山市	市	トウキョウト	ムサシムラヤマシ	ukyo	musashimurayama
132241	東京都	多摩市	市	トウキョウト	タマシ	ukyo	tama
132250	東京都	稲城市	市	トウキョウト	イナギシ	ukyo	inagi
132276	東京都	羽村市	市	トウキョウト	ハムラシ	ukyo	hamura
132284	東京都	あきる野市	市	トウキョウト	アキルノシ	ukyo	akiruno
132292	東京都	西東京市	市	トウキョウト	ニシトウキョウシ	ukyo	nishitokyo
133035	東京都	瑞穂町	町	トウキョウト	ミズホマチ	ukyo	mizuho
133051	東京都	日の出町	町	トウキョウト	ヒノデマチ	ukyo	hinode
133078	東京都	檜原村	村	トウキョウト	ヒノハラムラ	ukyo	hinohara
133086	東京都	奥多摩町	町	トウキョウト	オクタママチ	ukyo	okutama
133612	東京都	大島町	町	トウキョウト	オオシママチ	ukyo	oshima
133621	東京都	利島村	村	トウキョウト	トシマムラ	ukyo	toshima
133639	東京都	新島村	村	トウキョウト	ニイジマムラ	ukyo	niijima
133647	東京都	神津島村	村	トウキョウト	コウヅシマムラ	ukyo	kozushima
133817	東京都	三宅村	村	トウキョウト	ミヤケムラ	ukyo	miyake
133825	東京都	御蔵島村	村	トウキョウト	ミクラジマムラ	ukyo	mikurajima
134015	東京都	八丈町	町	トウキョウト	ハチジョウマチ	ukyo	hachijo
134023	東京都	青ヶ島村	村	トウキョウト	アオガシマムラ	ukyo	aogashima
134210	東京都	小笠原村	村	トウキョウト	オガサワラムラ	ukyo	ogasawara
141003	神奈川県	横浜市	市	カナガワケン	ヨコハマシ	kanagawa	yokohama
141305	神奈川県	川崎市	市	カナガワケン	カワサキシ	kanagawa	kawasaki
141500	神奈川県	相模原市	市	カナガワケン	サガミハラシ	kanagawa	sagamihara
142018	神奈川県	横須賀市	市	カナガワケン	ヨコスカシ	kanagawa	yokosuka
142034	神奈川県	平塚市	市	カナガワケン	ヒラツカシ	kanagawa	hiratsuka
142042	神奈川県	鎌倉市	市	カナガワケン	カマクラシ	kanagawa	kamakura
142051	神奈川県	藤沢市	市	カナガワケン	フジサワシ	kanagawa	fujisawa
142069	神奈川県	小田原市	市	カナガワケン	オダワラシ	kanagawa	odawara
142077	神奈川県	茅ヶ崎市	市	カナガワケン	チガサキシ	kanagawa	chigasaki
142085	神奈川県	逗子市	市	カナガワケン	ズシシ	kanagawa	zushi
142107	神奈川県	三浦市	市	カナガワケン	ミウラシ	kanagawa	miura
142115	神奈川県	秦野市	市	カナガワケン	ハダノシ	kanagawa	hadano
142123	神奈川県	厚木市	市	カナガワケン	アツギシ	kanagawa	atsugi
142131	神奈川県	大和市	市	カナガワケン	ヤマトシ	kanagawa	yamato
142140	神奈川県	伊勢原市	市	カナガワケン	イセハラシ	kanagawa	isehara
142158	神奈川県	海老名市	市	カナガワケン	エビナシ	kanagawa	ebina
142166	神奈川県	座間市	市	カナガワケン	ザマシ	kanagawa	zama
142174	神奈川県	南足柄市	市	カナガワケン	ミナミアシガラシ	kanagawa	minamiashigara
142182	神奈川県	綾瀬市	市	カナガワケン	アヤセシ	kanagawa	ayase
143014	神奈川県	葉山町	町	カナガワケン	ハヤママチ	kanagawa	hayama
143219	神奈川県	寒川町	町	カナガワケン	サムカワマチ	kanagawa	samukawa
143413	神奈川県	大磯町	町	カナガワケン	オオイソマチ	kanagawa	oiso
143421	神奈川県	二宮町	町	カナガワケン	ニノミヤマチ	kanagawa	ninomiya
143618	神奈川県	中井町	町	カナガワケン	ナカイマチ	kanagawa	nakai
143626	神奈川県	大井町	町	カナガワケン	オオイマチ	kanagawa	oi
143634	神奈川県	松田町	町	カナガワケン	マツダマチ	kanagawa	matsuda
143642	神奈川県	山北町	町	カナガワケン	ヤマキタマチ	kanagawa	yamakita
143669	神奈川県	開成町	町	カナガワケン	カイセイマチ	kanagawa	kaisei
143821	神奈川県	箱根町	町	カナガワケン	ハコネマチ	kanagawa	hakone
143839	神奈川県	真鶴町	町	カナガワケン	マナヅルマチ	kanagawa	manazuru
143847	神奈川県	湯河原町	町	カナガワケン	ユガワラマチ	kanagawa	yugawara
144011	神奈川県	愛川町	町	カナガワケン	アイカワマチ	kanagawa	aikawa
144029	神奈川県	清川村	村	カナガワケン	キヨカワムラ	kanagawa	kiyokawa
151009	新潟県	新潟市	市	ニイガタケン	ニイガタシ	niigata	niigata
152021	新潟県	長岡市	市	ニイガタケン	ナガオカシ	niigata	nagaoka
152048	新潟県	三条市	市	ニイガタケン	サンジョウシ	niigata	sanjo
152056	新潟県	柏崎市	市	ニイガタケン	カシワザキシ	niigata	kashiwazaki
152064	新潟県	新発田市	市	ニイガタケン	シバタシ	niigata	shibata
152081	新潟県	小千谷市	市	ニイガタケン	オヂヤシ	niigata	ojiya
152099	新潟県	加茂市	市	ニイガタケン	カモシ	niigata	kamo
152102	新潟県	十日町市	市	ニイガタケン	トオカマチシ	niigata	tookamachi
152111	新潟県	見附市	市	ニイガタケン	ミツケシ	niigata	mitsuke
152129	新潟県	村上市	市	ニイガタケン	ムラカミシ	niigata	murakami
152137	新潟県	燕市	市	ニイガタケン	ツバメシ	niigata	tsubame
152161	新潟県	糸魚川市	市	ニイガタケン	イトイガワシ	niigata	itoigawa
152170	新潟県	妙高市	市	ニイガタケン	ミョウコウシ	niigata	myoko
152188	新潟県	五泉市	市	ニイガタケン	ゴセンシ	niigata	gosen
152226	新潟県	上越市	市	ニイガタケン	ジョウエツシ	niigata	joetsu
152234	新潟県	阿賀野市	市	ニイガタケン	アガノシ	niigata	agano
152242	新潟県	佐渡市	市	ニイガタケン	サドシ	niigata	sado
152251	新潟県	魚沼市	市	ニイガタケン	ウオヌマシ	niigata	uonuma
152269	新潟県	南魚沼市	市	ニイガタケン	ミナミウオヌマシ	niigata	minamiuonuma
152277	新潟県	胎内市	市	ニイガタケン	タイナイシ	niigata	tainai
153079	新潟県	聖籠町	町	ニイガタケン	セイロウマチ	niigata	seiro
153427	新潟県	弥彦村	村	ニイガタケン	ヤヒコムラ	niigata	yahiko
153613	新潟県	田上町	町	ニイガタケン	タガミマチ	niigata	tagami
153851	新潟県	阿賀町	町	ニイガタケン	アガマチ	niigata	aga
154059	新潟県	出雲崎町	町	ニイガタケン	イズモザキマチ	niigata	izumozaki
154610	新潟県	湯沢町	町	ニイガタケン	ユザワマチ	niigata	yuzawa
154822	新潟県	津南町	町	ニイガタケン	ツナンマチ	niigata	tsunan
155047	新潟県	刈羽村	村	ニイガタケン	カリワムラ	niigata	kariwa
155811	新潟県	関川村	村	ニイガタケン	セキカワムラ	niigata	sekikawa
155861	新潟県	粟島浦村	村	ニイガタケン	アワシマウラムラ	niigata	awashimaura
162019	富山県	富山市	市	トヤマケン	トヤマシ	yama	toyama
162027	富山県	高岡市	市	トヤマケン	タカオカシ	yama	takaoka
162043	富山県	魚津市	市	トヤマケン	ウオヅシ	yama	uozu
162051	富山県	氷見市	市	トヤマケン	ヒミシ	yama	himi
162060	富山県	滑川市	市	トヤマケン	ナメリカワシ	yama	namerikawa
162078	富山県	黒部市	市	トヤマケン	クロベシ	yama	kurobe
162086	富山県	砺波市	市	トヤマケン	トナミシ	yama	tonami
162094	富山県	小矢部市	市	トヤマケン	オヤベシ	yama	oyabe
162108	富山県	南砺市	市	トヤマケン	ナントシ	yama	nanto
162116	富山県	射水市	市	トヤマケン	イミズシ	yama	imizu
163210	富山県	舟橋村	村	トヤマケン	フナハシムラ	yama	funahashi
163228	富山県	上市町	町	トヤマケン	カミイチマチ	yama	kamiichi
163236	富山県	立山町	町	トヤマケン	タテヤママチ	yama	tateyama
163422	富山県	入善町	町	トヤマケン	ニュウゼンマチ	yama	nyuzen
163431	富山県	朝日町	町	トヤマケン	アサヒマチ	yama	asahi
172014	石川県	金沢市	市	イシカワケン	カナザワシ	ishikawa	kanazawa
172022	石川県	七尾市	市	イシカワケン	ナナオシ	ishikawa	nanao
172031	石川県	小松市	市	イシカワケン	コマツシ	ishikawa	komatsu
172049	石川県	輪島市	市	イシカワケン	ワジマシ	ishikawa	wajima
172057	石川県	珠洲市	市	イシカワケン	スズシ	ishikawa	suzu
172065	石川県	加賀市	市	イシカワケン	カガシ	ishikawa	kaga
172073	石川県	羽咋市	市	イシカワケン	ハクイシ	ishikawa	hakui
172090	石川県	かほく市	市	イシカワケン	カホクシ	ishikawa	kahoku
172103	石川県	白山市	市	イシカワケン	ハクサンシ	ishikawa	hakusan
172111	石川県	能美市	市	イシカワケン	ノミシ	ishikawa	nomi
172120	石川県	野々市市	市	イシカワケン	ノノイチシ	ishikawa	nonoichi
173240	石川県	川北町	町	イシカワケン	カワキタマチ	ishikawa	kawakita
173614	石川県	津幡町	町	イシカワケン	ツバタマチ	ishikawa	tsubata
173657	石川県	内灘町	町	イシカワケン	ウチナダマチ	ishikawa	uchinada
173843	石川県	志賀町	町	イシカワケン	シカマチ	ishikawa	shika
173860	石川県	宝達志水町	町	イシカワケン	ホウダツシミズチョウ	ishikawa	hodatsushimizu
174076	石川県	中能登町	町	イシカワケン	ナカノトマチ	ishikawa	nakanoto
174611	石川県	穴水町	町	イシカワケン	アナミズマチ	ishikawa	anamizu
174637	石川県	能登町	町	イシカワケン	ノトチョウ	ishikawa	noto
182010	福井県	福井市	市	フクイケン	フクイシ	kui	fukui
182028	福井県	敦賀市	市	フクイケン	ツルガシ	kui	tsuruga
182044	福井県	小浜市	市	フクイケン	オバマシ	kui	obama
182052	福井県	大野市	市	フクイケン	オオノシ	kui	ono
182061	福井県	勝山市	市	フクイケン	カツヤマシ	kui	katsuyama
182079	福井県	鯖江市	市	フクイケン	サバエシ	kui	sabae
182087	福井県	あわら市	市	フクイケン	アワラシ	kui	awara
182095	福井県	越前市	市	フクイケン	エチゼンシ	kui	echizen
182109	福井県	坂井市	市	フクイケン	サカイシ	kui	sakai
183229	福井県	永平寺町	町	フクイケン	エイヘイジチョウ	kui	eiheiji
183822	福井県	池田町	町	フクイケン	イケダチョウ	kui	ikeda
184047	福井県	南越前町	町	フクイケン	ミナミエチゼンチョウ	kui	minamiechizen
184233	福井県	越前町	町	フクイケン	エチゼンチョウ	kui	echizen
184420	福井県	美浜町	町	フクイケン	ミハマチョウ	kui	mihama
184811	福井県	高浜町	町	フクイケン	タカハマチョウ	kui	takahama
184837	福井県	おおい町	町	フクイケン	オオイチョウ	kui	oi
185019	福井県	若狭町	町	フクイケン	ワカサチョウ	kui	wakasa
192015	山梨県	甲府市	市	ヤマナシケン	コウフシ	yamanashi	kofu
192023	山梨県	富士吉田市	市	ヤマナシケン	フジヨシダシ	yamanashi	fujiyoshida
192040	山梨県	都留市	市	ヤマナシケン	ツルシ	yamanashi	tsuru
192058	山梨県	山梨市	市	ヤマナシケン	ヤマナシシ	yamanashi	yamanashi
192066	山梨県	大月市	市	ヤマナシケン	オオツキシ	yamanashi	otsuki
192074	山梨県	韮崎市	市	ヤマナシケン	ニラサキシ	yamanashi	nirasaki
192082	山梨県	南アルプス市	市	ヤマナシケン	ミナミアルプスシ	yamanashi	minamiarupusu
192091	山梨県	北杜市	市	ヤマナシケン	ホクトシ	yamanashi	hokuto
192104	山梨県	甲斐市	市	ヤマナシケン	カイシ	yamanashi	kai
192112	山梨県	笛吹市	市	ヤマナシケン	フエフキシ	yamanashi	fuefuki
192121	山梨県	上野原市	市	ヤマナシケン	ウエノハラシ	yamanashi	uenohara
192139	山梨県	甲州市	市	ヤマナシケン	コウシュウシ	yamanashi	koshu
192147	山梨県	中央市	市	ヤマナシケン	チュウオウシ	yamanashi	chuo
193461	山梨県	市川三郷町	町	ヤマナシケン	イチカワミサトチョウ	yamanashi	ichikawamisato
193640	山梨県	早川町	町	ヤマナシケン	ハヤカワチョウ	yamanashi	hayakawa
193658	山梨県	身延町	町	ヤマナシケン	ミノブチョウ	yamanashi	minobu
193666	山梨県	南部町	町	ヤマナシケン	ナンブチョウ	yamanashi	nambu
193682	山梨県	富士川町	町	ヤマナシケン	フジカワチョウ	yamanashi	fujikawa
193844	山梨県	昭和町	町	ヤマナシケン	ショウワチョウ	yamanashi	showa
194221	山梨県	道志村	村	ヤマナシケン	ドウシムラ	yamanashi	doshi
194239	山梨県	西桂町	町	ヤマナシケン	ニシカツラチョウ	yamanashi	nishikatsura
194247	山梨県	忍野村	村	ヤマナシケン	オシノムラ	yamanashi	oshino
194255	山梨県	山中湖村	村	ヤマナシケン	ヤマナカコムラ	yamanashi	yamanakako
194298	山梨県	鳴沢村	村	ヤマナシケン	ナルサワムラ	yamanashi	narusawa
194301	山梨県	富士河口湖町	町	ヤマナシケン	フジカワグチコマチ	yamanashi	fujikawaguchiko
194425	山梨県	小菅村	村	ヤマナシケン	コスゲムラ	yamanashi	kosuge
194433	山梨県	丹波山村	村	ヤマナシケン	タバヤマムラ	yamanashi	tabayama
202011	長野県	長野市	市	ナガノケン	ナガノシ	nagano	nagano
202029	長野県	松本市	市	ナガノケン	マツモトシ	nagano	matsumoto
202037	長野県	上田市	市	ナガノケン	ウエダシ	nagano	ueda
202045	長野県	岡谷市	市	ナガノケン	オカヤシ	nagano	okaya
202053	長野県	飯田市	市	ナガノケン	イイダシ	nagano	iida
202061	長野県	諏訪市	市	ナガノケン	スワシ	nagano	suwa
202070	長野県	須坂市	市	ナガノケン	スザカシ	nagano	suzaka
202088	長野県	小諸市	市	ナガノケン	コモロシ	nagano	komoro
202096	長野県	伊那市	市	ナガノケン	イナシ	nagano	ina
202100	長野県	駒ヶ根市	市	ナガノケン	コマガネシ	nagano	komagane
202118	長野県	中野市	市	ナガノケン	ナカノシ	nagano	nakano
202126	長野県	大町市	市	ナガノケン	オオマチシ	nagano	omachi
202134	長野県	飯山市	市	ナガノケン	イイヤマシ	nagano	iiyama
202142	長野県	茅野市	市	ナガノケン	チノシ	nagano	chino
202151	長野県	塩尻市	市	ナガノケン	シオジリシ	nagano	shiojiri
202177	長野県	佐久市	市	ナガノケン	サクシ	nagano	saku
202185	長野県	千曲市	市	ナガノケン	チクマシ	nagano	chikuma
202193	長野県	東御市	市	ナガノケン	トウミシ	nagano	tomi
202207	長野県	安曇野市	市	ナガノケン	アヅミノシ	nagano	azumino
203033	長野県	小海町	町	ナガノケン	コウミマチ	nagano	komi
203041	長野県	川上村	村	ナガノケン	カワカミムラ	nagano	kawakami
203050	長野県	南牧村	村	ナガノケン	ミナミマキムラ	nagano	minamimaki
203068	長野県	南相木村	村	ナガノケン	ミナミアイキムラ	nagano	minamiaiki
203076	長野県	北相木村	村	ナガノケン	キタアイキムラ	nagano	kitaaiki
203092	長野県	佐久穂町	町	ナガノケン	サクホマチ	nagano	sakuho
203211	長野県	軽井沢町	町	ナガノケン	カルイザワマチ	nagano	karuizawa
203238	長野県	御代田町	町	ナガノケン	ミヨタマチ	nagano	miyota
203246	長野県	立科町	町	ナガノケン	タテシナマチ	nagano	tateshina
203491	長野県	青木村	村	ナガノケン	アオキムラ	nagano	aoki
203505	長野県	長和町	町	ナガノケン	ナガワマチ	nagano	nagawa
203611	長野県	下諏訪町	町	ナガノケン	シモスワマチ	nagano	shimosuwa
203629	長野県	富士見町	町	ナガノケン	フジミマチ	nagano	fujimi
203637	長野県	原村	村	ナガノケン	ハラムラ	nagano	hara
203823	長野県	辰野町	町	ナガノケン	タツノマチ	nagano	tatsuno
203831	長野県	箕輪町	町	ナガノケン	ミノワマチ	nagano	minowa
203840	長野県	飯島町	町	ナガノケン	イイジママチ	nagano	iijima
203858	長野県	南箕輪村	村	ナガノケン	ミナミミノワムラ	nagano	minamiminowa
203866	長野県	中川村	村	ナガノケン	ナカガワムラ	nagano	nakagawa
203882	長野県	宮田村	村	ナガノケン	ミヤダムラ	nagano	miyada
204021	長野県	松川町	町	ナガノケン	マツカワマチ	nagano	matsukawa
204030	長野県	高森町	町	ナガノケン	タカモリマチ	nagano	takamori
204048	長野県	阿南町	町	ナガノケン	アナンチョウ	nagano	anan
204072	長野県	阿智村	村	ナガノケン	アチムラ	nagano	achi
204099	長野県	平谷村	村	ナガノケン	ヒラヤムラ	nagano	hiraya
204102	長野県	根羽村	村	ナガノケン	ネバムラ	nagano	neba
204111	長野県	下條村	村	ナガノケン	シモジョウムラ	nagano	shimojo
204129	長野県	売木村	村	ナガノケン	ウルギムラ	nagano	urugi
204137	長野県	天龍村	村	ナガノケン	テンリュウムラ	nagano	tenryu
204145	長野県	泰阜村	村	ナガノケン	ヤスオカムラ	nagano	yasuoka
204153	長野県	喬木村	村	ナガノケン	タカギムラ	nagano	takagi
204161	長野県	豊丘村	村	ナガノケン	トヨオカムラ	nagano	toyooka
204170	長野県	大鹿村	村	ナガノケン	オオシカムラ	nagano	oshika
204226	長野県	上松町	町	ナガノケン	アゲマツマチ	nagano	agematsu
204234	長野県	南木曽町	町	ナガノケン	ナギソマチ	nagano	nagiso
204251	長野県	木祖村	村	ナガノケン	キソムラ	nagano	kiso
204293	長野県	王滝村	村	ナガノケン	オウタキムラ	nagano	otaki
204307	長野県	大桑村	村	ナガノケン	オオクワムラ	nagano	okuwa
204323	長野県	木曽町	町	ナガノケン	キソマチ	nagano	kiso
204463	長野県	麻績村	村	ナガノケン	オミムラ	nagano	omi
204480	長野県	生坂村	村	ナガノケン	イクサカムラ	nagano	ikusaka
204501	長野県	山形村	村	ナガノケン	ヤマガタムラ	nagano	yamagata
204510	長野県	朝日村	村	ナガノケン	アサヒムラ	nagano	asahi
204528	長野県	筑北村	村	ナガノケン	チクホクムラ	nagano	chikuhoku
204811	長野県	池田町	町	ナガノケン	イケダマチ	nagano	ikeda
204820	長野県	松川村	村	ナガノケン	マツカワムラ	nagano	matsukawa
204854	長野県	白馬村	村	ナガノケン	ハクバムラ	nagano	hakuba
204862	長野県	小谷村	村	ナガノケン	オタリムラ	nagano	otari
205214	長野県	坂城町	町	ナガノケン	サカキマチ	nagano	sakaki
205419	長野県	小布施町	町	ナガノケン	オブセマチ	nagano	obuse
205435	長野県	高山村	村	ナガノケン	タカヤマムラ	nagano	takayama
205613	長野県	山ノ内町	町	ナガノケン	ヤマノウチマチ	nagano	yamanochi
205621	長野県	木島平村	村	ナガノケン	キジマダイラムラ	nagano	kijimadaira
205630	長野県	野沢温泉村	村	ナガノケン	ノザワオンセンムラ	nagano	nozawaonsen
205834	長野県	信濃町	町	ナガノケン	シナノマチ	nagano	shinano
205885	長野県	小川村	村	ナガノケン	オガワムラ	nagano	ogawa
205907	長野県	飯綱町	町	ナガノケン	イイヅナマチ	nagano	iizuna
206024	長野県	栄村	村	ナガノケン	サカエムラ	nagano	sakae
212016	岐阜県	岐阜市	市	ギフケン	ギフシ	gi	gifu
212024	岐阜県	大垣市	市	ギフケン	オオガキシ	gi	ogaki
212032	岐阜県	高山市	市	ギフケン	タカヤマシ	gi	takayama
212041	岐阜県	多治見市	市	ギフケン	タジミシ	gi	tajimi
212059	岐阜県	関市	市	ギフケン	セキシ	gi	seki
212067	岐阜県	中津川市	市	ギフケン	ナカツガワシ	gi	nakatsugawa
212075	岐阜県	美濃市	市	ギフケン	ミノシ	gi	mino
212083	岐阜県	瑞浪市	市	ギフケン	ミズナミシ	gi	mizunami
212091	岐阜県	羽島市	市	ギフケン	ハシマシ	gi	hashima
212105	岐阜県	恵那市	市	ギフケン	エナシ	gi	ena
212113	岐阜県	美濃加茂市	市	ギフケン	ミノカモシ	gi	minokamo
212121	岐阜県	土岐市	市	ギフケン	トキシ	gi	toki
212130	岐阜県	各務原市	市	ギフケン	カカミガハラシ	gi	kakamigahara
212148	岐阜県	可児市	市	ギフケン	カニシ	gi	kani
212156	岐阜県	山県市	市	ギフケン	ヤマガタシ	gi	yamagata
212164	岐阜県	瑞穂市	市	ギフケン	ミズホシ	gi	mizuho
212172	岐阜県	飛騨市	市	ギフケン	ヒダシ	gi	hida
212181	岐阜県	本巣市	市	ギフケン	モトスシ	gi	motosu
212199	岐阜県	郡上市	市	ギフケン	グジョウシ	gi	gujo
212202	岐阜県	下呂市	市	ギフケン	ゲロシ	gi	gero
212211	岐阜県	海津市	市	ギフケン	カイヅシ	gi	kaizu
213021	岐阜県	岐南町	町	ギフケン	ギナンチョウ	gi	ginan
213039	岐阜県	笠松町	町	ギフケン	カサマツチョウ	gi	kasamatsu
213411	岐阜県	養老町	町	ギフケン	ヨウロウチョウ	gi	yoro
213616	岐阜県	垂井町	町	ギフケン	タルイチョウ	gi	tarui
213624	岐阜県	関ケ原町	町	ギフケン	セキガハラチョウ	gi	sekigahara
213811	岐阜県	神戸町	町	ギフケン	ゴウドチョウ	gi	godo
213829	岐阜県	輪之内町	町	ギフケン	ワノウチチョウ	gi	wanochi
213837	岐阜県	安八町	町	ギフケン	アンパチチョウ	gi	ampachi
214019	岐阜県	揖斐川町	町	ギフケン	イビガワチョウ	gi	ibigawa
214035	岐阜県	大野町	町	ギフケン	オオノチョウ	gi	ono
214043	岐阜県	池田町	町	ギフケン	イケダチョウ	gi	ikeda
214213	岐阜県	北方町	町	ギフケン	キタガタチョウ	gi	kitagata
215015	岐阜県	坂祝町	町	ギフケン	サカホギチョウ	gi	sakahogi
215023	岐阜県	富加町	町	ギフケン	トミカチョウ	gi	tomika
215031	岐阜県	川辺町	町	ギフケン	カワベチョウ	gi	kawabe
215040	岐阜県	七宗町	町	ギフケン	ヒチソウチョウ	gi	hichiso
215058	岐阜県	八百津町	町	ギフケン	ヤオツチョウ	gi	yaotsu
215066	岐阜県	白川町	町	ギフケン	シラカワチョウ	gi	shirakawa
215074	岐阜県	東白川村	村	ギフケン	ヒガシシラカワムラ	gi	higashishirakawa
215210	岐阜県	御嵩町	町	ギフケン	ミタケチョウ	gi	mitake
216046	岐阜県	白川村	村	ギフケン	シラカワムラ	gi	shirakawa
221007	静岡県	静岡市	市	シズオカケン	シズオカシ	shizuoka	shizuoka
221309	静岡県	浜松市	市	シズオカケン	ハママツシ	shizuoka	hamamatsu
222038	静岡県	沼津市	市	シズオカケン	ヌマヅシ	shizuoka	numazu
222054	静岡県	熱海市	市	シズオカケン	アタミシ	shizuoka	atami
222062	静岡県	三島市	市	シズオカケン	ミシマシ	shizuoka	mishima
222071	静岡県	富士宮市	市	シズオカケン	フジノミヤシ	shizuoka	fujinomiya
222089	静岡県	伊東市	市	シズオカケン	イトウシ	shizuoka	ito
222097	静岡県	島田市	市	シズオカケン	シマダシ	shizuoka	shimada
222101	静岡県	富士市	市	シズオカケン	フジシ	shizuoka	fuji
222119	静岡県	磐田市	市	シズオカケン	イワタシ	shizuoka	iwata
222127	静岡県	焼津市	市	シズオカケン	ヤイヅシ	shizuoka	yaizu
222135	静岡県	掛川市	市	シズオカケン	カケガワシ	shizuoka	kakegawa
222143	静岡県	藤枝市	市	シズオカケン	フジエダシ	shizuoka	fujieda
222151	静岡県	御殿場市	市	シズオカケン	ゴテンバシ	shizuoka	gotemba
222160	静岡県	袋井市	市	シズオカケン	フクロイシ	shizuoka	fukuroi
222194	静岡県	下田市	市	シズオカケン	シモダシ	shizuoka	shimoda
222208	静岡県	裾野市	市	シズオカケン	スソノシ	shizuoka	susono
222216	静岡県	湖西市	市	シズオカケン	コサイシ	shizuoka	kosai
222224	静岡県	伊豆市	市	シズオカケン	イズシ	shizuoka	izu
222232	静岡県	御前崎市	市	シズオカケン	オマエザキシ	shizuoka	omaezaki
222241	静岡県	菊川市	市	シズオカケン	キクガワシ	shizuoka	kikugawa
222259	静岡県	伊豆の国市	市	シズオカケン	イズノクニシ	shizuoka	izunokuni
222267	静岡県	牧之原市	市	シズオカケン	マキノハラシ	shizuoka	makinohara
223018	静岡県	東伊豆町	町	シズオカケン	ヒガシイズチョウ	shizuoka	higashiizu
223026	静岡県	河津町	町	シズオカケン	カワヅチョウ	shizuoka	kawazu
223042	静岡県	南伊豆町	町	シズオカケン	ミナミイズチョウ	shizuoka	minamiizu
223051	静岡県	松崎町	町	シズオカケン	マツザキチョウ	shizuoka	matsuzaki
223069	静岡県	西伊豆町	町	シズオカケン	ニシイズチョウ	shizuoka	nishiizu
223255	静岡県	函南町	町	シズオカケン	カンナミチョウ	shizuoka	kannami
223417	静岡県	清水町	町	シズオカケン	シミズチョウ	shizuoka	shimizu
223425	静岡県	長泉町	町	シズオカケン	ナガイズミチョウ	shizuoka	nagaizumi
223441	静岡県	小山町	町	シズオカケン	オヤマチョウ	shizuoka	oyama
224243	静岡県	吉田町	町	シズオカケン	ヨシダチョウ	shizuoka	yoshida
224294	静岡県	川根本町	町	シズオカケン	カワネホンチョウ	shizuoka	kawanehon
224618	静岡県	森町	町	シズオカケン	モリマチ	shizuoka	mori
231002	愛知県	名古屋市	市	アイチケン	ナゴヤシ	aichi	nagoya
232017	愛知県	豊橋市	市	アイチケン	トヨハシシ	aichi	toyohashi
232025	愛知県	岡崎市	市	アイチケン	オカザキシ	aichi	okazaki
232033	愛知県	一宮市	市	アイチケン	イチノミヤシ	aichi	ichinomiya
232041	愛知県	瀬戸市	市	アイチケン	セトシ	aichi	seto
232050	愛知県	半田市	市	アイチケン	ハンダシ	aichi	handa
232068	愛知県	春日井市	市	アイチケン	カスガイシ	aichi	kasugai
232076	愛知県	豊川市	市	アイチケン	トヨカワシ	aichi	toyokawa
232084	愛知県	津島市	市	アイチケン	ツシマシ	aichi	tsushima
232092	愛知県	碧南市	市	アイチケン	ヘキナンシ	aichi	hekinan
232106	愛知県	刈谷市	市	アイチケン	カリヤシ	aichi	kariya
232114	愛知県	豊田市	市	アイチケン	トヨタシ	aichi	toyota
232122	愛知県	安城市	市	アイチケン	アンジョウシ	aichi	anjo
232131	愛知県	西尾市	市	アイチケン	ニシオシ	aichi	nishio
232149	愛知県	蒲郡市	市	アイチケン	ガマゴオリシ	aichi	gamagoori
232157	愛知県	犬山市	市	アイチケン	イヌヤマシ	aichi	inuyama
232165	愛知県	常滑市	市	アイチケン	トコナメシ	aichi	tokoname
232173	愛知県	江南市	市	アイチケン	コウナンシ	aichi	konan
232190	愛知県	小牧市	市	アイチケン	コマキシ	aichi	komaki
232203	愛知県	稲沢市	市	アイチケン	イナザワシ	aichi	inazawa
232211	愛知県	新城市	市	アイチケン	シンシロシ	aichi	shinshiro
232220	愛知県	東海市	市	アイチケン	トウカイシ	aichi	tokai
232238	愛知県	大府市	市	アイチケン	オオブシ	aichi	obu
232246	愛知県	知多市	市	アイチケン	チタシ	aichi	chita
232254	愛知県	知立市	市	アイチケン	チリュウシ	aichi	chiryu
232262	愛知県	尾張旭市	市	アイチケン	オワリアサヒシ	aichi	owariasahi
232271	愛知県	高浜市	市	アイチケン	タカハマシ	aichi	takahama
232289	愛知県	岩倉市	市	アイチケン	イワクラシ	aichi	iwakura
232297	愛知県	豊明市	市	アイチケン	トヨアケシ	aichi	toyoake
232301	愛知県	日進市	市	アイチケン	ニッシンシ	aichi	nisshin
232319	愛知県	田原市	市	アイチケン	タハラシ	aichi	tahara
232327	愛知県	愛西市	市	アイチケン	アイサイシ	aichi	aisai
232335	愛知県	清須市	市	アイチケン	キヨスシ	aichi	kiyosu
232343	愛知県	北名古屋市	市	アイチケン	キタナゴヤシ	aichi	kitanagoya
232351	愛知県	弥富市	市	アイチケン	ヤトミシ	aichi	yatomi
232360	愛知県	みよし市	市	アイチケン	ミヨシシ	aichi	miyoshi
232378	愛知県	あま市	市	アイチケン	アマシ	aichi	ama
232386	愛知県	長久手市	市	アイチケン	ナガクテシ	aichi	nagakute
233021	愛知県	東郷町	町	アイチケン	トウゴウチョウ	aichi	togo
233421	愛知県	豊山町	町	アイチケン	トヨヤマチョウ	aichi	toyoyama
233617	愛知県	大口町	町	アイチケン	オオグチチョウ	aichi	oguchi
233625	愛知県	扶桑町	町	アイチケン	フソウチョウ	aichi	fuso
234249	愛知県	大治町	町	アイチケン	オオハルチョウ	aichi	oharu
234257	愛知県	蟹江町	町	アイチケン	カニエチョウ	aichi	kanie
234273	愛知県	飛島村	村	アイチケン	トビシマムラ	aichi	tobishima
234419	愛知県	阿久比町	町	アイチケン	アグイチョウ	aichi	agui
234427	愛知県	東浦町	町	アイチケン	ヒガシウラチョウ	aichi	higashiura
234451	愛知県	南知多町	町	アイチケン	ミナミチタチョウ	aichi	minamichita
234460	愛知県	美浜町	町	アイチケン	ミハマチョウ	aichi	mihama
234478	愛知県	武豊町	町	アイチケン	タケトヨチョウ	aichi	taketoyo
235016	愛知県	幸田町	町	アイチケン	コウタチョウ	aichi	kota
235610	愛知県	設楽町	町	アイチケン	シタラチョウ	aichi	shitara
235628	愛知県	東栄町	町	アイチケン	トウエイチョウ	aichi	toei
235636	愛知県	豊根村	村	アイチケン	トヨネムラ	aichi	toyone
242012	三重県	津市	市	ミエケン	ツシ	mie	tsu
242021	三重県	四日市市	市	ミエケン	ヨッカイチシ	mie	yokkaichi
242039	三重県	伊勢市	市	ミエケン	イセシ	mie	ise
242047	三重県	松阪市	市	ミエケン	マツサカシ	mie	matsusaka
242055	三重県	桑名市	市	ミエケン	クワナシ	mie	kuwana
242071	三重県	鈴鹿市	市	ミエケン	スズカシ	mie	suzuka
242080	三重県	名張市	市	ミエケン	ナバリシ	mie	nabari
242098	三重県	尾鷲市	市	ミエケン	オワセシ	mie	owase
242101	三重県	亀山市	市	ミエケン	カメヤマシ	mie	kameyama
242110	三重県	鳥羽市	市	ミエケン	トバシ	mie	toba
242128	三重県	熊野市	市	ミエケン	クマノシ	mie	kumano
242144	三重県	いなべ市	市	ミエケン	イナベシ	mie	inabe
242152	三重県	志摩市	市	ミエケン	シマシ	mie	shima
242161	三重県	伊賀市	市	ミエケン	イガシ	mie	iga
243035	三重県	木曽岬町	町	ミエケン	キソサキチョウ	mie	kisosaki
243248	三重県	東員町	町	ミエケン	トウインチョウ	mie	toin
243418	三重県	菰野町	町	ミエケン	コモノチョウ	mie	komono
243434	三重県	朝日町	町	ミエケン	アサヒチョウ	mie	asahi
243442	三重県	川越町	町	ミエケン	カワゴエチョウ	mie	kawagoe
244414	三重県	多気町	町	ミエケン	タキチョウ	mie	taki
244422	三重県	明和町	町	ミエケン	メイワチョウ	mie	meiwa
244431	三重県	大台町	町	ミエケン	オオダイチョウ	mie	odai
244619	三重県	玉城町	町	ミエケン	タマキチョウ	mie	tamaki
244708	三重県	度会町	町	ミエケン	ワタライチョウ	mie	watarai
244716	三重県	大紀町	町	ミエケン	タイキチョウ	mie	taiki
244724	三重県	南伊勢町	町	ミエケン	ミナミイセチョウ	mie	minamiise
245437	三重県	紀北町	町	ミエケン	キホクチョウ	mie	kihoku
245615	三重県	御浜町	町	ミエケン	ミハマチョウ	mie	mihama
245623	三重県	紀宝町	町	ミエケン	キホウチョウ	mie	kiho
252018	滋賀県	大津市	市	シガケン	オオツシ	shiga	otsu
252026	滋賀県	彦根市	市	シガケン	ヒコネシ	shiga	hikone
252034	滋賀県	長浜市	市	シガケン	ナガハマシ	shiga	nagahama
252042	滋賀県	近江八幡市	市	シガケン	オウミハチマンシ	shiga	omihachiman
252069	滋賀県	草津市	市	シガケン	クサツシ	shiga	kusatsu
252077	滋賀県	守山市	市	シガケン	モリヤマシ	shiga	moriyama
252085	滋賀県	栗東市	市	シガケン	リットウシ	shiga	ritto
252093	滋賀県	甲賀市	市	シガケン	コウカシ	shiga	koka
252107	滋賀県	野洲市	市	シガケン	ヤスシ	shiga	yasu
252115	滋賀県	湖南市	市	シガケン	コナンシ	shiga	konan
252123	滋賀県	高島市	市	シガケン	タカシマシ	shiga	takashima
252131	滋賀県	東近江市	市	シガケン	ヒガシオウミシ	shiga	higashiomi
252140	滋賀県	米原市	市	シガケン	マイバラシ	shiga	maibara
253839	滋賀県	日野町	町	シガケン	ヒノチョウ	shiga	hino
253847	滋賀県	竜王町	町	シガケン	リユウオウチョウ	shiga	riyuuo
254258	滋賀県	愛荘町	町	シガケン	アイショウチョウ	shiga	aisho
254410	滋賀県	豊郷町	町	シガケン	トヨサトチョウ	shiga	toyosato
254428	滋賀県	甲良町	町	シガケン	コウラチョウ	shiga	kora
254436	滋賀県	多賀町	町	シガケン	タガチョウ	shiga	taga
261009	京都府	京都市	市	キョウトフ	キョウトシ	kyo	kyoto
262013	京都府	福知山市	市	キョウトフ	フクチヤマシ	kyo	fukuchiyama
262021	京都府	舞鶴市	市	キョウトフ	マイヅルシ	kyo	maizuru
262030	京都府	綾部市	市	キョウトフ	アヤベシ	kyo	ayabe
262048	京都府	宇治市	市	キョウトフ	ウジシ	kyo	uji
262056	京都府	宮津市	市	キョウトフ	ミヤヅシ	kyo	miyazu
262064	京都府	亀岡市	市	キョウトフ	カメオカシ	kyo	kameoka
262072	京都府	城陽市	市	キョウトフ	ジョウヨウシ	kyo	joyo
262081	京都府	向日市	市	キョウトフ	ムコウシ	kyo	muko
262099	京都府	長岡京市	市	キョウトフ	ナガオカキョウシ	kyo	nagaokakyo
262102	京都府	八幡市	市	キョウトフ	ヤワタシ	kyo	yawata
262111	京都府	京田辺市	市	キョウトフ	キョウタナベシ	kyo	kyotanabe
262129	京都府	京丹後市	市	キョウトフ	キョウタンゴシ	kyo	kyotango
262137	京都府	南丹市	市	キョウトフ	ナンタンシ	kyo	nantan
262145	京都府	木津川市	市	キョウトフ	キヅガワシ	kyo	kizugawa
263036	京都府	大山崎町	町	キョウトフ	オオヤマザキチョウ	kyo	oyamazaki
263222	京都府	久御山町	町	キョウトフ	クミヤマチョウ	kyo	kumiyama
263435	京都府	井手町	町	キョウトフ	イデチョウ	kyo	ide
263443	京都府	宇治田原町	町	キョウトフ	ウジタワラチョウ	kyo	ujitawara
263648	京都府	笠置町	町	キョウトフ	カサギチョウ	kyo	kasagi
263656	京都府	和束町	町	キョウトフ	ワヅカチョウ	kyo	wazuka
263664	京都府	精華町	町	キョウトフ	セイカチョウ	kyo	seika
263672	京都府	南山城村	村	キョウトフ	ミナミヤマシロムラ	kyo	minamiyamashiro
264075	京都府	京丹波町	町	キョウトフ	キョウタンバチョウ	kyo	kyotamba
264636	京都府	伊根町	町	キョウトフ	イネチョウ	kyo	ine
264652	京都府	与謝野町	町	キョウトフ	ヨサノチョウ	kyo	yosano
271004	大阪府	大阪市	市	オオサカフ	オオサカシ	osaka	osaka
271403	大阪府	堺市	市	オオサカフ	サカイシ	osaka	sakai
272027	大阪府	岸和田市	市	オオサカフ	キシワダシ	osaka	kishiwada
272035	大阪府	豊中市	市	オオサカフ	トヨナカシ	osaka	toyonaka
272043	大阪府	池田市	市	オオサカフ	イケダシ	osaka	ikeda
272051	大阪府	吹田市	市	オオサカフ	スイタシ	osaka	suita
272060	大阪府	泉大津市	市	オオサカフ	イズミオオツシ	osaka	izumiotsu
272078	大阪府	高槻市	市	オオサカフ	タカツキシ	osaka	takatsuki
272086	大阪府	貝塚市	市	オオサカフ	カイヅカシ	osaka	kaizuka
272094	大阪府	守口市	市	オオサカフ	モリグチシ	osaka	moriguchi
272108	大阪府	枚方市	市	オオサカフ	ヒラカタシ	osaka	hirakata
272116	大阪府	茨木市	市	オオサカフ	イバラキシ	osaka	ibaraki
272124	大阪府	八尾市	市	オオサカフ	ヤオシ	osaka	yao
272132	大阪府	泉佐野市	市	オオサカフ	イズミサノシ	osaka	izumisano
272141	大阪府	富田林市	市	オオサカフ	トンダバヤシシ	osaka	tondabayashi
272159	大阪府	寝屋川市	市	オオサカフ	ネヤガワシ	osaka	neyagawa
272167	大阪府	河内長野市	市	オオサカフ	カワチナガノシ	osaka	kawachinagano
272175	大阪府	松原市	市	オオサカフ	マツバラシ	osaka	matsubara
272183	大阪府	大東市	市	オオサカフ	ダイトウシ	osaka	daito
272191	大阪府	和泉市	市	オオサカフ	イズミシ	osaka	izumi
272205	大阪府	箕面市	市	オオサカフ	ミノオシ	osaka	minoo
272213	大阪府	柏原市	市	オオサカフ	カシワラシ	osaka	kashiwara
272221	大阪府	羽曳野市	市	オオサカフ	ハビキノシ	osaka	habikino
272230	大阪府	門真市	市	オオサカフ	カドマシ	osaka	kadoma
272248	大阪府	摂津市	市	オオサカフ	セッツシ	osaka	settsu
272256	大阪府	高石市	市	オオサカフ	タカイシシ	osaka	takaishi
272264	大阪府	藤井寺市	市	オオサカフ	フジイデラシ	osaka	fujiidera
272272	大阪府	東大阪市	市	オオサカフ	ヒガシオオサカシ	osaka	higashiosaka
272281	大阪府	泉南市	市	オオサカフ	センナンシ	osaka	sennan
272299	大阪府	四條畷市	市	オオサカフ	シジヨウナワテシ	osaka	shijiyonawate
272302	大阪府	交野市	市	オオサカフ	カタノシ	osaka	katano
272311	大阪府	大阪狭山市	市	オオサカフ	オオサカサヤマシ	osaka	osakasayama
272329	大阪府	阪南市	市	オオサカフ	ハンナンシ	osaka	hannan
273015	大阪府	島本町	町	オオサカフ	シマモトチョウ	osaka	shimamoto
273210	大阪府	豊能町	町	オオサカフ	トヨノチョウ	osaka	toyono
273228	大阪府	能勢町	町	オオサカフ	ノセチョウ	osaka	nose
273414	大阪府	忠岡町	町	オオサカフ	タダオカチョウ	osaka	tadaoka
273619	大阪府	熊取町	町	オオサカフ	クマトリチョウ	osaka	kumatori
273627	大阪府	田尻町	町	オオサカフ	タジリチョウ	osaka	tajiri
273660	大阪府	岬町	町	オオサカフ	ミサキチョウ	osaka	misaki
273813	大阪府	太子町	町	オオサカフ	タイシチョウ	osaka	taishi
273821	大阪府	河南町	町	オオサカフ	カナンチョウ	osaka	kanan
273830	大阪府	千早赤阪村	村	オオサカフ	チハヤアカサカムラ	osaka	chihayaakasaka
281000	兵庫県	神戸市	市	ヒョウゴケン	コウベシ	hyogo	kobe
282014	兵庫県	姫路市	市	ヒョウゴケン	ヒメジシ	hyogo	himeji
282022	兵庫県	尼崎市	市	ヒョウゴケン	アマガサキシ	hyogo	amagasaki
282031	兵庫県	明石市	市	ヒョウゴケン	アカシシ	hyogo	akashi
282049	兵庫県	西宮市	市	ヒョウゴケン	ニシノミヤシ	hyogo	nishinomiya
282057	兵庫県	洲本市	市	ヒョウゴケン	スモトシ	hyogo	sumoto
282065	兵庫県	芦屋市	市	ヒョウゴケン	アシヤシ	hyogo	ashiya
282073	兵庫県	伊丹市	市	ヒョウゴケン	イタミシ	hyogo	itami
282081	兵庫県	相生市	市	ヒョウゴケン	アイオイシ	hyogo	aioi
282090	兵庫県	豊岡市	市	ヒョウゴケン	トヨオカシ	hyogo	toyooka
282103	兵庫県	加古川市	市	ヒョウゴケン	カコガワシ	hyogo	kakogawa
282120	兵庫県	赤穂市	市	ヒョウゴケン	アコウシ	hyogo	ako
282138	兵庫県	西脇市	市	ヒョウゴケン	ニシワキシ	hyogo	nishiwaki
282146	兵庫県	宝塚市	市	ヒョウゴケン	タカラヅカシ	hyogo	takarazuka
282154	兵庫県	三木市	市	ヒョウゴケン	ミキシ	hyogo	miki
282162	兵庫県	高砂市	市	ヒョウゴケン	タカサゴシ	hyogo	takasago
282171	兵庫県	川西市	市	ヒョウゴケン	カワニシシ	hyogo	kawanishi
282189	兵庫県	小野市	市	ヒョウゴケン	オノシ	hyogo	ono
282197	兵庫県	三田市	市	ヒョウゴケン	サンダシ	hyogo	sanda
282201	兵庫県	加西市	市	ヒョウゴケン	カサイシ	hyogo	kasai
282219	兵庫県	丹波篠山市	市	ヒョウゴケン	タンバササヤマシ	hyogo	tambasasayama
282227	兵庫県	養父市	市	ヒョウゴケン	ヤブシ	hyogo	yabu
282235	兵庫県	丹波市	市	ヒョウゴケン	タンバシ	hyogo	tamba
282243	兵庫県	南あわじ市	市	ヒョウゴケン	ミナミアワジシ	hyogo	minamiawaji
282251	兵庫県	朝来市	市	ヒョウゴケン	アサゴシ	hyogo	asago
282260	兵庫県	淡路市	市	ヒョウゴケン	アワジシ	hyogo	awaji
282278	兵庫県	宍粟市	市	ヒョウゴケン	シソウシ	hyogo	shiso
282286	兵庫県	加東市	市	ヒョウゴケン	カトウシ	hyogo	kato
282294	兵庫県	たつの市	市	ヒョウゴケン	タツノシ	hyogo	tatsuno
283011	兵庫県	猪名川町	町	ヒョウゴケン	イナガワチョウ	hyogo	inagawa
283657	兵庫県	多可町	町	ヒョウゴケン	タカチョウ	hyogo	taka
283819	兵庫県	稲美町	町	ヒョウゴケン	イナミチョウ	hyogo	inami
283827	兵庫県	播磨町	町	ヒョウゴケン	ハリマチョウ	hyogo	harima
284424	兵庫県	市川町	町	ヒョウゴケン	イチカワチョウ	hyogo	ichikawa
284432	兵庫県	福崎町	町	ヒョウゴケン	フクサキチョウ	hyogo	fukusaki
284467	兵庫県	神河町	町	ヒョウゴケン	カミカワチョウ	hyogo	kamikawa
284645	兵庫県	太子町	町	ヒョウゴケン	タイシチョウ	hyogo	taishi
284815	兵庫県	上郡町	町	ヒョウゴケン	カミゴオリチョウ	hyogo	kamigoori
285013	兵庫県	佐用町	町	ヒョウゴケン	サヨウチョウ	hyogo	sayo
285854	兵庫県	香美町	町	ヒョウゴケン	カミチョウ	hyogo	kami
285862	兵庫県	新温泉町	町	ヒョウゴケン	シンオンセンチョウ	hyogo	shinonsen
292010	奈良県	奈良市	市	ナラケン	ナラシ	nara	nara
292028	奈良県	大和高田市	市	ナラケン	ヤマトタカダシ	nara	yamatotakada
292036	奈良県	大和郡山市	市	ナラケン	ヤマトコオリヤマシ	nara	yamatokooriyama
292044	奈良県	天理市	市	ナラケン	テンリシ	nara	tenri
292052	奈良県	橿原市	市	ナラケン	カシハラシ	nara	kashihara
292061	奈良県	桜井市	市	ナラケン	サクライシ	nara	sakurai
292079	奈良県	五條市	市	ナラケン	ゴジョウシ	nara	gojo
292087	奈良県	御所市	市	ナラケン	ゴセシ	nara	gose
292095	奈良県	生駒市	市	ナラケン	イコマシ	nara	ikoma
292109	奈良県	香芝市	市	ナラケン	カシバシ	nara	kashiba
292117	奈良県	葛城市	市	ナラケン	カツラギシ	nara	katsuragi
292125	奈良県	宇陀市	市	ナラケン	ウダシ	nara	uda
293229	奈良県	山添村	村	ナラケン	ヤマゾエムラ	nara	yamazoe
293423	奈良県	平群町	町	ナラケン	ヘグリチョウ	nara	heguri
293431	奈良県	三郷町	町	ナラケン	サンゴウチョウ	nara	sango
293440	奈良県	斑鳩町	町	ナラケン	イカルガチョウ	nara	ikaruga
293458	奈良県	安堵町	町	ナラケン	アンドチョウ	nara	ando
293610	奈良県	川西町	町	ナラケン	カワニシチョウ	nara	kawanishi
293628	奈良県	三宅町	町	ナラケン	ミヤケチョウ	nara	miyake
293636	奈良県	田原本町	町	ナラケン	タワラモトチョウ	nara	tawaramoto
293857	奈良県	曽爾村	村	ナラケン	ソニムラ	nara	soni
293865	奈良県	御杖村	村	ナラケン	ミツエムラ	nara	mitsue
294012	奈良県	高取町	町	ナラケン	タカトリチョウ	nara	takatori
294021	奈良県	明日香村	村	ナラケン	アスカムラ	nara	asuka
294241	奈良県	上牧町	町	ナラケン	カンマキチョウ	nara	kammaki
294250	奈良県	王寺町	町	ナラケン	オウジチョウ	nara	oji
294268	奈良県	広陵町	町	ナラケン	コウリヨウチョウ	nara	koriyo
294276	奈良県	河合町	町	ナラケン	カワイチョウ	nara	kawai
294411	奈良県	吉野町	町	ナラケン	ヨシノチョウ	nara	yoshino
294420	奈良県	大淀町	町	ナラケン	オオヨドチョウ	nara	oyodo
294438	奈良県	下市町	町	ナラケン	シモイチチョウ	nara	shimoichi
294446	奈良県	黒滝村	村	ナラケン	クロタキムラ	nara	kurotaki
294462	奈良県	天川村	村	ナラケン	テンカワムラ	nara	tenkawa
294471	奈良県	野迫川村	村	ナラケン	ノセガワムラ	nara	nosegawa
294497	奈良県	十津川村	村	ナラケン	トツカワムラ	nara	totsukawa
294501	奈良県	下北山村	村	ナラケン	シモキタヤマムラ	nara	shimokitayama
294519	奈良県	上北山村	村	ナラケン	カミキタヤマムラ	nara	kamikitayama
294527	奈良県	川上村	村	ナラケン	カワカミムラ	nara	kawakami
294535	奈良県	東吉野村	村	ナラケン	ヒガシヨシノムラ	nara	higashiyoshino
302015	和歌山県	和歌山市	市	ワカヤマケン	ワカヤマシ	wakayama	wakayama
302023	和歌山県	海南市	市	ワカヤマケン	カイナンシ	wakayama	kainan
302031	和歌山県	橋本市	市	ワカヤマケン	ハシモトシ	wakayama	hashimoto
302040	和歌山県	有田市	市	ワカヤマケン	アリダシ	wakayama	arida
302058	和歌山県	御坊市	市	ワカヤマケン	ゴボウシ	wakayama	gobo
302066	和歌山県	田辺市	市	ワカヤマケン	タナベシ	wakayama	tanabe
302074	和歌山県	新宮市	市	ワカヤマケン	シングウシ	wakayama	shinguu
302082	和歌山県	紀の川市	市	ワカヤマケン	キノカワシ	wakayama	kinokawa
302091	和歌山県	岩出市	市	ワカヤマケン	イワデシ	wakayama	iwade
303046	和歌山県	紀美野町	町	ワカヤマケン	キミノチョウ	wakayama	kimino
303411	和歌山県	かつらぎ町	町	ワカヤマケン	カツラギチョウ	wakayama	katsuragi
303437	和歌山県	九度山町	町	ワカヤマケン	クドヤマチョウ	wakayama	kudoyama
303445	和歌山県	高野町	町	ワカヤマケン	コウヤチョウ	wakayama	koya
303615	和歌山県	湯浅町	町	ワカヤマケン	ユアサチョウ	wakayama	yuasa
303623	和歌山県	広川町	町	ワカヤマケン	ヒロガワチョウ	wakayama	hirogawa
303666	和歌山県	有田川町	町	ワカヤマケン	アリダガワチョウ	wakayama	aridagawa
303810	和歌山県	美浜町	町	ワカヤマケン	ミハマチョウ	wakayama	mihama
303828	和歌山県	日高町	町	ワカヤマケン	ヒダカチョウ	wakayama	hidaka
303836	和歌山県	由良町	町	ワカヤマケン	ユラチョウ	wakayama	yura
303909	和歌山県	印南町	町	ワカヤマケン	イナミチョウ	wakayama	inami
303917	和歌山県	みなべ町	町	ワカヤマケン	ミナベチョウ	wakayama	minabe
303925	和歌山県	日高川町	町	ワカヤマケン	ヒダカガワチョウ	wakayama	hidakagawa
304018	和歌山県	白浜町	町	ワカヤマケン	シラハマチョウ	wakayama	shirahama
304042	和歌山県	上富田町	町	ワカヤマケン	カミトンダチョウ	wakayama	kamitonda
304069	和歌山県	すさみ町	町	ワカヤマケン	スサミチョウ	wakayama	susami
304212	和歌山県	那智勝浦町	町	ワカヤマケン	ナチカツウラチョウ	wakayama	nachikatsuura
304221	和歌山県	太地町	町	ワカヤマケン	タイジチョウ	wakayama	taiji
304247	和歌山県	古座川町	町	ワカヤマケン	コザガワチョウ	wakayama	kozagawa
304271	和歌山県	北山村	村	ワカヤマケン	キタヤマムラ	wakayama	kitayama
304280	和歌山県	串本町	町	ワカヤマケン	クシモトチョウ	wakayama	kushimoto
312011	鳥取県	鳥取市	市	トットリケン	トットリシ	rri	tottori
312029	鳥取県	米子市	市	トットリケン	ヨナゴシ	rri	yonago
312037	鳥取県	倉吉市	市	トットリケン	クラヨシシ	rri	kurayoshi
312045	鳥取県	境港市	市	トットリケン	サカイミナトシ	rri	sakaiminato
313025	鳥取県	岩美町	町	トットリケン	イワミチョウ	rri	iwami
313254	鳥取県	若桜町	町	トットリケン	ワカサチョウ	rri	wakasa
313289	鳥取県	智頭町	町	トットリケン	チヅチョウ	rri	chizu
313297	鳥取県	八頭町	町	トットリケン	ヤズチョウ	rri	yazu
313645	鳥取県	三朝町	町	トットリケン	ミササチョウ	rri	misasa
313700	鳥取県	湯梨浜町	町	トットリケン	ユリハマチョウ	rri	yurihama
313718	鳥取県	琴浦町	町	トットリケン	コトウラチョウ	rri	kotora
313726	鳥取県	北栄町	町	トットリケン	ホクエイチョウ	rri	hokuei
313840	鳥取県	日吉津村	村	トットリケン	ヒエヅソン	rri	hiezu
313866	鳥取県	大山町	町	トットリケン	ダイセンチョウ	rri	daisen
313891	鳥取県	南部町	町	トットリケン	ナンブチョウ	rri	nambu
313904	鳥取県	伯耆町	町	トットリケン	ホウキチョウ	rri	hoki
314013	鳥取県	日南町	町	トットリケン	ニチナンチョウ	rri	nichinan
314021	鳥取県	日野町	町	トットリケン	ヒノチョウ	rri	hino
314030	鳥取県	江府町	町	トットリケン	コウフチョウ	rri	kofu
322016	島根県	松江市	市	シマネケン	マツエシ	shimane	matsue
322024	島根県	浜田市	市	シマネケン	ハマダシ	shimane	hamada
322032	島根県	出雲市	市	シマネケン	イズモシ	shimane	izumo
322041	島根県	益田市	市	シマネケン	マスダシ	shimane	masuda
322059	島根県	大田市	市	シマネケン	オオダシ	shimane	oda
322067	島根県	安来市	市	シマネケン	ヤスギシ	shimane	yasugi
322075	島根県	江津市	市	シマネケン	ゴウツシ	shimane	gotsu
322091	島根県	雲南市	市	シマネケン	ウンナンシ	shimane	unnan
323438	島根県	奥出雲町	町	シマネケン	オクイズモチョウ	shimane	okuizumo
323861	島根県	飯南町	町	シマネケン	イイナンチョウ	shimane	iinan
324418	島根県	川本町	町	シマネケン	カワモトマチ	shimane	kawamoto
324485	島根県	美郷町	町	シマネケン	ミサトチョウ	shimane	misato
324493	島根県	邑南町	町	シマネケン	オオナンチョウ	shimane	onan
325015	島根県	津和野町	町	シマネケン	ツワノチョウ	shimane	tsuwano
325058	島根県	吉賀町	町	シマネケン	ヨシカチョウ	shimane	yoshika
325252	島根県	海士町	町	シマネケン	アマチョウ	shimane	ama
325261	島根県	西ノ島町	町	シマネケン	ニシノシマチョウ	shimane	nishinoshima
325279	島根県	知夫村	村	シマネケン	チブムラ	shimane	chibu
325287	島根県	隠岐の島町	町	シマネケン	オキノシマチョウ	shimane	okinoshima
331007	岡山県	岡山市	市	オカヤマケン	オカヤマシ	okayama	okayama
332020	岡山県	倉敷市	市	オカヤマケン	クラシキシ	okayama	kurashiki
332038	岡山県	津山市	市	オカヤマケン	ツヤマシ	okayama	tsuyama
332046	岡山県	玉野市	市	オカヤマケン	タマノシ	okayama	tamano
332054	岡山県	笠岡市	市	オカヤマケン	カサオカシ	okayama	kasaoka
332071	岡山県	井原市	市	オカヤマケン	イバラシ	okayama	ibara
332089	岡山県	総社市	市	オカヤマケン	ソウジヤシ	okayama	sojiya
332097	岡山県	高梁市	市	オカヤマケン	タカハシシ	okayama	takahashi
332101	岡山県	新見市	市	オカヤマケン	ニイミシ	okayama	niimi
332119	岡山県	備前市	市	オカヤマケン	ビゼンシ	okayama	bizen
332127	岡山県	瀬戸内市	市	オカヤマケン	セトウチシ	okayama	setochi
332135	岡山県	赤磐市	市	オカヤマケン	アカイワシ	okayama	akaiwa
332143	岡山県	真庭市	市	オカヤマケン	マニワシ	okayama	maniwa
332151	岡山県	美作市	市	オカヤマケン	ミマサカシ	okayama	mimasaka
332160	岡山県	浅口市	市	オカヤマケン	アサクチシ	okayama	asakuchi
333468	岡山県	和気町	町	オカヤマケン	ワケチョウ	okayama	wake
334235	岡山県	早島町	町	オカヤマケン	ハヤシマチョウ	okayama	hayashima
334456	岡山県	里庄町	町	オカヤマケン	サトショウチョウ	okayama	satosho
334618	岡山県	矢掛町	町	オカヤマケン	ヤカゲチョウ	okayama	yakage
335860	岡山県	新庄村	村	オカヤマケン	シンジヨウソン	okayama	shinjiyo
336068	岡山県	鏡野町	町	オカヤマケン	カガミノチョウ	okayama	kagamino
336220	岡山県	勝央町	町	オカヤマケン	ショウオウチョウ	okayama	shoo
336238	岡山県	奈義町	町	オカヤマケン	ナギチョウ	okayama	nagi
336432	岡山県	西粟倉村	村	オカヤマケン	ニシアワクラソン	okayama	nishiawakura
336637	岡山県	久米南町	町	オカヤマケン	クメナンチョウ	okayama	kumenan
336661	岡山県	美咲町	町	オカヤマケン	ミサキチョウ	okayama	misaki
336815	岡山県	吉備中央町	町	オカヤマケン	キビチュウオウチョウ	okayama	kibichuo
341002	広島県	広島市	市	ヒロシマケン	ヒロシマシ	hiroshima	hiroshima
342025	広島県	呉市	市	ヒロシマケン	クレシ	hiroshima	kure
342033	広島県	竹原市	市	ヒロシマケン	タケハラシ	hiroshima	takehara
342041	広島県	三原市	市	ヒロシマケン	ミハラシ	hiroshima	mihara
342050	広島県	尾道市	市	ヒロシマケン	オノミチシ	hiroshima	onomichi
342076	広島県	福山市	市	ヒロシマケン	フクヤマシ	hiroshima	fukuyama
342084	広島県	府中市	市	ヒロシマケン	フチュウシ	hiroshima	fuchu
342092	広島県	三次市	市	ヒロシマケン	ミヨシシ	hiroshima	miyoshi
342106	広島県	庄原市	市	ヒロシマケン	ショウバラシ	hiroshima	shobara
342114	広島県	大竹市	市	ヒロシマケン	オオタケシ	hiroshima	otake
342122	広島県	東広島市	市	ヒロシマケン	ヒガシヒロシマシ	hiroshima	higashihiroshima
342131	広島県	廿日市市	市	ヒロシマケン	ハツカイチシ	hiroshima	hatsukaichi
342149	広島県	安芸高田市	市	ヒロシマケン	アキタカタシ	hiroshima	akitakata
342157	広島県	江田島市	市	ヒロシマケン	エタジマシ	hiroshima	etajima
343021	広島県	府中町	町	ヒロシマケン	フチュウチョウ	hiroshima	fuchu
343048	広島県	海田町	町	ヒロシマケン	カイタチョウ	hiroshima	kaita
343072	広島県	熊野町	町	ヒロシマケン	クマノチョウ	hiroshima	kumano
343099	広島県	坂町	町	ヒロシマケン	サカチョウ	hiroshima	saka
343684	広島県	安芸太田町	町	ヒロシマケン	アキオオタチョウ	hiroshima	akiota
343692	広島県	北広島町	町	ヒロシマケン	キタヒロシマチョウ	hiroshima	kitahiroshima
344311	広島県	大崎上島町	町	ヒロシマケン	オオサキカミジマチョウ	hiroshima	osakikamijima
344621	広島県	世羅町	町	ヒロシマケン	セラチョウ	hiroshima	sera
345458	広島県	神石高原町	町	ヒロシマケン	ジンセキコウゲンチョウ	hiroshima	jinsekikogen
352012	山口県	下関市	市	ヤマグチケン	シモノセキシ	yamaguchi	shimonoseki
352021	山口県	宇部市	市	ヤマグチケン	ウベシ	yamaguchi	ube
352039	山口県	山口市	市	ヤマグチケン	ヤマグチシ	yamaguchi	yamaguchi
352047	山口県	萩市	市	ヤマグチケン	ハギシ	yamaguchi	hagi
352063	山口県	防府市	市	ヤマグチケン	ホウフシ	yamaguchi	hofu
352071	山口県	下松市	市	ヤマグチケン	クダマツシ	yamaguchi	kudamatsu
352080	山口県	岩国市	市	ヤマグチケン	イワクニシ	yamaguchi	iwakuni
352101	山口県	光市	市	ヤマグチケン	ヒカリシ	yamaguchi	hikari
352110	山口県	長門市	市	ヤマグチケン	ナガトシ	yamaguchi	nagato
352128	山口県	柳井市	市	ヤマグチケン	ヤナイシ	yamaguchi	yanai
352136	山口県	美祢市	市	ヤマグチケン	ミネシ	yamaguchi	mine
352152	山口県	周南市	市	ヤマグチケン	シュウナンシ	yamaguchi	shunan
352161	山口県	山陽小野田市	市	ヤマグチケン	サンヨウオノダシ	yamaguchi	sanyoonoda
353051	山口県	周防大島町	町	ヤマグチケン	スオウオオシマチョウ	yamaguchi	suooshima
353213	山口県	和木町	町	ヤマグチケン	ワキチョウ	yamaguchi	waki
353418	山口県	上関町	町	ヤマグチケン	カミノセキチョウ	yamaguchi	kaminoseki
353434	山口県	田布施町	町	ヤマグチケン	タブセチョウ	yamaguchi	tabuse
353442	山口県	平生町	町	ヤマグチケン	ヒラオチョウ	yamaguchi	hirao
355020	山口県	阿武町	町	ヤマグチケン	アブチョウ	yamaguchi	abu
362018	徳島県	徳島市	市	トクシマケン	トクシマシ	kushima	tokushima
362026	徳島県	鳴門市	市	トクシマケン	ナルトシ	kushima	naruto
362034	徳島県	小松島市	市	トクシマケン	コマツシマシ	kushima	komatsushima
362042	徳島県	阿南市	市	トクシマケン	アナンシ	kushima	anan
362051	徳島県	吉野川市	市	トクシマケン	ヨシノガワシ	kushima	yoshinogawa
362069	徳島県	阿波市	市	トクシマケン	アワシ	kushima	awa
362077	徳島県	美馬市	市	トクシマケン	ミマシ	kushima	mima
362085	徳島県	三好市	市	トクシマケン	ミヨシシ	kushima	miyoshi
363014	徳島県	勝浦町	町	トクシマケン	カツウラチョウ	kushima	katsuura
363022	徳島県	上勝町	町	トクシマケン	カミカツチョウ	kushima	kamikatsu
363219	徳島県	佐那河内村	村	トクシマケン	サナゴウチソン	kushima	sanagochi
363413	徳島県	石井町	町	トクシマケン	イシイチョウ	kushima	ishii
363421	徳島県	神山町	町	トクシマケン	カミヤマチョウ	kushima	kamiyama
363685	徳島県	那賀町	町	トクシマケン	ナカチョウ	kushima	naka
363839	徳島県	牟岐町	町	トクシマケン	ムギチョウ	kushima	mugi
363871	徳島県	美波町	町	トクシマケン	ミナミチョウ	kushima	minami
363880	徳島県	海陽町	町	トクシマケン	カイヨウチョウ	kushima	kaiyo
364011	徳島県	松茂町	町	トクシマケン	マツシゲチョウ	kushima	matsushige
364029	徳島県	北島町	町	トクシマケン	キタジマチョウ	kushima	kitajima
364037	徳島県	藍住町	町	トクシマケン	アイズミチョウ	kushima	aizumi
364045	徳島県	板野町	町	トクシマケン	イタノチョウ	kushima	itano
364053	徳島県	上板町	町	トクシマケン	カミイタチョウ	kushima	kamiita
364681	徳島県	つるぎ町	町	トクシマケン	ツルギチョウ	kushima	tsurugi
364894	徳島県	東みよし町	町	トクシマケン	ヒガシミヨシチョウ	kushima	higashimiyoshi
372013	香川県	高松市	市	カガワケン	タカマツシ	kagawa	takamatsu
372021	香川県	丸亀市	市	カガワケン	マルガメシ	kagawa	marugame
372030	香川県	坂出市	市	カガワケン	サカイデシ	kagawa	sakaide
372048	香川県	善通寺市	市	カガワケン	ゼンツウジシ	kagawa	zentsuuji
372056	香川県	観音寺市	市	カガワケン	カンオンジシ	kagawa	kanonji
372064	香川県	さぬき市	市	カガワケン	サヌキシ	kagawa	sanuki
372072	香川県	東かがわ市	市	カガワケン	ヒガシカガワシ	kagawa	higashikagawa
372081	香川県	三豊市	市	カガワケン	ミトヨシ	kagawa	mitoyo
373222	香川県	土庄町	町	カガワケン	トノショウチョウ	kagawa	tonosho
373249	香川県	小豆島町	町	カガワケン	ショウドシマチョウ	kagawa	shodoshima
373419	香川県	三木町	町	カガワケン	ミキチョウ	kagawa	miki
373648	香川県	直島町	町	カガワケン	ナオシマチョウ	kagawa	naoshima
373869	香川県	宇多津町	町	カガワケン	ウタヅチョウ	kagawa	utazu
373877	香川県	綾川町	町	カガワケン	アヤガワチョウ	kagawa	ayagawa
374032	香川県	琴平町	町	カガワケン	コトヒラチョウ	kagawa	kotohira
374041	香川県	多度津町	町	カガワケン	タドツチョウ	kagawa	tadotsu
374067	香川県	まんのう町	町	カガワケン	マンノウチョウ	kagawa	manno
382019	愛媛県	松山市	市	エヒメケン	マツヤマシ	ehime	matsuyama
382027	愛媛県	今治市	市	エヒメケン	イマバリシ	ehime	imabari
382035	愛媛県	宇和島市	市	エヒメケン	ウワジマシ	ehime	uwajima
382043	愛媛県	八幡浜市	市	エヒメケン	ヤワタハマシ	ehime	yawatahama
382051	愛媛県	新居浜市	市	エヒメケン	ニイハマシ	ehime	niihama
382060	愛媛県	西条市	市	エヒメケン	サイジョウシ	ehime	saijo
382078	愛媛県	大洲市	市	エヒメケン	オオズシ	ehime	ozu
382108	愛媛県	伊予市	市	エヒメケン	イヨシ	ehime	iyo
382132	愛媛県	四国中央市	市	エヒメケン	シコクチュウオウシ	ehime	shikokuchuo
382141	愛媛県	西予市	市	エヒメケン	セイヨシ	ehime	seiyo
382159	愛媛県	東温市	市	エヒメケン	トウオンシ	ehime	toon
383562	愛媛県	上島町	町	エヒメケン	カミジマチョウ	ehime	kamijima
383864	愛媛県	久万高原町	町	エヒメケン	クマコウゲンチョウ	ehime	kumakogen
384011	愛媛県	松前町	町	エヒメケン	マサキチョウ	ehime	masaki
384020	愛媛県	砥部町	町	エヒメケン	トベチョウ	ehime	tobe
384224	愛媛県	内子町	町	エヒメケン	ウチコチョウ	ehime	uchiko
384429	愛媛県	伊方町	町	エヒメケン	イカタチョウ	ehime	ikata
384844	愛媛県	松野町	町	エヒメケン	マツノチョウ	ehime	matsuno
384887	愛媛県	鬼北町	町	エヒメケン	キホクチョウ	ehime	kihoku
385069	愛媛県	愛南町	町	エヒメケン	アイナンチョウ	ehime	ainan
392014	高知県	高知市	市	コウチケン	コウチシ	kochi	kochi
392022	高知県	室戸市	市	コウチケン	ムロトシ	kochi	muroto
392031	高知県	安芸市	市	コウチケン	アキシ	kochi	aki
392049	高知県	南国市	市	コウチケン	ナンコクシ	kochi	nankoku
392057	高知県	土佐市	市	コウチケン	トサシ	kochi	tosa
392065	高知県	須崎市	市	コウチケン	スサキシ	kochi	susaki
392081	高知県	宿毛市	市	コウチケン	スクモシ	kochi	sukumo
392090	高知県	土佐清水市	市	コウチケン	トサシミズシ	kochi	tosashimizu
392103	高知県	四万十市	市	コウチケン	シマントシ	kochi	shimanto
392111	高知県	香南市	市	コウチケン	コウナンシ	kochi	konan
392120	高知県	香美市	市	コウチケン	カミシ	kochi	kami
393011	高知県	東洋町	町	コウチケン	トウヨウチョウ	kochi	toyo
393029	高知県	奈半利町	町	コウチケン	ナハリチョウ	kochi	nahari
393037	高知県	田野町	町	コウチケン	タノチョウ	kochi	tano
393045	高知県	安田町	町	コウチケン	ヤスダチョウ	kochi	yasuda
393053	高知県	北川村	村	コウチケン	キタガワムラ	kochi	kitagawa
393061	高知県	馬路村	村	コウチケン	ウマジムラ	kochi	umaji
393070	高知県	芸西村	村	コウチケン	ゲイセイムラ	kochi	geisei
393410	高知県	本山町	町	コウチケン	モトヤマチョウ	kochi	motoyama
393444	高知県	大豊町	町	コウチケン	オオトヨチョウ	kochi	otoyo
393631	高知県	土佐町	町	コウチケン	トサチョウ	kochi	tosa
393649	高知県	大川村	村	コウチケン	オオカワムラ	kochi	okawa
393860	高知県	いの町	町	コウチケン	イノチョウ	kochi	ino
393878	高知県	仁淀川町	町	コウチケン	ニヨドガワチョウ	kochi	niyodogawa
394017	高知県	中土佐町	町	コウチケン	ナカトサチョウ	kochi	nakatosa
394025	高知県	佐川町	町	コウチケン	サカワチョウ	kochi	sakawa
394033	高知県	越知町	町	コウチケン	オチチョウ	kochi	ochi
394050	高知県	梼原町	町	コウチケン	ユスハラチョウ	kochi	yusuhara
394106	高知県	日高村	村	コウチケン	ヒダカムラ	kochi	hidaka
394114	高知県	津野町	町	コウチケン	ツノチョウ	kochi	tsuno
394122	高知県	四万十町	町	コウチケン	シマントチョウ	kochi	shimanto
394246	高知県	大月町	町	コウチケン	オオツキチョウ	kochi	otsuki
394271	高知県	三原村	村	コウチケン	ミハラムラ	kochi	mihara
394289	高知県	黒潮町	町	コウチケン	クロシオチョウ	kochi	kuroshio
401005	福岡県	北九州市	市	フクオカケン	キタキュウシュウシ	kuoka	kitakyushu
401307	福岡県	福岡市	市	フクオカケン	フクオカシ	kuoka	fukuoka
402028	福岡県	大牟田市	市	フクオカケン	オオムタシ	kuoka	omuta
402036	福岡県	久留米市	市	フクオカケン	クルメシ	kuoka	kurume
402044	福岡県	直方市	市	フクオカケン	ノオガタシ	kuoka	noogata
402052	福岡県	飯塚市	市	フクオカケン	イイヅカシ	kuoka	iizuka
402061	福岡県	田川市	市	フクオカケン	タガワシ	kuoka	tagawa
402079	福岡県	柳川市	市	フクオカケン	ヤナガワシ	kuoka	yanagawa
402109	福岡県	八女市	市	フクオカケン	ヤメシ	kuoka	yame
402117	福岡県	筑後市	市	フクオカケン	チクゴシ	kuoka	chikugo
402125	福岡県	大川市	市	フクオカケン	オオカワシ	kuoka	okawa
402133	福岡県	行橋市	市	フクオカケン	ユクハシシ	kuoka	yukuhashi
402141	福岡県	豊前市	市	フクオカケン	ブゼンシ	kuoka	buzen
402150	福岡県	中間市	市	フクオカケン	ナカマシ	kuoka	nakama
402168	福岡県	小郡市	市	フクオカケン	オゴオリシ	kuoka	ogoori
402176	福岡県	筑紫野市	市	フクオカケン	チクシノシ	kuoka	chikushino
402184	福岡県	春日市	市	フクオカケン	カスガシ	kuoka	kasuga
402192	福岡県	大野城市	市	フクオカケン	オオノジョウシ	kuoka	onojo
402206	福岡県	宗像市	市	フクオカケン	ムナカタシ	kuoka	munakata
402214	福岡県	太宰府市	市	フクオカケン	ダザイフシ	kuoka	dazaifu
402231	福岡県	古賀市	市	フクオカケン	コガシ	kuoka	koga
402249	福岡県	福津市	市	フクオカケン	フクツシ	kuoka	fukutsu
402257	福岡県	うきは市	市	フクオカケン	ウキハシ	kuoka	ukiha
402265	福岡県	宮若市	市	フクオカケン	ミヤワカシ	kuoka	miyawaka
402273	福岡県	嘉麻市	市	フクオカケン	カマシ	kuoka	kama
402281	福岡県	朝倉市	市	フクオカケン	アサクラシ	kuoka	asakura
402290	福岡県	みやま市	市	フクオカケン	ミヤマシ	kuoka	miyama
402303	福岡県	糸島市	市	フクオカケン	イトシマシ	kuoka	itoshima
402311	福岡県フクオカケン	那珂川市ナカガワシ	?	フクオカケン	ナカガワシ	kuoka	nakagawa
403415	福岡県	宇美町	町	フクオカケン	ウミマチ	kuoka	umi
403423	福岡県	篠栗町	町	フクオカケン	ササグリマチ	kuoka	sasaguri
403431	福岡県	志免町	町	フクオカケン	シメマチ	kuoka	shime
403440	福岡県	須恵町	町	フクオカケン	スエマチ	kuoka	sue
403458	福岡県	新宮町	町	フクオカケン	シングウマチ	kuoka	shinguu
403482	福岡県	久山町	町	フクオカケン	ヒサヤママチ	kuoka	hisayama
403491	福岡県	粕屋町	町	フクオカケン	カスヤマチ	kuoka	kasuya
403814	福岡県	芦屋町	町	フクオカケン	アシヤマチ	kuoka	ashiya
403822	福岡県	水巻町	町	フクオカケン	ミズマキマチ	kuoka	mizumaki
403831	福岡県	岡垣町	町	フクオカケン	オカガキマチ	kuoka	okagaki
403849	福岡県	遠賀町	町	フクオカケン	オンガチョウ	kuoka	onga
404012	福岡県	小竹町	町	フクオカケン	コタケマチ	kuoka	kotake
404021	福岡県	鞍手町	町	フクオカケン	クラテマチ	kuoka	kurate
404217	福岡県	桂川町	町	フクオカケン	ケイセンマチ	kuoka	keisen
404471	福岡県	筑前町	町	フクオカケン	チクゼンマチ	kuoka	chikuzen
404489	福岡県	東峰村	村	フクオカケン	トウホウムラ	kuoka	toho
405035	福岡県	大刀洗町	町	フクオカケン	タチアライマチ	kuoka	tachiarai
405221	福岡県	大木町	町	フクオカケン	オオキマチ	kuoka	oki
405442	福岡県	広川町	町	フクオカケン	ヒロカワマチ	kuoka	hirokawa
406015	福岡県	香春町	町	フクオカケン	カワラマチ	kuoka	kawara
406023	福岡県	添田町	町	フクオカケン	ソエダマチ	kuoka	soeda
406040	福岡県	糸田町	町	フクオカケン	イトダマチ	kuoka	itoda
406058	福岡県	川崎町	町	フクオカケン	カワサキマチ	kuoka	kawasaki
406082	福岡県	大任町	町	フクオカケン	オオトウマチ	kuoka	oto
406091	福岡県	赤村	村	フクオカケン	アカムラ	kuoka	aka
406104	福岡県	福智町	町	フクオカケン	フクチマチ	kuoka	fukuchi
406210	福岡県	苅田町	町	フクオカケン	カンダマチ	kuoka	kanda
406252	福岡県	みやこ町	町	フクオカケン	ミヤコマチ	kuoka	miyako
406422	福岡県	吉富町	町	フクオカケン	ヨシトミマチ	kuoka	yoshitomi
406465	福岡県	上毛町	町	フクオカケン	コウゲマチ	kuoka	koge
406473	福岡県	築上町	町	フクオカケン	チクジョウマチ	kuoka	chikujo
412015	佐賀県	佐賀市	市	サガケン	サガシ	saga	saga
412023	佐賀県	唐津市	市	サガケン	カラツシ	saga	karatsu
412031	佐賀県	鳥栖市	市	サガケン	トスシ	saga	tosu
412040	佐賀県	多久市	市	サガケン	タクシ	saga	taku
412058	佐賀県	伊万里市	市	サガケン	イマリシ	saga	imari
412066	佐賀県	武雄市	市	サガケン	タケオシ	saga	takeo
412074	佐賀県	鹿島市	市	サガケン	カシマシ	saga	kashima
412082	佐賀県	小城市	市	サガケン	オギシ	saga	ogi
412091	佐賀県	嬉野市	市	サガケン	ウレシノシ	saga	ureshino
412104	佐賀県	神埼市	市	サガケン	カンザキシ	saga	kanzaki
413275	佐賀県	吉野ヶ里町	町	サガケン	ヨシノガリチョウ	saga	yoshinogari
413411	佐賀県	基山町	町	サガケン	キヤマチョウ	saga	kiyama
413453	佐賀県	上峰町	町	サガケン	カミミネチョウ	saga	kamimine
413461	佐賀県	みやき町	町	サガケン	ミヤキチョウ	saga	miyaki
413879	佐賀県	玄海町	町	サガケン	ゲンカイチョウ	saga	genkai
414018	佐賀県	有田町	町	サガケン	アリタチョウ	saga	arita
414239	佐賀県	大町町	町	サガケン	オオマチチョウ	saga	omachi
414247	佐賀県	江北町	町	サガケン	コウホクマチ	saga	kohoku
414255	佐賀県	白石町	町	サガケン	シロイシチョウ	saga	shiroishi
414417	佐賀県	太良町	町	サガケン	タラチョウ	saga	tara
422011	長崎県	長崎市	市	ナガサキケン	ナガサキシ	nagasaki	nagasaki
422029	長崎県	佐世保市	市	ナガサキケン	サセボシ	nagasaki	sasebo
422037	長崎県	島原市	市	ナガサキケン	シマバラシ	nagasaki	shimabara
422045	長崎県	諫早市	市	ナガサキケン	イサハヤシ	nagasaki	isahaya
422053	長崎県	大村市	市	ナガサキケン	オオムラシ	nagasaki	omura
422070	長崎県	平戸市	市	ナガサキケン	ヒラドシ	nagasaki	hirado
422088	長崎県	松浦市	市	ナガサキケン	マツウラシ	nagasaki	matsuura
422096	長崎県	対馬市	市	ナガサキケン	ツシマシ	nagasaki	tsushima
422100	長崎県	壱岐市	市	ナガサキケン	イキシ	nagasaki	iki
422118	長崎県	五島市	市	ナガサキケン	ゴトウシ	nagasaki	goto
422126	長崎県	西海市	市	ナガサキケン	サイカイシ	nagasaki	saikai
422134	長崎県	雲仙市	市	ナガサキケン	ウンゼンシ	nagasaki	unzen
422142	長崎県	南島原市	市	ナガサキケン	ミナミシマバラシ	nagasaki	minamishimabara
423076	長崎県	長与町	町	ナガサキケン	ナガヨチョウ	nagasaki	nagayo
423084	長崎県	時津町	町	ナガサキケン	トギツチョウ	nagasaki	togitsu
423211	長崎県	東彼杵町	町	ナガサキケン	ヒガシソノギチョウ	nagasaki	higashisonogi
423220	長崎県	川棚町	町	ナガサキケン	カワタナチョウ	nagasaki	kawatana
423238	長崎県	波佐見町	町	ナガサキケン	ハサミチョウ	nagasaki	hasami
423831	長崎県	小値賀町	町	ナガサキケン	オヂカチョウ	nagasaki	ojika
423912	長崎県	佐々町	町	ナガサキケン	サザチョウ	nagasaki	saza
424111	長崎県	新上五島町	町	ナガサキケン	シンカミゴトウチョウ	nagasaki	shinkamigoto
431001	熊本県	熊本市	市	クマモトケン	クマモトシ	kumamo	kumamoto
432024	熊本県	八代市	市	クマモトケン	ヤツシロシ	kumamo	yatsushiro
432032	熊本県	人吉市	市	クマモトケン	ヒトヨシシ	kumamo	hitoyoshi
432041	熊本県	荒尾市	市	クマモトケン	アラオシ	kumamo	arao
432059	熊本県	水俣市	市	クマモトケン	ミナマタシ	kumamo	minamata
432067	熊本県	玉名市	市	クマモトケン	タマナシ	kumamo	tamana
432083	熊本県	山鹿市	市	クマモトケン	ヤマガシ	kumamo	yamaga
432105	熊本県	菊池市	市	クマモトケン	キクチシ	kumamo	kikuchi
432113	熊本県	宇土市	市	クマモトケン	ウトシ	kumamo	uto
432121	熊本県	上天草市	市	クマモトケン	カミアマクサシ	kumamo	kamiamakusa
432130	熊本県	宇城市	市	クマモトケン	ウキシ	kumamo	uki
432148	熊本県	阿蘇市	市	クマモトケン	アソシ	kumamo	aso
432156	熊本県	天草市	市	クマモトケン	アマクサシ	kumamo	amakusa
432164	熊本県	合志市	市	クマモトケン	コウシシ	kumamo	koshi
433489	熊本県	美里町	町	クマモトケン	ミサトマチ	kumamo	misato
433641	熊本県	玉東町	町	クマモトケン	ギョクトウマチ	kumamo	gyokuto
433675	熊本県	南関町	町	クマモトケン	ナンカンマチ	kumamo	nankan
433683	熊本県	長洲町	町	クマモトケン	ナガスマチ	kumamo	nagasu
433691	熊本県	和水町	町	クマモトケン	ナゴミマチ	kumamo	nagomi
434035	熊本県	大津町	町	クマモトケン	オオヅマチ	kumamo	ozu
434043	熊本県	菊陽町	町	クマモトケン	キクヨウマチ	kumamo	kikuyo
434230	熊本県	南小国町	町	クマモトケン	ミナミオグニマチ	kumamo	minamioguni
434248	熊本県	小国町	町	クマモトケン	オグニマチ	kumamo	oguni
434256	熊本県	産山村	村	クマモトケン	ウブヤマムラ	kumamo	ubuyama
434281	熊本県	高森町	町	クマモトケン	タカモリマチ	kumamo	takamori
434329	熊本県	西原村	村	クマモトケン	ニシハラムラ	kumamo	nishihara
434337	熊本県	南阿蘇村	村	クマモトケン	ミナミアソムラ	kumamo	minamiaso
434418	熊本県	御船町	町	クマモトケン	ミフネマチ	kumamo	mifune
434426	熊本県	嘉島町	町	クマモトケン	カシママチ	kumamo	kashima
434434	熊本県	益城町	町	クマモトケン	マシキマチ	kumamo	mashiki
434442	熊本県	甲佐町	町	クマモトケン	コウサマチ	kumamo	kosa
434477	熊本県	山都町	町	クマモトケン	ヤマトチョウ	kumamo	yamato
434680	熊本県	氷川町	町	クマモトケン	ヒカワチョウ	kumamo	hikawa
434825	熊本県	芦北町	町	クマモトケン	アシキタマチ	kumamo	ashikita
434841	熊本県	津奈木町	町	クマモトケン	ツナギマチ	kumamo	tsunagi
435015	熊本県	錦町	町	クマモトケン	ニシキマチ	kumamo	nishiki
435058	熊本県	多良木町	町	クマモトケン	タラギマチ	kumamo	taragi
435066	熊本県	湯前町	町	クマモトケン	ユノマエマチ	kumamo	yunomae
435074	熊本県	水上村	村	クマモトケン	ミズカミムラ	kumamo	mizukami
435104	熊本県	相良村	村	クマモトケン	サガラムラ	kumamo	sagara
435112	熊本県	五木村	村	クマモトケン	イツキムラ	kumamo	itsuki
435121	熊本県	山江村	村	クマモトケン	ヤマエムラ	kumamo	yamae
435139	熊本県	球磨村	村	クマモトケン	クマムラ	kumamo	kuma
435147	熊本県	あさぎり町	町	クマモトケン	アサギリチョウ	kumamo	asagiri
435317	熊本県	苓北町	町	クマモトケン	レイホクマチ	kumamo	reihoku
442011	大分県	大分市	市	オオイタケン	オオイタシ	oita	oita
442020	大分県	別府市	市	オオイタケン	ベップシ	oita	beppu
442038	大分県	中津市	市	オオイタケン	ナカツシ	oita	nakatsu
442046	大分県	日田市	市	オオイタケン	ヒタシ	oita	hita
442054	大分県	佐伯市	市	オオイタケン	サイキシ	oita	saiki
442062	大分県	臼杵市	市	オオイタケン	ウスキシ	oita	usuki
442071	大分県	津久見市	市	オオイタケン	ツクミシ	oita	tsukumi
442089	大分県	竹田市	市	オオイタケン	タケタシ	oita	taketa
442097	大分県	豊後高田市	市	オオイタケン	ブンゴタカダシ	oita	bungotakada
442101	大分県	杵築市	市	オオイタケン	キツキシ	oita	kitsuki
442119	大分県	宇佐市	市	オオイタケン	ウサシ	oita	usa
442127	大分県	豊後大野市	市	オオイタケン	ブンゴオオノシ	oita	bungoono
442135	大分県	由布市	市	オオイタケン	ユフシ	oita	yufu
442143	大分県	国東市	市	オオイタケン	クニサキシ	oita	kunisaki
443221	大分県	姫島村	村	オオイタケン	ヒメシマムラ	oita	himeshima
443417	大分県	日出町	町	オオイタケン	ヒジマチ	oita	hiji
444618	大分県	九重町	町	オオイタケン	ココノエマチ	oita	kokonoe
444626	大分県	玖珠町	町	オオイタケン	クスマチ	oita	kusu
452017	宮崎県	宮崎市	市	ミヤザキケン	ミヤザキシ	miyazaki	miyazaki
452025	宮崎県	都城市	市	ミヤザキケン	ミヤコノジョウシ	miyazaki	miyakonojo
452033	宮崎県	延岡市	市	ミヤザキケン	ノベオカシ	miyazaki	nobeoka
452041	宮崎県	日南市	市	ミヤザキケン	ニチナンシ	miyazaki	nichinan
452050	宮崎県	小林市	市	ミヤザキケン	コバヤシシ	miyazaki	kobayashi
452068	宮崎県	日向市	市	ミヤザキケン	ヒュウガシ	miyazaki	hyuga
452076	宮崎県	串間市	市	ミヤザキケン	クシマシ	miyazaki	kushima
452084	宮崎県	西都市	市	ミヤザキケン	サイトシ	miyazaki	saito
452092	宮崎県	えびの市	市	ミヤザキケン	エビノシ	miyazaki	ebino
453412	宮崎県	三股町	町	ミヤザキケン	ミマタチョウ	miyazaki	mimata
453617	宮崎県	高原町	町	ミヤザキケン	タカハルチョウ	miyazaki	takaharu
453820	宮崎県	国富町	町	ミヤザキケン	クニトミチョウ	miyazaki	kunitomi
453838	宮崎県	綾町	町	ミヤザキケン	アヤチョウ	miyazaki	aya
454010	宮崎県	高鍋町	町	ミヤザキケン	タカナベチョウ	miyazaki	takanabe
454028	宮崎県	新富町	町	ミヤザキケン	シントミチョウ	miyazaki	shintomi
454036	宮崎県	西米良村	村	ミヤザキケン	ニシメラソン	miyazaki	nishimera
454044	宮崎県	木城町	町	ミヤザキケン	キジョウチョウ	miyazaki	kijo
454052	宮崎県	川南町	町	ミヤザキケン	カワミナミチョウ	miyazaki	kawaminami
454061	宮崎県	都農町	町	ミヤザキケン	ツノチョウ	miyazaki	tsuno
454214	宮崎県	門川町	町	ミヤザキケン	カドガワチョウ	miyazaki	kadogawa
454290	宮崎県	諸塚村	村	ミヤザキケン	モロツカソン	miyazaki	morotsuka
454303	宮崎県	椎葉村	村	ミヤザキケン	シイバソン	miyazaki	shiiba
454311	宮崎県	美郷町	町	ミヤザキケン	ミサトチョウ	miyazaki	misato
454419	宮崎県	高千穂町	町	ミヤザキケン	タカチホチョウ	miyazaki	takachiho
454427	宮崎県	日之影町	町	ミヤザキケン	ヒノカゲチョウ	miyazaki	hinokage
454435	宮崎県	五ヶ瀬町	町	ミヤザキケン	ゴカセチョウ	miyazaki	gokase
462012	鹿児島県	鹿児島市	市	カゴシマケン	カゴシマシ	kagoshima	kagoshima
462039	鹿児島県	鹿屋市	市	カゴシマケン	カノヤシ	kagoshima	kanoya
462047	鹿児島県	枕崎市	市	カゴシマケン	マクラザキシ	kagoshima	makurazaki
462063	鹿児島県	阿久根市	市	カゴシマケン	アクネシ	kagoshima	akune
462080	鹿児島県	出水市	市	カゴシマケン	イズミシ	kagoshima	izumi
462101	鹿児島県	指宿市	市	カゴシマケン	イブスキシ	kagoshima	ibusuki
462136	鹿児島県	西之表市	市	カゴシマケン	ニシノオモテシ	kagoshima	nishinoomote
462144	鹿児島県	垂水市	市	カゴシマケン	タルミズシ	kagoshima	tarumizu
462152	鹿児島県	薩摩川内市	市	カゴシマケン	サツマセンダイシ	kagoshima	satsumasendai
462161	鹿児島県	日置市	市	カゴシマケン	ヒオキシ	kagoshima	hioki
462179	鹿児島県	曽於市	市	カゴシマケン	ソオシ	kagoshima	soo
462187	鹿児島県	霧島市	市	カゴシマケン	キリシマシ	kagoshima	kirishima
462195	鹿児島県	いちき串木野市	市	カゴシマケン	イチキクシキノシ	kagoshima	ichikikushikino
462209	鹿児島県	南さつま市	市	カゴシマケン	ミナミサツマシ	kagoshima	minamisatsuma
462217	鹿児島県	志布志市	市	カゴシマケン	シブシシ	kagoshima	shibushi
462225	鹿児島県	奄美市	市	カゴシマケン	アマミシ	kagoshima	amami
462233	鹿児島県	南九州市	市	カゴシマケン	ミナミキュウシュウシ	kagoshima	minamikyushu
462241	鹿児島県	伊佐市	市	カゴシマケン	イサシ	kagoshima	isa
462250	鹿児島県	姶良市	市	カゴシマケン	アイラシ	kagoshima	aira
463035	鹿児島県	三島村	村	カゴシマケン	ミシマムラ	kagoshima	mishima
463043	鹿児島県	十島村	村	カゴシマケン	トシマムラ	kagoshima	toshima
463922	鹿児島県	さつま町	町	カゴシマケン	サツマチョウ	kagoshima	satsuma
464040	鹿児島県	長島町	町	カゴシマケン	ナガシマチョウ	kagoshima	nagashima
464520	鹿児島県	湧水町	町	カゴシマケン	ユウスイチョウ	kagoshima	yuusui
464686	鹿児島県	大崎町	町	カゴシマケン	オオサキチョウ	kagoshima	osaki
464821	鹿児島県	東串良町	町	カゴシマケン	ヒガシクシラチョウ	kagoshima	higashikushira
464902	鹿児島県	錦江町	町	カゴシマケン	キンコウチョウ	kagoshima	kinko
464911	鹿児島県	南大隅町	町	カゴシマケン	ミナミオオスミチョウ	kagoshima	minamiosumi
464929	鹿児島県	肝付町	町	カゴシマケン	キモツキチョウ	kagoshima	kimotsuki
465011	鹿児島県	中種子町	町	カゴシマケン	ナカタネチョウ	kagoshima	nakatane
465020	鹿児島県	南種子町	町	カゴシマケン	ミナミタネチョウ	kagoshima	minamitane
465054	鹿児島県	屋久島町	町	カゴシマケン	ヤクシマチョウ	kagoshima	yakushima
465232	鹿児島県	大和村	村	カゴシマケン	ヤマトソン	kagoshima	yamato
465241	鹿児島県	宇検村	村	カゴシマケン	ウケンソン	kagoshima	uken
465259	鹿児島県	瀬戸内町	町	カゴシマケン	セトウチチョウ	kagoshima	setochi
465275	鹿児島県	龍郷町	町	カゴシマケン	タツゴウチョウ	kagoshima	tatsugo
465291	鹿児島県	喜界町	町	カゴシマケン	キカイチョウ	kagoshima	kikai
465305	鹿児島県	徳之島町	町	カゴシマケン	トクノシマチョウ	kagoshima	tokunoshima
465313	鹿児島県	天城町	町	カゴシマケン	アマギチョウ	kagoshima	amagi
465321	鹿児島県	伊仙町	町	カゴシマケン	イセンチョウ	kagoshima	isen
465330	鹿児島県	和泊町	町	カゴシマケン	ワドマリチョウ	kagoshima	wadomari
465348	鹿児島県	知名町	町	カゴシマケン	チナチョウ	kagoshima	china
465356	鹿児島県	与論町	町	カゴシマケン	ヨロンチョウ	kagoshima	yoron
472018	沖縄県	那覇市	市	オキナワケン	ナハシ	okinawa	naha
472051	沖縄県	宜野湾市	市	オキナワケン	ギノワンシ	okinawa	ginowan
472077	沖縄県	石垣市	市	オキナワケン	イシガキシ	okinawa	ishigaki
472085	沖縄県	浦添市	市	オキナワケン	ウラソエシ	okinawa	urasoe
472093	沖縄県	名護市	市	オキナワケン	ナゴシ	okinawa	nago
472107	沖縄県	糸満市	市	オキナワケン	イトマンシ	okinawa	itoman
472115	沖縄県	沖縄市	市	オキナワケン	オキナワシ	okinawa	okinawa
472123	沖縄県	豊見城市	市	オキナワケン	トミグスクシ	okinawa	tomigusuku
472131	沖縄県	うるま市	市	オキナワケン	ウルマシ	okinawa	uruma
472140	沖縄県	宮古島市	市	オキナワケン	ミヤコジマシ	okinawa	miyakojima
472158	沖縄県	南城市	市	オキナワケン	ナンジョウシ	okinawa	nanjo
473014	沖縄県	国頭村	村	オキナワケン	クニガミソン	okinawa	kunigami
473022	沖縄県	大宜味村	村	オキナワケン	オオギミソン	okinawa	ogimi
473031	沖縄県	東村	村	オキナワケン	ヒガシソン	okinawa	higashi
473065	沖縄県	今帰仁村	村	オキナワケン	ナキジンソン	okinawa	nakijin
473081	沖縄県	本部町	町	オキナワケン	モトブチョウ	okinawa	motobu
473111	沖縄県	恩納村	村	オキナワケン	オンナソン	okinawa	onna
473138	沖縄県	宜野座村	村	オキナワケン	ギノザソン	okinawa	ginoza
473146	沖縄県	金武町	町	オキナワケン	キンチョウ	okinawa	kin
473154	沖縄県	伊江村	村	オキナワケン	イエソン	okinawa	ie
473243	沖縄県	読谷村	村	オキナワケン	ヨミタンソン	okinawa	yomitan
473251	沖縄県	嘉手納町	町	オキナワケン	カデナチョウ	okinawa	kadena
473260	沖縄県	北谷町	町	オキナワケン	チヤタンチョウ	okinawa	chiyatan
473278	沖縄県	北中城村	村	オキナワケン	キタナカグスクソン	okinawa	kitanakagusuku
473286	沖縄県	中城村	村	オキナワケン	ナカグスクソン	okinawa	nakagusuku
473294	沖縄県	西原町	町	オキナワケン	ニシハラチョウ	okinawa	nishihara
473481	沖縄県	与那原町	町	オキナワケン	ヨナバルチョウ	okinawa	yonabaru
473502	沖縄県	南風原町	町	オキナワケン	ハエバルチョウ	okinawa	haebaru
473537	沖縄県	渡嘉敷村	村	オキナワケン	トカシキソン	okinawa	tokashiki
473545	沖縄県	座間味村	村	オキナワケン	ザマミソン	okinawa	zamami
473553	沖縄県	粟国村	村	オキナワケン	アグニソン	okinawa	aguni
473561	沖縄県	渡名喜村	村	オキナワケン	トナキソン	okinawa	tonaki
473570	沖縄県	南大東村	村	オキナワケン	ミナミダイトウソン	okinawa	minamidaito
473588	沖縄県	北大東村	村	オキナワケン	キタダイトウソン	okinawa	kitadaito
473596	沖縄県	伊平屋村	村	オキナワケン	イヘヤソン	okinawa	iheya
473600	沖縄県	伊是名村	村	オキナワケン	イゼナソン	okinawa	izena
473618	沖縄県	久米島町	町	オキナワケン	クメジマチョウ	okinawa	kumejima
473626	沖縄県	八重瀬町	町	オキナワケン	ヤエセチョウ	okinawa	yaese
473758	沖縄県	多良間村	村	オキナワケン	タラマソン	okinawa	tarama
473812	沖縄県	竹富町	町	オキナワケン	タケトミチョウ	okinawa	taketomi
473821	沖縄県	与那国町	町	オキナワケン	ヨナグニチョウ	okinawa	yonaguni
