prefecture	term	covered	source_count	categories	example
三重県	御神田	no	2	民俗芸能	磯部の御神田
三重県	神事踊	no	2	民俗芸能	勝手神社の神事踊
三重県	鯨船行事	no	2	風俗慣習	鳥出神社の鯨船行事
三重県	お木曳き」行事	no	1	風俗慣習	伊勢の「お木曳き」行事
三重県	ダンジリ行事	no	1	風俗慣習	上野天神祭のダンジリ行事
三重県	ノット正月	no	1	風俗慣習	国崎のノット正月
三重県	人形芝居	no	1	民俗芸能	安乗の人形芝居
三重県	北勢	no	1	風俗慣習	北勢・熊野の鯨船行事
三重県	安乗人形芝居	no	1	民俗芸能	安乗人形芝居
三重県	御頭神事	no	1	民俗芸能	御頭神事
三重県	正月行事	no	1	風俗慣習	尾鷲九木浦の正月行事
三重県	白石持ち」行事	no	1	風俗慣習	伊勢の「白石持ち」行事
三重県	翁舞	no	1	民俗芸能	一色の翁舞
三重県	伊勢太神楽	yes	2	民俗芸能	伊勢太神楽
三重県	盆祭行事	yes	1	風俗慣習	志摩加茂五郷の盆祭行事
三重県	祭車行事	yes	1	風俗慣習	桑名石取祭の祭車行事
京都府	やすらい花	no	2	民俗芸能	やすらい花
京都府	六斎念仏	no	2	民俗芸能	京都の六斎念仏
京都府	壬生狂言	no	2	民俗芸能	壬生狂言
京都府	嵯峨大念仏狂言	no	2	民俗芸能	嵯峨大念仏狂言
京都府	花笠踊	no	2	民俗芸能	久多の花笠踊
京都府	カッコスリ	no	1	民俗芸能	田原のカッコスリ
京都府	仏舞	no	1	民俗芸能	松尾寺の仏舞
京都府	佐伯灯篭	no	1	民俗芸能	佐伯灯篭
京都府	宮座行事	no	1	風俗慣習	涌出宮の宮座行事
京都府	御田	no	1	民俗芸能	田原の御田
京都府	佐伯灯籠	yes	1	民俗芸能	佐伯灯籠
京都府	山鉾行事	yes	1	風俗慣習	京都祇園祭の山鉾行事
京都府	田楽	yes	1	民俗芸能	野中の田楽
京都府	盆踊	yes	1	民俗芸能	市原の盆踊
京都府	祗園祭	yes	1	風俗慣習	京都八坂神社の祗園祭
佐賀県	大綱引き	no	2	風俗慣習	呼子の大綱引き
佐賀県	荒踊	no	2	民俗芸能	武雄の荒踊
佐賀県	カセドリ	no	1	風俗慣習	見島のカセドリ
佐賀県	子さま	no	1	風俗慣習	大白木の亥の子さま
佐賀県	川原狂言	no	1	民俗芸能	川原狂言
佐賀県	御田舞	no	1	民俗芸能	四阿屋神社の御田舞
佐賀県	旗上げ	no	1	風俗慣習	綾部八幡神社の旗上げ・旗下ろし行事
佐賀県	旗下ろし行事	no	1	風俗慣習	綾部八幡神社の旗上げ・旗下ろし行事
佐賀県	浮立	no	1	民俗芸能	府招の浮立
佐賀県	狂言	no	1	民俗芸能	高志の狂言
佐賀県	面浮立	no	1	民俗芸能	音成の面浮立
佐賀県	田楽	yes	2	民俗芸能	白鬚神社の田楽
佐賀県	竹崎観世音寺修正会鬼祭	yes	2	民俗芸能	竹崎観世音寺修正会鬼祭
佐賀県	取り追う祭	yes	1	風俗慣習	神原八幡宮の取り追う祭
佐賀県	曳山行事	yes	1	風俗慣習	唐津くんちの曳山行事
兵庫県	翁舞	no	2	民俗芸能	車大歳神社の翁舞
兵庫県	おやま行事	no	1	風俗慣習	波々伯部神社のおやま行事
兵庫県	ざんざこ踊	no	1	民俗芸能	大杉のざんざこ踊
兵庫県	ネッテイ相撲	no	1	風俗慣習	養父のネッテイ相撲
兵庫県	三ツ山神事	no	1	風俗慣習	播磨総社一ツ山・三ツ山神事
兵庫県	上鴨川住吉神社神事舞	no	1	民俗芸能	上鴨川住吉神社神事舞
兵庫県	地蔵盆行事	no	1	風俗慣習	川上の地蔵盆行事
兵庫県	播磨総社一ツ山	no	1	風俗慣習	播磨総社一ツ山・三ツ山神事
兵庫県	神事舞	no	1	民俗芸能	上鴨川住吉神社の神事舞
兵庫県	翁三番叟	no	1	民俗芸能	青垣の翁三番叟
兵庫県	菖蒲綱引き	no	1	風俗慣習	但馬久谷の菖蒲綱引き
兵庫県	鬼会	no	1	風俗慣習	東光寺の鬼会
兵庫県	淡路人形浄瑠璃	yes	2	民俗芸能	淡路人形浄瑠璃
兵庫県	風流大踊小踊	yes	2	民俗芸能	阿万の風流大踊小踊
兵庫県	船祭	yes	1	風俗慣習	坂越の船祭
兵庫県	船祭り	yes	1	風俗慣習	坂越の船祭り
兵庫県	麒麟獅子舞	yes	1	民俗芸能	但馬の麒麟獅子舞
北海道	アイヌ古式舞踊	no	3	民俗芸能	アイヌ古式舞踊
北海道	ユーカラ	no	1	風俗慣習	アイヌのユーカラ
北海道	松前神楽	yes	2	民俗芸能	松前神楽
千葉県	鬼来迎	no	2	民俗芸能	鬼来迎
千葉県	お浜降り習俗	no	1	風俗慣習	房総のお浜降り習俗
千葉県	しいかご舞	no	1	民俗芸能	多古のしいかご舞
千葉県	エンヤーホー	no	1	民俗芸能	太田八坂神社のエンヤーホー
千葉県	ミノコオドリ	no	1	民俗芸能	南房総地方のミノコオドリ
千葉県	三番叟と花踊	no	1	民俗芸能	加茂の三番叟と花踊
千葉県	梵天立て	no	1	風俗慣習	木更津中島の梵天立て
千葉県	津久舞	no	1	民俗芸能	野田の津久舞
千葉県	洲崎踊	no	1	民俗芸能	洲崎踊
千葉県	称念仏踊	no	1	民俗芸能	六座念仏の称念仏踊
千葉県	おどり花見	yes	1	民俗芸能	おどり花見
千葉県	オオマチ（大祭）行事	yes	1	風俗慣習	白間津のオオマチ（大祭）行事
千葉県	山車行事	yes	1	風俗慣習	佐原の山車行事
千葉県	白間津ささら踊	yes	1	民俗芸能	白間津ささら踊
千葉県	里芋祭	yes	1	風俗慣習	茂名の里芋祭
和歌山県	御田舞	no	4	民俗芸能	杉野原の御田舞
和歌山県	おも講と堂徒式	no	1	風俗慣習	粟生のおも講と堂徒式
和歌山県	夜見世	no	1	風俗慣習	名喜里祇園祭の夜見世
和歌山県	御舟行事	no	1	風俗慣習	河内祭の御舟行事
和歌山県	戯瓢踊	no	1	民俗芸能	戯瓢踊
和歌山県	田楽	yes	3	民俗芸能	那智の田楽
和歌山県	太鼓踊	yes	1	民俗芸能	大瀬の太鼓踊
和歌山県	御燈祭り	yes	1	風俗慣習	新宮の速玉祭・御燈祭り
和歌山県	御舟祭	yes	1	風俗慣習	古座の御舟祭
和歌山県	扇祭り	yes	1	風俗慣習	那智の扇祭り
和歌山県	速玉祭	yes	1	風俗慣習	新宮の速玉祭・御燈祭り
埼玉県	オヒナゲエ	no	1	風俗慣習	河原沢のオヒナゲエ
埼玉県	串人形	no	1	民俗芸能	白久の串人形
埼玉県	式三番	no	1	民俗芸能	閏戸の式三番
埼玉県	横瀬人形	no	1	民俗芸能	横瀬人形
埼玉県	百八燈	no	1	風俗慣習	猪俣の百八燈
埼玉県	雨乞行事	no	1	風俗慣習	脚折の雨乞行事
埼玉県	龍勢	no	1	風俗慣習	秩父吉田の龍勢
埼玉県	玉敷神社神楽	yes	2	民俗芸能	玉敷神社神楽
埼玉県	鷲宮催馬楽神楽	yes	2	民俗芸能	鷲宮催馬楽神楽
埼玉県	大宮住吉神楽	yes	1	民俗芸能	坂戸の大宮住吉神楽
埼玉県	屋台行事と神楽	yes	1	風俗慣習	秩父祭の屋台行事と神楽
埼玉県	山車行事	yes	1	風俗慣習	川越氷川祭の山車行事
埼玉県	秩父神社神楽	yes	1	民俗芸能	秩父神社神楽
大分県	吉弘楽	no	2	民俗芸能	吉弘楽
大分県	とうや行事	no	1	風俗慣習	国東のとうや行事
大分県	修正鬼会	no	1	民俗芸能	修正鬼会
大分県	傀儡子	no	1	民俗芸能	古要神社の傀儡子
大分県	初盆行事	no	1	風俗慣習	長洲の初盆行事
大分県	米占い行事	no	1	風俗慣習	大原八幡宮の米占い行事
大分県	舞と相撲	no	1	民俗芸能	古要神社の傀儡子の舞と相撲
大分県	鶴崎踊	no	1	民俗芸能	鶴崎踊
大分県	ケベス祭	yes	1	風俗慣習	岩倉社のケベス祭
大分県	御嶽神楽	yes	1	民俗芸能	御嶽神楽
大分県	曳山行事	yes	1	風俗慣習	日田祗園の曳山行事
大分県	盆踊	yes	1	民俗芸能	姫島の盆踊
大阪府	御田植	no	2	民俗芸能	住吉の御田植
大阪府	舞楽	no	2	民俗芸能	聖霊会の舞楽
大阪府	浄瑠璃	no	1	民俗芸能	能勢の浄瑠璃
大阪府	こおどり	yes	1	民俗芸能	上神谷のこおどり
奈良県	大踊	no	2	民俗芸能	十津川の大踊
奈良県	翁舞	no	2	民俗芸能	奈良豆比古神社の翁舞
奈良県	題目立	no	2	民俗芸能	題目立
奈良県	とんど	no	1	風俗慣習	茅原のとんど
奈良県	ホーランヤ	no	1	風俗慣習	東坊城のホーランヤ
奈良県	当麻寺二十五菩薩来迎会	no	1	民俗芸能	当麻寺二十五菩薩来迎会
奈良県	御綱	no	1	風俗慣習	江包・大西の御綱
奈良県	江包	no	1	風俗慣習	江包・大西の御綱
奈良県	當麻寺練供養	no	1	民俗芸能	當麻寺練供養
奈良県	神事芸能	no	1	民俗芸能	春日若宮おん祭の神事芸能
奈良県	篠原踊	no	1	民俗芸能	篠原踊
奈良県	野神行事	no	1	風俗慣習	大和の野神行事
奈良県	阪本踊	no	1	民俗芸能	阪本踊
奈良県	鬼はしり	no	1	風俗慣習	陀々堂の鬼はしり
宮城県	延年	no	2	民俗芸能	小迫の延年
宮城県	田植踊	no	2	民俗芸能	秋保の田植踊
宮城県	わり	no	1	風俗慣習	月浜のえんずのわり
宮城県	七夕行事	no	1	風俗慣習	金津の七夕行事
宮城県	川前剣舞	no	1	民俗芸能	川前鹿踊・川前剣舞
宮城県	川前鹿踊	no	1	民俗芸能	川前鹿踊・川前剣舞
宮城県	水かぶり	no	1	風俗慣習	米川の水かぶり
宮城県	虎舞	no	1	民俗芸能	中新田の虎舞
宮城県	牡鹿法印神楽	yes	1	民俗芸能	牡鹿法印神楽
宮城県	能神楽	yes	1	民俗芸能	大崎八幡神社の能神楽
宮城県	雄勝法印神楽	yes	1	民俗芸能	雄勝法印神楽
宮崎県	文弥人形	no	2	民俗芸能	山之口の文弥人形
宮崎県	神舞	no	2	民俗芸能	高原の神舞
宮崎県	荒踊	no	2	民俗芸能	五ケ瀬の荒踊
宮崎県	弥五郎人形行事	no	1	風俗慣習	日向の弥五郎人形行事
宮崎県	日向南郷神門神社	no	1	風俗慣習	日向南郷神門神社・木城比木神社の師走祭り
宮崎県	神楽	yes	3	民俗芸能	米良の神楽
宮崎県	夜神楽	yes	1	民俗芸能	高千穂の夜神楽
宮崎県	師走祭り	yes	1	風俗慣習	日向南郷神門神社・木城比木神社の師走祭り
宮崎県	椎葉神楽	yes	1	民俗芸能	椎葉神楽
宮崎県	米良神楽	yes	1	民俗芸能	米良神楽
宮崎県	臼太鼓踊	yes	1	民俗芸能	下水流の臼太鼓踊
宮崎県	諸塚神楽	yes	1	民俗芸能	諸塚神楽
宮崎県	高鍋神楽	yes	1	民俗芸能	高鍋神楽
富山県	稚児舞	no	3	民俗芸能	越中の稚児舞
富山県	タテモン行事	no	2	風俗慣習	魚津のタテモン行事
富山県	お召し替え	no	1	風俗慣習	オンバサマのお召し替え
富山県	はつうま行事	no	1	風俗慣習	利賀のはつうま行事
富山県	サイノカミ	no	1	風俗慣習	邑町のサイノカミ
富山県	ニブ流し	no	1	風俗慣習	中陣のニブ流し
富山県	ネブタ流し	no	1	風俗慣習	滑川のネブタ流し
富山県	七夕流し	no	1	風俗慣習	尾山の七夕流し
富山県	御車山行事	no	1	風俗慣習	高岡御車山祭の御車山行事
富山県	歌と踊	no	1	民俗芸能	五箇山の歌と踊
富山県	神行事	no	1	風俗慣習	越中の田の神行事
富山県	築山行事	no	1	風俗慣習	放生津八幡宮祭の曳山・築山行事
富山県	曳山	yes	1	風俗慣習	放生津八幡宮祭の曳山・築山行事
富山県	曳山行事	yes	1	風俗慣習	城端神明宮祭の曳山行事
山口県	神舞	no	2	民俗芸能	岩国行波の神舞
山口県	サバー送り	no	1	風俗慣習	北浦地方のサバー送り
山口県	トイトイ	no	1	風俗慣習	地福のトイトイ
山口県	占手相撲	no	1	風俗慣習	玉祖神社の占手相撲
山口県	周防	no	1	風俗慣習	周防・長門の辻堂の習俗
山口県	岩国南条踊	no	1	民俗芸能	岩国南条踊
山口県	柱松行事	no	1	風俗慣習	周防祖生の柱松行事
山口県	神」神事	no	1	風俗慣習	蓋井島「山の神」神事
山口県	花笠踊	no	1	民俗芸能	八代の花笠踊
山口県	三作神楽	yes	2	民俗芸能	三作神楽
山口県	徳地人形浄瑠璃	yes	1	民俗芸能	徳地人形浄瑠璃
山口県	滝坂神楽	yes	1	民俗芸能	滝坂神楽
山口県	神明祭	yes	1	風俗慣習	阿月の神明祭
山口県	赤崎神社奉納芸能	yes	1	民俗芸能	赤崎神社奉納芸能
山形県	杉沢比山	no	2	民俗芸能	杉沢比山
山形県	黒川能	no	2	民俗芸能	黒川能
山形県	アマハゲ	no	1	風俗慣習	遊佐のアマハゲ
山形県	オナカマ習俗	no	1	風俗慣習	村山地方のオナカマ習俗
山形県	ケヤキキョウダイ	no	1	風俗慣習	浜中のケヤキキョウダイ（契約姉妹）
山形県	仁田山鹿子踊	no	1	民俗芸能	萩野・仁田山鹿子踊
山形県	勧進	no	1	風俗慣習	最上地方の山の神の勧進
山形県	吹浦延年	no	1	民俗芸能	吹浦延年
山形県	大松明行事	no	1	風俗慣習	松例祭の大松明行事
山形県	安久津延年	no	1	民俗芸能	安久津延年
山形県	小正月行事	no	1	風俗慣習	遊佐の小正月行事
山形県	延年	no	1	民俗芸能	新山の延年
山形県	林家舞楽	no	1	民俗芸能	林家舞楽
山形県	舞楽	no	1	民俗芸能	谷地の舞楽
山形県	萩野	no	1	民俗芸能	萩野・仁田山鹿子踊
山形県	蕨岡延年	no	1	民俗芸能	蕨岡延年
山形県	高寺八講	no	1	民俗芸能	高寺八講
山形県	黒森歌舞伎	no	1	民俗芸能	黒森歌舞伎
山形県	山車行事	yes	1	風俗慣習	新庄まつりの山車行事
山梨県	大念仏	no	2	民俗芸能	無生野の大念仏
山梨県	天津司舞	no	2	民俗芸能	天津司舞
山梨県	お松引き	no	1	風俗慣習	丹波山のお松引き
山梨県	春駒	no	1	民俗芸能	一之瀬高橋の春駒
山梨県	火祭	yes	2	風俗慣習	吉田の火祭
山梨県	ほうとう祭	yes	1	風俗慣習	若神子のほうとう祭
山梨県	安産祭	yes	1	風俗慣習	山中の安産祭
山梨県	藤切り祭	yes	1	風俗慣習	大善寺の藤切り祭
岐阜県	神事芸能	no	3	民俗芸能	南宮の神事芸能
岐阜県	延年	no	2	民俗芸能	長滝の延年
岐阜県	拝殿踊	no	2	民俗芸能	白鳥の拝殿踊
岐阜県	掛踊	no	2	民俗芸能	寒水の掛踊
岐阜県	ヒンココ	no	1	民俗芸能	大矢田のヒンココ
岐阜県	古調郡上踊	no	1	民俗芸能	古調郡上踊
岐阜県	狂言	no	1	民俗芸能	能郷の能・狂言
岐阜県	猿楽狂言	no	1	民俗芸能	能郷の猿楽狂言
岐阜県	糸切りからくり	no	1	民俗芸能	久田見の糸切りからくり
岐阜県	美濃流しにわか	no	1	民俗芸能	美濃流しにわか
岐阜県	軕行事	no	1	風俗慣習	大垣祭の軕行事
岐阜県	郡上踊	no	1	民俗芸能	郡上踊
岐阜県	鎌倉踊	no	1	民俗芸能	東津汲の鎌倉踊
岐阜県	屋台行事	yes	2	風俗慣習	古川祭の起し太鼓・屋台行事
岐阜県	古川祭	yes	1	風俗慣習	古川祭
岐阜県	真桑人形浄瑠璃	yes	1	民俗芸能	真桑人形浄瑠璃
岐阜県	神祭	yes	1	民俗芸能	下呂の田の神祭
岐阜県	起し太鼓	yes	1	風俗慣習	古川祭の起し太鼓・屋台行事
岡山県	大宮踊	no	2	民俗芸能	大宮踊
岡山県	白石踊	no	2	民俗芸能	白石踊
岡山県	とうや行事	no	1	風俗慣習	千屋代城のとうや行事
岡山県	ヒッタカ	no	1	風俗慣習	ヒッタカ
岡山県	会陽	no	1	風俗慣習	西大寺の会陽
岡山県	唐子踊と太刀踊	no	1	民俗芸能	唐子踊と太刀踊
岡山県	弘法寺踟供養	no	1	民俗芸能	弘法寺踟供養
岡山県	備中神楽	yes	2	民俗芸能	備中神楽
岡山県	御田植祭	yes	1	民俗芸能	吉備津彦神社の御田植祭
岡山県	護法祭	yes	1	民俗芸能	美作の護法祭
岩手県	延年	no	2	民俗芸能	毛越寺の延年
岩手県	田植踊	no	2	民俗芸能	山屋の田植踊
岩手県	しし踊	no	1	民俗芸能	青笹のしし踊
岩手県	サイトギ	no	1	風俗慣習	似鳥のサイトギ
岩手県	スネカ	no	1	風俗慣習	吉浜のスネカ
岩手県	チャグチャグ馬コ	no	1	風俗慣習	チャグチャグ馬コ
岩手県	倉沢人形歌舞伎	no	1	民俗芸能	倉沢人形歌舞伎
岩手県	古実式三番	no	1	民俗芸能	古実式三番
岩手県	大念仏	no	1	民俗芸能	永井の大念仏
岩手県	大念仏剣舞	no	1	民俗芸能	永井の大念仏剣舞
岩手県	念仏剣舞	no	1	民俗芸能	川西の念仏剣舞
岩手県	神子舞	no	1	民俗芸能	陸中沿岸地方の神子舞
岩手県	鬼剣舞	no	1	民俗芸能	鬼剣舞
岩手県	早池峰神楽	yes	2	民俗芸能	早池峰神楽
岩手県	マツリバ行事	yes	1	風俗慣習	室根神社祭のマツリバ行事
岩手県	円万寺神楽	yes	1	民俗芸能	円万寺神楽
岩手県	土沢神楽	yes	1	民俗芸能	石鳩岡神楽・土沢神楽
岩手県	大乗神楽	yes	1	民俗芸能	煤孫の大乗神楽
岩手県	廻り神楽	yes	1	民俗芸能	陸中沿岸地方の廻り神楽
岩手県	石鳩岡神楽	yes	1	民俗芸能	石鳩岡神楽・土沢神楽
岩手県	蘇民祭	yes	1	風俗慣習	岩手の蘇民祭
岩手県	鴨沢神楽	yes	1	民俗芸能	鴨沢神楽
岩手県	鵜鳥神楽	yes	1	民俗芸能	鵜鳥神楽
岩手県	黒森神楽	yes	1	民俗芸能	黒森神楽
島根県	佐陀神能	no	2	民俗芸能	佐陀神能
島根県	鷺舞	no	2	民俗芸能	津和野弥栄神社の鷺舞
島根県	お改めとシシ狩り行事	no	1	風俗慣習	山中のお改めとシシ狩り行事
島根県	グロ	no	1	風俗慣習	五十猛のグロ
島根県	シャーラブネ	no	1	風俗慣習	隠岐西ノ島のシャーラブネ
島根県	ホーランエンヤ	no	1	風俗慣習	松江のホーランエンヤ
島根県	大元舞	no	1	民俗芸能	大元舞
島根県	火鑚習俗	no	1	風俗慣習	出雲の火鑚習俗
島根県	糸あやつり人形	no	1	民俗芸能	益田の糸あやつり人形
島根県	蒼柴垣神事	no	1	風俗慣習	蒼柴垣神事
島根県	大元神楽	yes	1	民俗芸能	大元神楽
島根県	大土地神楽	yes	1	民俗芸能	大土地神楽
島根県	屋神楽	yes	1	民俗芸能	槻の屋神楽
島根県	山祭り	yes	1	風俗慣習	布施の山祭り
島根県	島後久見神楽	yes	1	民俗芸能	島後久見神楽
島根県	田楽	yes	1	民俗芸能	美田八幡宮の田楽
広島県	はやし田	no	3	民俗芸能	安芸のはやし田
広島県	大山供養田植	no	2	民俗芸能	塩原の大山供養田植
広島県	タノモサン	no	1	風俗慣習	宮島のタノモサン
広島県	御当	no	1	風俗慣習	久井稲生神社の御当
広島県	花笠踊	no	1	民俗芸能	本地の花笠踊
広島県	弓神楽	yes	1	民俗芸能	弓神楽
広島県	比婆荒神神楽	yes	1	民俗芸能	比婆荒神神楽
広島県	荒神神楽	yes	1	民俗芸能	比婆の荒神神楽
広島県	阿刀神楽	yes	1	民俗芸能	阿刀神楽
徳島県	神代踊	no	2	民俗芸能	西祖谷の神代踊
徳島県	人形芝居	no	1	民俗芸能	阿波の人形芝居
徳島県	曽我氏神社神踊	no	1	民俗芸能	曽我氏神社神踊
徳島県	製作工程	no	1	風俗慣習	蔓橋の製作工程
徳島県	祇園祭	yes	1	風俗慣習	宍喰八坂神社の祇園祭
徳島県	阿波人形浄瑠璃	yes	1	民俗芸能	阿波人形浄瑠璃
愛媛県	お練り行事	no	1	風俗慣習	吉田祭のお練り行事
愛媛県	八つ鹿踊	no	1	民俗芸能	窪野の八つ鹿踊
愛媛県	初盆行事	no	1	風俗慣習	佐田岬半島の初盆行事
愛媛県	船踊	no	1	民俗芸能	興居島の船踊
愛媛県	花取踊	no	1	民俗芸能	増田の花取踊
愛媛県	角突き習俗	no	1	風俗慣習	南予地方の牛の角突き習俗
愛媛県	伊予神楽	yes	2	民俗芸能	伊予神楽
愛知県	尾張	no	2	風俗慣習	尾張・三河の火鑚習俗
愛知県	おためし	no	1	風俗慣習	小畑のおためし
愛知県	からくり	no	1	民俗芸能	知立のからくり
愛知県	とう	no	1	風俗慣習	尾張・三河の花のとう
愛知県	ほうか	no	1	民俗芸能	大海のほうか
愛知県	オマント	no	1	風俗慣習	愛知のオマント
愛知県	シカウチ行事	no	1	風俗慣習	設楽のシカウチ行事
愛知県	三河万歳	no	1	民俗芸能	三河万歳
愛知県	子供ザイレン	no	1	風俗慣習	尾張西部の子供ザイレン
愛知県	尾張万歳	no	1	民俗芸能	尾張万歳
愛知県	火鑚習俗	no	1	風俗慣習	尾張・三河の火鑚習俗
愛知県	車山行事	no	1	風俗慣習	犬山祭の車山行事
愛知県	車楽舟行事	no	1	風俗慣習	尾張津島天王祭の車楽舟行事
愛知県	車楽船行事と神葭流し	no	1	風俗慣習	須成祭の車楽船行事と神葭流し
愛知県	夜念仏と盆踊	yes	2	民俗芸能	綾渡の夜念仏と盆踊
愛知県	田楽	yes	2	民俗芸能	三河の田楽
愛知県	鬼祭	yes	2	風俗慣習	豊橋神明社の鬼祭
愛知県	オコワ祭	yes	1	風俗慣習	尾張西部のオコワ祭
愛知県	参候祭	yes	1	民俗芸能	参候祭
愛知県	天王祭	yes	1	風俗慣習	津島神社の天王祭
愛知県	山車文楽とからくり	yes	1	民俗芸能	知立の山車文楽とからくり
愛知県	山車行事	yes	1	風俗慣習	亀崎潮干祭の山車行事
愛知県	瀧山寺鬼祭り	yes	1	風俗慣習	瀧山寺鬼祭り
愛知県	火祭り	yes	1	風俗慣習	鳥羽の火祭り
愛知県	知立山車文楽	yes	1	民俗芸能	知立山車文楽
愛知県	花祭	yes	1	民俗芸能	花祭
愛知県	須成祭	yes	1	風俗慣習	須成祭
愛知県	黒沢田楽	yes	1	民俗芸能	黒沢田楽
新潟県	人形芝居	no	2	民俗芸能	佐渡の人形芝居（文弥人形、説経人形、のろま人形）
新潟県	延年	no	2	民俗芸能	根知山寺の延年
新潟県	綾子舞	no	2	民俗芸能	綾子舞
新潟県	舞楽	no	2	民俗芸能	糸魚川・能生の舞楽
新潟県	からかい	no	1	風俗慣習	青海の竹のからかい
新潟県	のろま人形	no	1	民俗芸能	佐渡の人形芝居（文弥人形、説経人形、のろま人形）
新潟県	大須戸能	no	1	民俗芸能	大須戸能
新潟県	天津神社舞楽	no	1	民俗芸能	天津神社舞楽
新潟県	弥彦神社燈篭おしと舞楽	no	1	民俗芸能	弥彦神社燈篭おしと舞楽
新潟県	御田植神事	no	1	民俗芸能	五所神社の御田植神事
新潟県	田遊び神事	no	1	民俗芸能	白山神社の田遊び神事
新潟県	白山神社舞楽	no	1	民俗芸能	白山神社舞楽
新潟県	裸押合	no	1	風俗慣習	浦佐毘沙門堂の裸押合
新潟県	説経人形	no	1	民俗芸能	佐渡の人形芝居（文弥人形、説経人形、のろま人形）
新潟県	ボタモチ祭	yes	1	風俗慣習	山北のボタモチ祭
新潟県	ボタモチ祭り	yes	1	風俗慣習	山北のボタモチ祭り
新潟県	屋台行事	yes	1	風俗慣習	村上祭の屋台行事
東京都	田遊び	no	2	民俗芸能	板橋の田遊び
東京都	鹿島踊	no	2	民俗芸能	小河内の鹿島踊
東京都	びんざさら	no	1	民俗芸能	浅草神社のびんざさら
東京都	二十五菩薩練供養	no	1	民俗芸能	浄真寺の二十五菩薩練供養
東京都	大踊	no	1	民俗芸能	新島の大踊
東京都	川野車人形	no	1	民俗芸能	川野車人形
東京都	式三番	no	1	民俗芸能	檜原村の式三番
東京都	神事	no	1	民俗芸能	三宅島の神事
東京都	糸あやつり人形	no	1	民俗芸能	江戸の糸あやつり人形
東京都	里神楽	yes	2	民俗芸能	江戸の里神楽
東京都	盆踊	yes	1	民俗芸能	佃の盆踊
栃木県	ジャガマイタ	no	1	風俗慣習	間々田のジャガマイタ
栃木県	ダイモジ（大捻縄）引き	no	1	風俗慣習	湯津上のダイモジ（大捻縄）引き
栃木県	天念仏	no	1	風俗慣習	栃窪の天念仏
栃木県	奈佐原文楽	no	1	民俗芸能	奈佐原文楽
栃木県	山あげ行事	no	1	風俗慣習	烏山の山あげ行事
栃木県	強飯式	no	1	風俗慣習	発光路の強飯式
栃木県	百堂念仏舞	no	1	民俗芸能	百村の百堂念仏舞
栃木県	天祭	yes	1	風俗慣習	塙の天祭
栃木県	屋台行事	yes	1	風俗慣習	鹿沼今宮神社祭の屋台行事
栃木県	山あげ祭	yes	1	風俗慣習	八雲神社の山あげ祭
沖縄県	ウンガミ	no	2	風俗慣習	塩屋湾のウンガミ
沖縄県	パーントゥ	no	2	風俗慣習	宮古島のパーントゥ
沖縄県	村踊	no	2	民俗芸能	伊江島の村踊
沖縄県	種子取	no	2	民俗芸能	竹富島の種子取
沖縄県	クイチャー	no	1	民俗芸能	宮古のクイチャー
沖縄県	シヌグ	no	1	民俗芸能	安田のシヌグ
沖縄県	フェーヌシマ	no	1	民俗芸能	那覇安里のフェーヌシマ
沖縄県	プーリィ	no	1	風俗慣習	石垣島四ヶ村のプーリィ（豊年祭）
沖縄県	マストリヤー	no	1	民俗芸能	野原のマストリヤー
沖縄県	ムシャーマ	no	1	民俗芸能	波照間島のムシャーマ
沖縄県	京太郎	no	1	民俗芸能	泡瀬の京太郎
沖縄県	八月あしび	no	1	民俗芸能	宜野座の八月あしび
沖縄県	八月踊	no	1	民俗芸能	多良間島の八月踊
沖縄県	操り獅子	no	1	民俗芸能	操り獅子
沖縄県	綱引き	no	1	風俗慣習	沖縄の綱引き
沖縄県	西表島祖内	no	1	民俗芸能	西表島祖内・星立の節祭
沖縄県	節祭	yes	2	民俗芸能	西表島の節祭
沖縄県	獅子舞	yes	1	民俗芸能	勢理客の獅子舞
沖縄県	結願祭	yes	1	民俗芸能	小浜島の盆、結願祭、種子取祭の芸能
沖縄県	豊年祭	yes	1	民俗芸能	多良間の豊年祭
滋賀県	おはな踊	no	1	民俗芸能	おはな踊
滋賀県	ケンケト祭り長刀振り	yes	2	民俗芸能	近江のケンケト祭り長刀振り
滋賀県	サンヤレ踊り	yes	2	民俗芸能	近江湖南のサンヤレ踊り
滋賀県	曳山行事	yes	2	風俗慣習	大津祭の曳山行事
滋賀県	ずいき祭	yes	1	風俗慣習	三上のずいき祭
滋賀県	太鼓踊	yes	1	民俗芸能	油日の太鼓踊
滋賀県	朝日豊年太鼓踊	yes	1	民俗芸能	朝日豊年太鼓踊
滋賀県	火祭り	yes	1	風俗慣習	近江八幡の火祭り
滋賀県	芋競べ祭り	yes	1	風俗慣習	近江中山の芋競べ祭り
滋賀県	郷祭り	yes	1	風俗慣習	近江の郷祭り
滋賀県	長浜曳山狂言	yes	1	民俗芸能	長浜曳山狂言
熊本県	にわか	no	1	民俗芸能	高森のにわか
熊本県	七夕綱	no	1	風俗慣習	八代・芦北の七夕綱
熊本県	古代踊	no	1	民俗芸能	古代踊
熊本県	御田植	no	1	民俗芸能	阿蘇の御田植
熊本県	神幸行事	no	1	風俗慣習	八代妙見祭の神幸行事
熊本県	岩戸神楽	yes	2	民俗芸能	中江の岩戸神楽
熊本県	松囃子	yes	2	民俗芸能	菊池の松囃子
熊本県	球磨神楽	yes	2	民俗芸能	球磨神楽
熊本県	野原八幡宮風流	yes	2	民俗芸能	野原八幡宮風流
熊本県	盆踊	yes	1	民俗芸能	植柳の盆踊
熊本県	長野岩戸神楽	yes	1	民俗芸能	長野岩戸神楽
石川県	でくまわし	no	2	民俗芸能	尾口のでくまわし
石川県	かんこ踊	no	1	民俗芸能	白峰のかんこ踊
石川県	アマメハギ	no	1	風俗慣習	能登のアマメハギ
石川県	ゴンガン	no	1	風俗慣習	大聖寺のゴンガン
石川県	加賀万才	no	1	民俗芸能	加賀万才
石川県	枠旗行事	no	1	風俗慣習	熊甲二十日祭の枠旗行事
石川県	イドリ祭り	yes	1	風俗慣習	鵜川菅原神社のイドリ祭り
石川県	キリコ祭り	yes	1	風俗慣習	能登のキリコ祭り
石川県	曳山行事	yes	1	風俗慣習	青柏祭の曳山行事
神奈川県	チャッキラコ	no	2	民俗芸能	チャッキラコ
神奈川県	相模人形芝居	no	2	民俗芸能	相模人形芝居
神奈川県	お峯入り	no	1	民俗芸能	お峯入り
神奈川県	お峰入り	no	1	民俗芸能	山北のお峰入り
神奈川県	オショロ流し	no	1	風俗慣習	三戸のオショロ流し
神奈川県	七夕行事	no	1	風俗慣習	大磯の七夕行事
神奈川県	左義長	no	1	風俗慣習	大磯の左義長
神奈川県	虎踊	no	1	民俗芸能	横須賀の虎踊
神奈川県	鹿島踊	no	1	民俗芸能	吉浜の鹿島踊
神奈川県	湯立獅子舞	yes	2	民俗芸能	箱根の湯立獅子舞
神奈川県	船祭り	yes	1	風俗慣習	貴船神社の船祭り
神奈川県	足柄ささら踊	yes	1	民俗芸能	足柄ささら踊
福井県	仏舞	no	2	民俗芸能	糸崎の仏舞
福井県	オイケモノ	no	1	風俗慣習	加茂神社のオイケモノ
福井県	六斎念仏	no	1	民俗芸能	上中の六斎念仏
福井県	和久里壬生狂言	no	1	民俗芸能	和久里壬生狂言
福井県	戸祝いとキツネガリ	no	1	風俗慣習	福井の戸祝いとキツネガリ
福井県	睦月神事	no	1	民俗芸能	睦月神事
福井県	神事	no	1	民俗芸能	国山の神事
福井県	神事能	no	1	民俗芸能	若狭能倉座の神事能
福井県	神事芸能	no	1	民俗芸能	宇波西神社の神事芸能
福井県	綱引き	no	1	風俗慣習	敦賀西町の綱引き
福井県	綱引き行事	no	1	風俗慣習	日向の綱引き行事
福井県	能舞	no	1	民俗芸能	水海の田楽・能舞
福井県	蓬莱祀	no	1	風俗慣習	粟田部の蓬莱祀
福井県	越前万歳	no	1	民俗芸能	越前万歳
福井県	野大坪万歳	no	1	民俗芸能	野大坪万歳
福井県	田楽	yes	1	民俗芸能	水海の田楽・能舞
福井県	田楽能舞	yes	1	民俗芸能	水海の田楽能舞
福岡県	幸若舞	no	2	民俗芸能	幸若舞
福岡県	感応楽	no	2	民俗芸能	感応楽
福岡県	松会	no	2	風俗慣習	等覚寺の松会
福岡県	はんや舞	no	1	民俗芸能	はんや舞
福岡県	八朔行事	no	1	風俗慣習	芦屋の八朔行事
福岡県	博多山笠行事	no	1	風俗慣習	博多山笠行事
福岡県	博多祇園山笠行事	no	1	風俗慣習	博多祇園山笠行事
福岡県	宮座行事	no	1	風俗慣習	筑前朝倉の宮座行事
福岡県	戸畑祇園大山笠行事	no	1	風俗慣習	戸畑祇園大山笠行事
福岡県	燈篭人形	no	1	民俗芸能	八女福島の燈篭人形
福岡県	神相撲	no	1	民俗芸能	細男舞・神相撲
福岡県	細男舞	no	1	民俗芸能	細男舞・神相撲
福岡県	舞と相撲	no	1	民俗芸能	八幡古表神社の傀儡子の舞と相撲
福岡県	鬼夜	no	1	風俗慣習	大善寺玉垂宮の鬼夜
福岡県	黒崎祇󠄀園山笠行事	no	1	風俗慣習	黒崎祇󠄀園山笠行事
福岡県	小倉祇園太鼓	yes	2	民俗芸能	小倉祇園祭の小倉祇園太鼓
福岡県	博多松ばやし	yes	1	民俗芸能	博多松ばやし
福岡県	博多松囃子	yes	1	民俗芸能	博多松囃子
福岡県	灯籠人形	yes	1	民俗芸能	八女の灯籠人形
福岡県	盆綱	yes	1	風俗慣習	北部九州の盆綱
福岡県	豊前神楽	yes	1	民俗芸能	豊前神楽
福島県	御田植	no	3	民俗芸能	都々古別神社の御田植
福島県	お浜下り	no	2	風俗慣習	浜通りのお浜下り
福島県	七福神と田植踊	no	2	民俗芸能	石井の七福神と田植踊
福島県	おとうや行事	no	1	風俗慣習	田島祇園祭のおとうや行事
福島県	さんじもさ踊	no	1	民俗芸能	関辺のさんじもさ踊
福島県	サイノカミ	no	1	風俗慣習	三島のサイノカミ
福島県	古寺山自奉楽	no	1	民俗芸能	古寺山自奉楽
福島県	天道念仏踊	no	1	民俗芸能	上羽太の天道念仏踊
福島県	念仏踊	no	1	民俗芸能	南須釜の念仏踊
福島県	田植踊	no	1	民俗芸能	津島の田植踊
福島県	相馬野馬追	no	1	風俗慣習	相馬野馬追
福島県	磐城	no	1	風俗慣習	磐城・岩代のミコサマの習俗
福島県	羽山ごもり	no	1	風俗慣習	金沢の羽山ごもり
福島県	三匹獅子舞	yes	1	民俗芸能	小浜長折の三匹獅子舞
福島県	御田植祭	yes	1	風俗慣習	会津の御田植祭
福島県	田楽と獅子舞	yes	1	民俗芸能	御宝殿の田楽と獅子舞
福島県	稚児田楽	yes	1	民俗芸能	御宝殿の稚児田楽・風流
福島県	舟引き祭り	yes	1	風俗慣習	磐梯神社の舟引き祭り
福島県	風流	yes	1	民俗芸能	御宝殿の稚児田楽・風流
秋田県	チョウクライロ舞	no	2	民俗芸能	小滝のチョウクライロ舞
秋田県	大日堂舞楽	no	2	民俗芸能	大日堂舞楽
秋田県	根子番楽	no	2	民俗芸能	根子番楽
秋田県	やま行事	no	1	風俗慣習	角館祭りのやま行事
秋田県	カマクラ行事	no	1	風俗慣習	六郷のカマクラ行事
秋田県	カンデッコあげ行事	no	1	風俗慣習	中里のカンデッコあげ行事
秋田県	トウニン（統人）行事	no	1	風俗慣習	東湖八坂神社のトウニン（統人）行事
秋田県	ナゴメハギ	no	1	風俗慣習	能代のナゴメハギ
秋田県	ナマハゲ	no	1	風俗慣習	男鹿のナマハゲ
秋田県	大綱引き	no	1	風俗慣習	刈和野の大綱引き
秋田県	小正月行事	no	1	風俗慣習	上郷の小正月行事
秋田県	本海番楽	no	1	民俗芸能	本海番楽
秋田県	沼入り梵天行事	no	1	風俗慣習	荒処の沼入り梵天行事
秋田県	猿倉人形芝居	no	1	民俗芸能	猿倉人形芝居
秋田県	盆小屋行事	no	1	風俗慣習	象潟の盆小屋行事
秋田県	秋田万歳	no	1	民俗芸能	秋田万歳
秋田県	竿灯	no	1	風俗慣習	秋田の竿灯
秋田県	盆踊	yes	4	民俗芸能	毛馬内の盆踊
秋田県	霜月神楽	yes	2	民俗芸能	保呂羽山の霜月神楽
秋田県	おやま囃子	yes	1	民俗芸能	おやま囃子
秋田県	万灯火	yes	1	風俗慣習	阿仁地方の万灯火
秋田県	大太鼓	yes	1	民俗芸能	綴子の大太鼓
秋田県	屋台行事	yes	1	風俗慣習	花輪祭の屋台行事
秋田県	曳山行事	yes	1	風俗慣習	土崎神明社祭の曳山行事
秋田県	本海獅子舞番楽	yes	1	民俗芸能	本海獅子舞番楽
秋田県	獅子舞番楽	yes	1	民俗芸能	鳥海山北麓の獅子舞番楽
群馬県	おひながゆ	no	1	風俗慣習	乙父のおひながゆ
群馬県	お茶講	no	1	風俗慣習	上州白久保のお茶講
群馬県	尻高人形	no	1	民俗芸能	尻高人形
群馬県	式三番	no	1	民俗芸能	下長磯の式三番
群馬県	操作	no	1	風俗慣習	上三原田の歌舞伎舞台の装置・操作
群馬県	火とぼし	no	1	風俗慣習	大日向の火とぼし
群馬県	燈篭人形	no	1	民俗芸能	安中中宿の燈篭人形
群馬県	装置	no	1	風俗慣習	上三原田の歌舞伎舞台の装置・操作
群馬県	鹿占習俗	no	1	風俗慣習	貫前神社の鹿占習俗
群馬県	水神祭	yes	1	風俗慣習	五料の水神祭
群馬県	猿祭	yes	1	風俗慣習	片品の猿祭
群馬県	猿追い祭	yes	1	風俗慣習	片品の猿追い祭
茨城県	撞舞	no	3	民俗芸能|無形民俗|無形民俗文化財	龍ヶ崎の撞舞
茨城県	中田植	no	2	無形民俗文化財	中田植(御田植祭)
茨城県	柿岡からくり人形	no	2	無形民俗|無形民俗文化財	柿岡からくり人形
茨城県	ひょっとこ	no	1	無形民俗文化財	君島のひょっとこ
茨城県	みたま踊	no	1	民俗芸能	真家のみたま踊
茨城県	みろく	no	1	民俗芸能	大串のささらと大野のみろく
茨城県	オシンメサマ	no	1	無形民俗文化財	オシンメサマ
茨城県	元町みろく	no	1	無形民俗文化財	元町みろく（もとまちみろく）
茨城県	元町みろく保存会	no	1	無形民俗文化財	元町みろく保存会
茨城県	六町目獅子	no	1	無形民俗文化財	六町目獅子（ろくちょうめしし）
茨城県	利根地固め唄	no	1	無形民俗文化財	利根地固め唄
茨城県	利根地固め唄保存会	no	1	無形民俗文化財	利根地固め唄保存会
茨城県	君島ひょっとこ	no	1	民俗文化財	君島ひょっとこ
茨城県	四郎介稲荷神社保存会	no	1	無形民俗文化財	四郎介稲荷神社保存会
茨城県	大人形	no	1	無形民俗	代田の大人形 （通称：ダイダラボッチ）
茨城県	大根むき花	no	1	無形民俗文化財	大根むき花
茨城県	大生神社巫女舞神事	no	1	無形民俗	大生神社巫女舞神事
茨城県	大町はやし	no	1	無形民俗	大町はやし
茨城県	寺内	no	1	無形民俗文化財	結城ぎおんばやし(本田・寺内)
茨城県	常盤連	no	1	無形民俗	常盤連（ひょっとこ）
茨城県	常行三昧会	no	1	無形民俗文化財	常行三昧会
茨城県	平方はやし	no	1	無形民俗	平方はやし
茨城県	広浦あんばさま	no	1	無形民俗文化財	広浦あんばさま
茨城県	延方相撲	no	1	無形民俗	延方相撲
茨城県	杖術	no	1	無形民俗文化財	平磯の杖術（ひらいそのじょうじゅつ）
茨城県	柳沢水車場跡保存会	no	1	無形民俗文化財	柳沢水車場跡保存会
茨城県	潮来節	no	1	無形民俗	潮来節
茨城県	無比無敵流杖術保存会	no	1	無形民俗文化財	無比無敵流杖術保存会
茨城県	獅子	no	1	無形民俗	常陸國總社宮祭礼の獅子・山車・ささら行事
茨城県	獅子とみろく	no	1	民俗芸能	那珂湊の獅子とみろく
茨城県	舘獅子	no	1	無形民俗文化財	舘獅子
茨城県	船甚句	no	1	無形民俗文化財	船甚句（ふなじんく）
茨城県	辻集落火渉	no	1	無形民俗	辻集落火渉
茨城県	那珂湊伝承芸能保存会	no	1	無形民俗文化財	那珂湊伝承芸能保存会
茨城県	酒盛り唄	no	1	民俗文化財	酒盛り唄
茨城県	飯田隆司	no	1	無形民俗文化財	飯田隆司
茨城県	高灯籍	no	1	無形民俗	村岡の高灯籍
茨城県	鹿島みろく	no	1	民俗芸能	鹿島みろく
茨城県	黒田	no	1	無形民俗文化財	結城ぎおんばやし(古新田・黒田)
茨城県	ささら	yes	6	無形民俗|無形民俗文化財	下君田のささら
茨城県	結城ぎおんばやし	yes	6	無形民俗文化財	結城ぎおんばやし(古新田・黒田)
茨城県	綱火	yes	4	民俗芸能|無形民俗文化財|重要無形民俗文化財	綱火
茨城県	日立風流物	yes	3	重要無形民俗文化財|風俗慣習	日立風流物
茨城県	獅子舞	yes	3	無形民俗文化財	長ノ入の獅子舞（馬鹿囃子）
茨城県	あんば囃子	yes	2	民俗芸能|無形民俗	あんば囃子
茨城県	からかさ万灯	yes	2	無形民俗文化財|風俗慣習	大畑のからかさ万灯
茨城県	小栗内外大神宮太々神楽	yes	2	無形民俗|無形民俗文化財	小栗内外大神宮太々神楽
茨城県	御船祭	yes	2	無形民俗文化財|風俗慣習	常陸大津の御船祭
茨城県	おまつり「ささら	yes	1	無形民俗文化財	石岡のおまつり「ささら」
茨城県	お船祭	yes	1	風俗慣習	常陸大津のお船祭
茨城県	ささら行事	yes	1	無形民俗	常陸國總社宮祭礼の獅子・山車・ささら行事
茨城県	とんだやばやし	yes	1	無形民俗文化財	とんだやばやし（神田囃子）
茨城県	どぶろく祭	yes	1	無形民俗文化財	どぶろく祭
茨城県	みろく踊り	yes	1	無形民俗	みろく踊り
茨城県	三和祇園ばやし	yes	1	無形民俗文化財	三和祇園ばやし
茨城県	上山川諏訪神社太々神楽	yes	1	無形民俗文化財	上山川諏訪神社太々神楽
茨城県	上戸獅子舞	yes	1	無形民俗	上戸獅子舞
茨城県	下馬場ばやし	yes	1	無形民俗	下馬場ばやし
茨城県	中田永代太々神楽	yes	1	無形民俗文化財	中田永代太々神楽
茨城県	井草大杉囃子	yes	1	無形民俗文化	井草大杉囃子
茨城県	佐和秋葉神社火祭り保存会	yes	1	無形民俗文化財	佐和秋葉神社火祭り保存会
茨城県	八坂神社祇園祭	yes	1	無形民俗文化財	八坂神社祇園祭
茨城県	内守谷本郷馬鹿囃子	yes	1	無形民俗文化財	内守谷本郷馬鹿囃子
茨城県	古内大杉ばやし	yes	1	無形民俗文化財	古内大杉ばやし
茨城県	囃子保存会	yes	1	無形民俗文化財	那珂湊屋台の囃子保存会
茨城県	堅倉ばやし	yes	1	無形民俗	堅倉ばやし
茨城県	大助ばやし	yes	1	無形民俗	大助ばやし
茨城県	大宝八幡宮十二座神楽	yes	1	無形民俗	大宝八幡宮十二座神楽
茨城県	大生神社庭上祭	yes	1	無形民俗	大生神社庭上祭
茨城県	天満宮祭礼保存会	yes	1	無形民俗文化財	天満宮祭礼保存会
茨城県	天満宮祭礼屋台囃子振興会	yes	1	無形民俗文化財	天満宮祭礼屋台囃子振興会
茨城県	太々神楽	yes	1	無形民俗	太々神楽（十二面神楽）
茨城県	太太神楽	yes	1	無形民俗	太太神楽
茨城県	富士ケ丘棒ささら	yes	1	無形民俗文化財	富士ケ丘棒ささら
茨城県	富士ヶ丘棒ささら	yes	1	無形民俗	富士ヶ丘棒ささら
茨城県	小栗太々神楽	yes	1	無形民俗文化財	小栗太々神楽
茨城県	山車	yes	1	無形民俗	常陸國總社宮祭礼の獅子・山車・ささら行事
茨城県	平磯三社祭	yes	1	無形民俗文化財	平磯三社祭（ひらいそさんじゃまつり）
茨城県	徳島水神祭	yes	1	無形民俗	徳島水神祭
茨城県	悪戸新田獅子舞	yes	1	無形民俗文化財	悪戸新田獅子舞
茨城県	柳橋磐戸神楽	yes	1	無形民俗文化財	柳橋磐戸神楽
茨城県	柿岡荒宿「ささら舞	yes	1	無形民俗	柿岡荒宿「ささら舞」
茨城県	柿岡館「獅子舞	yes	1	無形民俗	柿岡館「獅子舞」
茨城県	根小屋代々十二神楽	yes	1	無形民俗	根小屋代々十二神楽
茨城県	棒ささら	yes	1	無形民俗文化財	丹生神社の棒ささら
茨城県	水海道神楽	yes	1	無形民俗文化財	水海道神楽
茨城県	浅川ささら	yes	1	無形民俗文化財	浅川ささら
茨城県	湯立祭	yes	1	無形民俗	雷神社の湯立祭
茨城県	潮来ばやし	yes	1	無形民俗	潮来ばやし
茨城県	片野排禍ばやし	yes	1	無形民俗	片野排禍ばやし
茨城県	猿島ばやし	yes	1	無形民俗文化財	猿島ばやし
茨城県	盆綱	yes	1	無形民俗	立延の盆綱
茨城県	真家みたまおどり	yes	1	無形民俗	真家みたまおどり
茨城県	石下天神ばやし	yes	1	無形民俗文化財	石下天神ばやし
茨城県	石下飴屋踊り	yes	1	無形民俗文化財	石下飴屋踊り
茨城県	石岡ばやし	yes	1	無形民俗	石岡ばやし
茨城県	磐戸神楽	yes	1	無形民俗文化財	磐戸神楽
茨城県	磯渡御	yes	1	無形民俗文化財	有賀神社の磯渡御
茨城県	祇園祭	yes	1	無形民俗文化財	素鵞神社の祇園祭
茨城県	神田ばやし	yes	1	無形民俗文化財	神田ばやし
茨城県	祭事	yes	1	風俗慣習	五所駒滝神社の祭事
茨城県	祭礼	yes	1	無形民俗文化財	天満宮の祭礼（てんまんぐうのさいれい）
茨城県	祭頭祭	yes	1	民俗芸能	鹿島の祭頭祭
茨城県	秋葉ばやし	yes	1	無形民俗文化財	秋葉ばやし
茨城県	素鵞神社祇園祭	yes	1	無形民俗	素鵞神社祇園祭
茨城県	羽鳥囃子	yes	1	無形民俗	羽鳥囃子
茨城県	西丸山祈祷ばやし	yes	1	無形民俗文化財	西丸山祈祷ばやし
茨城県	西丸山祈祷囃子保存会	yes	1	無形民俗文化財	西丸山祈祷囃子保存会
茨城県	西金砂神社田楽舞	yes	1	無形民俗文化財	西金砂神社田楽舞
茨城県	貝原塚おこど囃子	yes	1	無形民俗	貝原塚おこど囃子
茨城県	金砂田楽	yes	1	民俗芸能	金砂田楽
茨城県	鉾田囃子	yes	1	無形民俗文化財	鉾田囃子
茨城県	門部ひょっとこ踊り	yes	1	無形民俗文化財	門部ひょっとこ踊り
茨城県	青屋祭	yes	1	無形民俗	立延の青屋祭
茨城県	麻生祇園馬出し祭	yes	1	無形民俗文化財	麻生祇園馬出し祭
茨城県	麻生祇園馬出し祭り	yes	1	無形民俗文化財	麻生祇園馬出し祭り
長崎県	沖田踊	no	2	民俗芸能	大村の郡三踊（寿古踊・沖田踊・黒丸踊）
長崎県	黒丸踊	no	2	民俗芸能	大村の郡三踊（寿古踊・沖田踊・黒丸踊）
長崎県	オーモンデー	no	1	民俗芸能	オーモンデー
長崎県	ジャンガラ	no	1	民俗芸能	平戸のジャンガラ
長崎県	ヘトマト行事	no	1	風俗慣習	下崎山のヘトマト行事
長崎県	モットモ	no	1	風俗慣習	手熊・柿泊のモットモ
長崎県	ヤクマ	no	1	風俗慣習	木坂・青海のヤクマ
長崎県	亀ト習俗	no	1	風俗慣習	対島の亀ト習俗
長崎県	寿古踊	no	1	民俗芸能	大村の寿古踊
長崎県	手熊	no	1	風俗慣習	手熊・柿泊のモットモ
長崎県	木坂	no	1	風俗慣習	木坂・青海のヤクマ
長崎県	砂打ち	no	1	風俗慣習	下五島大宝郷の砂打ち
長崎県	竜踊	no	1	民俗芸能	竜踊
長崎県	竹ン芸	no	1	民俗芸能	竹ン芸
長崎県	船競漕行事	no	1	風俗慣習	壱岐の船競漕行事
長崎県	赤米行事	no	1	風俗慣習	豆酘の赤米行事
長崎県	郡三踊	no	1	民俗芸能	大村の郡三踊（寿古踊・沖田踊・黒丸踊）
長崎県	長崎「かくれキリシタン」習俗	no	1	風俗慣習	長崎「かくれキリシタン」習俗
長崎県	須古踊	no	1	民俗芸能	大島の須古踊
長崎県	盆踊	yes	4	民俗芸能	対馬の盆踊
長崎県	五島神楽	yes	2	民俗芸能	五島神楽
長崎県	壱岐神楽	yes	1	民俗芸能	壱岐神楽
長崎県	奉納踊	yes	1	民俗芸能	長崎くんちの奉納踊
長崎県	平戸神楽	yes	1	民俗芸能	平戸神楽
長野県	大鹿歌舞伎	no	2	民俗芸能	大鹿歌舞伎
長野県	柱松行事	no	2	風俗慣習	小菅の柱松行事
長野県	かけ踊	no	1	民俗芸能	下伊那のかけ踊
長野県	コト八日行事	no	1	風俗慣習	伊那谷のコト八日行事
長野県	シカオイ行事	no	1	風俗慣習	下伊那大河内のシカオイ行事
長野県	人形三番叟	no	1	民俗芸能	親沢の人形三番叟
長野県	人形芝居	no	1	民俗芸能	伊那の人形芝居
長野県	使い方	no	1	風俗慣習	長野県下の代表的民家の間取・使い方
長野県	小豆焼き行事	no	1	風俗慣習	高岡の小豆焼き行事
長野県	念仏踊	no	1	民俗芸能	和合の念仏踊
長野県	火鑚習俗	no	1	風俗慣習	信濃の火鑚習俗
長野県	神事芸能	no	1	民俗芸能	雨宮の神事芸能
長野県	蘇民将来符頒布習俗	no	1	風俗慣習	上田市八日堂の蘇民将来符頒布習俗
長野県	踊念仏	no	1	民俗芸能	跡部の踊念仏
長野県	間取	no	1	風俗慣習	長野県下の代表的民家の間取・使い方
長野県	頭人行事	no	1	風俗慣習	武水別神社の頭人行事
長野県	お船祭り	yes	1	風俗慣習	安曇平のお船祭り
長野県	太々神楽	yes	1	民俗芸能	駒ヶ岳神社の太々神楽
長野県	盆踊	yes	1	民俗芸能	新野の盆踊
長野県	踊り念仏	yes	1	民俗芸能	跡部の踊り念仏
長野県	道祖神祭り	yes	1	風俗慣習	野沢温泉の道祖神祭り
長野県	雪祭	yes	1	民俗芸能	雪祭
長野県	霜月神楽	yes	1	民俗芸能	天竜村の霜月神楽
長野県	霜月祭	yes	1	民俗芸能	遠山の霜月祭
青森県	えんぶり	no	2	民俗芸能	八戸のえんぶり
青森県	能舞	no	2	民俗芸能	下北の能舞
青森県	ねぶた	no	1	風俗慣習	青森のねぶた
青森県	ねぷた	no	1	風俗慣習	弘前のねぷた
青森県	南部駒踊	no	1	民俗芸能	南部駒踊
青森県	登拝行事	no	1	風俗慣習	岩木山の登拝行事
青森県	鶏舞	no	1	民俗芸能	平内の鶏舞
青森県	七日堂祭	yes	1	風俗慣習	津軽の七日堂祭
青森県	南部切田神楽	yes	1	民俗芸能	南部切田神楽
青森県	山車行事	yes	1	風俗慣習	八戸三社大祭の山車行事
青森県	津軽神楽	yes	1	民俗芸能	津軽神楽
青森県	田子神楽	yes	1	民俗芸能	田子神楽
静岡県	田遊び	no	7	民俗芸能	法多山の田遊び
静岡県	御船行事	no	2	風俗慣習	大江八幡神社の御船行事
静岡県	舞楽	no	2	民俗芸能	遠江森町の舞楽
静岡県	こと八日行事	no	1	風俗慣習	新居のこと八日行事
静岡県	ひよんどりとおくない	no	1	民俗芸能	遠江のひよんどりとおくない
静岡県	シシウチ行事	no	1	風俗慣習	遠江のシシウチ行事
静岡県	三日堂ひよんどり	no	1	民俗芸能	寺野の三日堂ひよんどり
静岡県	十二段舞楽	no	1	民俗芸能	天宮神社の十二段舞楽
静岡県	有東木	no	1	民俗芸能	有東木・平野の盆踊
静岡県	稚児舞	no	1	民俗芸能	静岡浅間神社廿日会祭の稚児舞
静岡県	稚児舞楽	no	1	民俗芸能	静岡浅間神社廿日会祭の稚児舞楽
静岡県	虎舞	no	1	民俗芸能	小稲の虎舞
静岡県	鹿島踊	no	1	民俗芸能	東伊豆地方の鹿島踊
静岡県	盆踊	yes	4	民俗芸能	徳山の盆踊
静岡県	湯立神楽	yes	2	民俗芸能	沼田・大坂の湯立神楽
静岡県	田楽	yes	2	民俗芸能	西浦の田楽
静岡県	神楽	yes	1	民俗芸能	静岡県中部地方の神楽
静岡県	見付天神裸祭	yes	1	風俗慣習	見付天神裸祭
香川県	念仏踊	no	2	民俗芸能	滝宮の念仏踊
香川県	綾子踊	no	2	民俗芸能	綾子踊
香川県	モモテ	no	1	風俗慣習	生里のモモテ
香川県	与島	no	1	民俗芸能	与島・櫃石の盆踊
香川県	馬節供	no	1	風俗慣習	讃岐の馬節供
香川県	盆踊	yes	1	民俗芸能	与島・櫃石の盆踊
高知県	いざなぎ流御祈祷	no	1	民俗芸能	いざなぎ流御祈祷
高知県	お舟	no	1	風俗慣習	吉良川御田八幡宮神祭のお舟・花台行事
高知県	つんつく踊	no	1	民俗芸能	手結のつんつく踊
高知県	シオバカリ	no	1	風俗慣習	野見のシオバカリ
高知県	シットロト踊	no	1	民俗芸能	シットロト踊
高知県	佐喜浜にわか	no	1	民俗芸能	佐喜浜にわか
高知県	御田舞	no	1	民俗芸能	吉良川の御田舞
高知県	花取踊	no	1	民俗芸能	葉山の花取踊
高知県	花台行事	no	1	風俗慣習	吉良川御田八幡宮神祭のお舟・花台行事
高知県	御神穀祭	yes	2	風俗慣習	久礼八幡宮の御神穀祭
高知県	エンコウ祭	yes	1	風俗慣習	南国市後川流域のエンコウ祭
高知県	大祭	yes	1	風俗慣習	義長神社の大祭
高知県	御田祭	yes	1	民俗芸能	吉良川の御田祭
高知県	本川神楽	yes	1	民俗芸能	本川神楽
高知県	池川神楽	yes	1	民俗芸能	池川神楽
高知県	津野山神楽	yes	1	民俗芸能	津野山神楽
高知県	神楽	yes	1	民俗芸能	土佐の神楽
鳥取県	ジンショ	no	2	風俗慣習	三朝のジンショ
鳥取県	しょうぶ綱	no	1	風俗慣習	因幡宝木のしょうぶ綱
鳥取県	トンドウ	no	1	風俗慣習	酒津のトンドウ
鳥取県	八朔綱引き	no	1	風俗慣習	上淀の八朔綱引き
鳥取県	円通寺人形芝居	no	1	民俗芸能	円通寺人形芝居
鳥取県	因幡	no	1	民俗芸能	因幡・但馬の麒麟獅子舞
鳥取県	流しびな	no	1	風俗慣習	用瀬の流しびな
鳥取県	菖蒲綱引き	no	1	風俗慣習	因幡の菖蒲綱引き
鳥取県	雨乞踊	no	1	民俗芸能	越路の雨乞踊
鳥取県	麒麟獅子舞	yes	2	民俗芸能	因幡・但馬の麒麟獅子舞
鳥取県	獅子舞	yes	1	民俗芸能	大和佐美命神社の獅子舞
鹿児島県	七夕踊	no	2	民俗芸能	市来の七夕踊
鹿児島県	諸鈍芝居	no	2	民俗芸能	諸鈍芝居
鹿児島県	アラセツ行事	no	1	風俗慣習	秋名のアラセツ行事
鹿児島県	トシドン	no	1	風俗慣習	甑島のトシドン
鹿児島県	ボゼ	no	1	風俗慣習	悪石島のボゼ
鹿児島県	メンドン	no	1	風俗慣習	薩摩硫黄島のメンドン
鹿児島県	十五夜行事	no	1	風俗慣習	南薩摩の十五夜行事
鹿児島県	十五夜踊	no	1	民俗芸能	与論の十五夜踊
鹿児島県	吉左右踊	no	1	民俗芸能	吉左右踊・太鼓踊
鹿児島県	大綱引き	no	1	風俗慣習	薩摩川内の大綱引き
鹿児島県	川内大綱引	no	1	風俗慣習	川内大綱引
鹿児島県	平瀬マンカイ	no	1	民俗芸能	平瀬マンカイ
鹿児島県	座敷舞	no	1	民俗芸能	種子島南種子の座敷舞
鹿児島県	弥五郎どん	no	1	風俗慣習	岩川の弥五郎どん
鹿児島県	弥五郎人形行事	no	1	風俗慣習	岩川の弥五郎人形行事
鹿児島県	水からくり	no	1	民俗芸能	薩摩の水からくり
鹿児島県	疱瘡踊	no	1	民俗芸能	大浦町の疱瘡踊
鹿児島県	種子島大踊	no	1	民俗芸能	現和の種子島大踊
鹿児島県	太鼓踊	yes	1	民俗芸能	吉左右踊・太鼓踊
鹿児島県	東郷人形浄瑠璃	yes	1	民俗芸能	東郷人形浄瑠璃
鹿児島県	東郷文弥節人形浄瑠璃	yes	1	民俗芸能	東郷文弥節人形浄瑠璃
鹿児島県	柴祭り	yes	1	風俗慣習	池田の柴祭り
鹿児島県	盆踊	yes	1	民俗芸能	種子島の盆踊
