code	prefecture	municipality	ward	official_url	scope	resolved
011011	北海道	札幌市	中央区	https://www.city.sapporo.jp/chuo/index.html	https://www.city.sapporo.jp/chuo/	本文に区名を確認
011029	北海道	札幌市	北区	https://www.city.sapporo.jp/kitaku/index.html	https://www.city.sapporo.jp/kitaku/	本文に区名を確認
011037	北海道	札幌市	東区	https://www.city.sapporo.jp/higashi/index.html	https://www.city.sapporo.jp/higashi/	本文に区名を確認
011045	北海道	札幌市	白石区	https://www.city.sapporo.jp/shiroishi/index.html	https://www.city.sapporo.jp/shiroishi/	本文に区名を確認
011053	北海道	札幌市	豊平区	https://www.city.sapporo.jp/toyohira/index.html	https://www.city.sapporo.jp/toyohira/	本文に区名を確認
011061	北海道	札幌市	南区	https://www.city.sapporo.jp/minami/index.html	https://www.city.sapporo.jp/minami/	本文に区名を確認
011070	北海道	札幌市	西区	https://www.city.sapporo.jp/nishi/index.html	https://www.city.sapporo.jp/nishi/	本文に区名を確認
011088	北海道	札幌市	厚別区	https://www.city.sapporo.jp/atsubetsu/index.html	https://www.city.sapporo.jp/atsubetsu/	本文に区名を確認
011096	北海道	札幌市	手稲区	https://www.city.sapporo.jp/teine/index.html	https://www.city.sapporo.jp/teine/	本文に区名を確認
011100	北海道	札幌市	清田区	https://www.city.sapporo.jp/kiyota/index.html	https://www.city.sapporo.jp/kiyota/	本文に区名を確認
041017	宮城県	仙台市	青葉区	https://www.city.sendai.jp/aobaku/index.html	https://www.city.sendai.jp/aobaku/	本文に区名を確認
041025	宮城県	仙台市	宮城野区	https://www.city.sendai.jp/miyaginoku/index.html	https://www.city.sendai.jp/miyaginoku/	本文に区名を確認
041033	宮城県	仙台市	若林区	https://www.city.sendai.jp/wakabayashiku/index.html	https://www.city.sendai.jp/wakabayashiku/	本文に区名を確認
041041	宮城県	仙台市	太白区	https://www.city.sendai.jp/taihakuku/index.html	https://www.city.sendai.jp/taihakuku/	本文に区名を確認
041050	宮城県	仙台市	泉区	https://www.city.sendai.jp/izumiku/index.html	https://www.city.sendai.jp/izumiku/	本文に区名を確認
111015	埼玉県	さいたま市	西区	https://www.city.saitama.lg.jp/nishi/	https://www.city.saitama.lg.jp/nishi/	本文に区名を確認
111023	埼玉県	さいたま市	北区	https://www.city.saitama.lg.jp/kita/	https://www.city.saitama.lg.jp/kita/	本文に区名を確認
111031	埼玉県	さいたま市	大宮区	https://www.city.saitama.lg.jp/omiya/	https://www.city.saitama.lg.jp/omiya/	本文に区名を確認
111040	埼玉県	さいたま市	見沼区	https://www.city.saitama.lg.jp/minuma/	https://www.city.saitama.lg.jp/minuma/	本文に区名を確認
111058	埼玉県	さいたま市	中央区	https://www.city.saitama.lg.jp/chuo/	https://www.city.saitama.lg.jp/chuo/	本文に区名を確認
111066	埼玉県	さいたま市	桜区	https://www.city.saitama.lg.jp/sakura/	https://www.city.saitama.lg.jp/sakura/	本文に区名を確認
111074	埼玉県	さいたま市	浦和区	https://www.city.saitama.lg.jp/urawa/	https://www.city.saitama.lg.jp/urawa/	本文に区名を確認
111082	埼玉県	さいたま市	南区	https://www.city.saitama.lg.jp/minami/	https://www.city.saitama.lg.jp/minami/	本文に区名を確認
111091	埼玉県	さいたま市	緑区	https://www.city.saitama.lg.jp/midori/	https://www.city.saitama.lg.jp/midori/	本文に区名を確認
111104	埼玉県	さいたま市	岩槻区	https://www.city.saitama.lg.jp/iwatsuki/	https://www.city.saitama.lg.jp/iwatsuki/	本文に区名を確認
121011	千葉県	千葉市	中央区	https://www.city.chiba.jp/chuo/index.html	https://www.city.chiba.jp/chuo/	本文に区名を確認
121029	千葉県	千葉市	花見川区	https://www.city.chiba.jp/hanamigawa/index.html	https://www.city.chiba.jp/hanamigawa/	本文に区名を確認
121037	千葉県	千葉市	稲毛区	https://www.city.chiba.jp/inage/index.html	https://www.city.chiba.jp/inage/	本文に区名を確認
121045	千葉県	千葉市	若葉区	https://www.city.chiba.jp/wakaba/index.html	https://www.city.chiba.jp/wakaba/	本文に区名を確認
121053	千葉県	千葉市	緑区	https://www.city.chiba.jp/midori/index.html	https://www.city.chiba.jp/midori/	本文に区名を確認
121061	千葉県	千葉市	美浜区	https://www.city.chiba.jp/mihama/index.html	https://www.city.chiba.jp/mihama/	本文に区名を確認
141011	神奈川県	横浜市	鶴見区	https://www.city.yokohama.lg.jp/tsurumi/index.html	https://www.city.yokohama.lg.jp/tsurumi/	本文に区名を確認
141020	神奈川県	横浜市	神奈川区	https://www.city.yokohama.lg.jp/kanagawa/index.html	https://www.city.yokohama.lg.jp/kanagawa/	本文に区名を確認
141038	神奈川県	横浜市	西区	https://www.city.yokohama.lg.jp/nishi/index.html	https://www.city.yokohama.lg.jp/nishi/	本文に区名を確認
141046	神奈川県	横浜市	中区	https://www.city.yokohama.lg.jp/naka/index.html	https://www.city.yokohama.lg.jp/naka/	本文に区名を確認
141054	神奈川県	横浜市	南区	https://www.city.yokohama.lg.jp/minami/index.html	https://www.city.yokohama.lg.jp/minami/	本文に区名を確認
141062	神奈川県	横浜市	保土ケ谷区	https://www.city.yokohama.lg.jp/hodogaya/index.html	https://www.city.yokohama.lg.jp/hodogaya/	本文に区名を確認
141071	神奈川県	横浜市	磯子区	https://www.city.yokohama.lg.jp/isogo/index.html	https://www.city.yokohama.lg.jp/isogo/	本文に区名を確認
141089	神奈川県	横浜市	金沢区	https://www.city.yokohama.lg.jp/kanazawa/index.html	https://www.city.yokohama.lg.jp/kanazawa/	本文に区名を確認
141097	神奈川県	横浜市	港北区	https://www.city.yokohama.lg.jp/kohoku/index.html	https://www.city.yokohama.lg.jp/kohoku/	本文に区名を確認
141101	神奈川県	横浜市	戸塚区	https://www.city.yokohama.lg.jp/totsuka/index.html	https://www.city.yokohama.lg.jp/totsuka/	本文に区名を確認
141119	神奈川県	横浜市	港南区	https://www.city.yokohama.lg.jp/konan/index.html	https://www.city.yokohama.lg.jp/konan/	本文に区名を確認
141127	神奈川県	横浜市	旭区	https://www.city.yokohama.lg.jp/asahi/index.html	https://www.city.yokohama.lg.jp/asahi/	本文に区名を確認
141135	神奈川県	横浜市	緑区	https://www.city.yokohama.lg.jp/midori/index.html	https://www.city.yokohama.lg.jp/midori/	本文に区名を確認
141143	神奈川県	横浜市	瀬谷区	https://www.city.yokohama.lg.jp/seya/index.html	https://www.city.yokohama.lg.jp/seya/	本文に区名を確認
141151	神奈川県	横浜市	栄区	https://www.city.yokohama.lg.jp/sakae/index.html	https://www.city.yokohama.lg.jp/sakae/	本文に区名を確認
141160	神奈川県	横浜市	泉区	https://www.city.yokohama.lg.jp/izumi/index.html	https://www.city.yokohama.lg.jp/izumi/	本文に区名を確認
141178	神奈川県	横浜市	青葉区	https://www.city.yokohama.lg.jp/aoba/index.html	https://www.city.yokohama.lg.jp/aoba/	本文に区名を確認
141186	神奈川県	横浜市	都筑区	https://www.city.yokohama.lg.jp/tsuzuki/index.html	https://www.city.yokohama.lg.jp/tsuzuki/	本文に区名を確認
141313	神奈川県	川崎市	川崎区	https://www.city.kawasaki.jp/kawasaki/	https://www.city.kawasaki.jp/kawasaki/	本文に区名を確認
141321	神奈川県	川崎市	幸区	https://www.city.kawasaki.jp/saiwai/	https://www.city.kawasaki.jp/saiwai/	本文に区名を確認
141330	神奈川県	川崎市	中原区	https://www.city.kawasaki.jp/nakahara/	https://www.city.kawasaki.jp/nakahara/	本文に区名を確認
141348	神奈川県	川崎市	高津区	https://www.city.kawasaki.jp/takatsu/	https://www.city.kawasaki.jp/takatsu/	本文に区名を確認
141356	神奈川県	川崎市	多摩区	https://www.city.kawasaki.jp/tama/	https://www.city.kawasaki.jp/tama/	本文に区名を確認
141364	神奈川県	川崎市	宮前区	https://www.city.kawasaki.jp/miyamae/	https://www.city.kawasaki.jp/miyamae/	本文に区名を確認
141372	神奈川県	川崎市	麻生区	https://www.city.kawasaki.jp/asao/	https://www.city.kawasaki.jp/asao/	本文に区名を確認
141518	神奈川県	相模原市	緑区	https://www.city.sagamihara.kanagawa.jp/midoriku/	https://www.city.sagamihara.kanagawa.jp/midoriku/	本文に区名を確認
141526	神奈川県	相模原市	中央区	https://www.city.sagamihara.kanagawa.jp/chuoku/	https://www.city.sagamihara.kanagawa.jp/chuoku/	本文に区名を確認
141534	神奈川県	相模原市	南区	https://www.city.sagamihara.kanagawa.jp/minamiku/	https://www.city.sagamihara.kanagawa.jp/minamiku/	本文に区名を確認
151017	新潟県	新潟市	北区	https://www.city.niigata.lg.jp/kita/index.html	https://www.city.niigata.lg.jp/kita/	本文に区名を確認
151025	新潟県	新潟市	東区	https://www.city.niigata.lg.jp/higashi/index.html	https://www.city.niigata.lg.jp/higashi/	本文に区名を確認
151033	新潟県	新潟市	中央区	https://www.city.niigata.lg.jp/chuo/index.html	https://www.city.niigata.lg.jp/chuo/	本文に区名を確認
151041	新潟県	新潟市	江南区	https://www.city.niigata.lg.jp/konan/index.html	https://www.city.niigata.lg.jp/konan/	本文に区名を確認
151050	新潟県	新潟市	秋葉区	https://www.city.niigata.lg.jp/akiha/index.html	https://www.city.niigata.lg.jp/akiha/	本文に区名を確認
151068	新潟県	新潟市	南区	https://www.city.niigata.lg.jp/minami/index.html	https://www.city.niigata.lg.jp/minami/	本文に区名を確認
151076	新潟県	新潟市	西区	https://www.city.niigata.lg.jp/nishi/index.html	https://www.city.niigata.lg.jp/nishi/	本文に区名を確認
151084	新潟県	新潟市	西蒲区	https://www.city.niigata.lg.jp/nishikan/index.html	https://www.city.niigata.lg.jp/nishikan/	本文に区名を確認
221015	静岡県	静岡市	葵区			候補URLがすべて外れ
221023	静岡県	静岡市	駿河区			候補URLがすべて外れ
221031	静岡県	静岡市	清水区			候補URLがすべて外れ
221384	静岡県	浜松市	中央区	https://www.city.hamamatsu.shizuoka.jp/ward/chuo/index.html	https://www.city.hamamatsu.shizuoka.jp/ward/chuo/	本文に区名を確認
221392	静岡県	浜松市	浜名区	https://www.city.hamamatsu.shizuoka.jp/ward/hamana/index.html	https://www.city.hamamatsu.shizuoka.jp/ward/hamana/	本文に区名を確認
221406	静岡県	浜松市	天竜区	https://www.city.hamamatsu.shizuoka.jp/ward/tenryu/index.html	https://www.city.hamamatsu.shizuoka.jp/ward/tenryu/	本文に区名を確認
231011	愛知県	名古屋市	千種区	https://www.city.nagoya.jp/chikusa/	https://www.city.nagoya.jp/chikusa/	本文に区名を確認
231029	愛知県	名古屋市	東区	https://www.city.nagoya.jp/higashi/	https://www.city.nagoya.jp/higashi/	本文に区名を確認
231037	愛知県	名古屋市	北区	https://www.city.nagoya.jp/kita/	https://www.city.nagoya.jp/kita/	本文に区名を確認
231045	愛知県	名古屋市	西区	https://www.city.nagoya.jp/nishi/	https://www.city.nagoya.jp/nishi/	本文に区名を確認
231053	愛知県	名古屋市	中村区	https://www.city.nagoya.jp/nakamura/	https://www.city.nagoya.jp/nakamura/	本文に区名を確認
231061	愛知県	名古屋市	中区	https://www.city.nagoya.jp/naka/	https://www.city.nagoya.jp/naka/	本文に区名を確認
231070	愛知県	名古屋市	昭和区	https://www.city.nagoya.jp/showa/	https://www.city.nagoya.jp/showa/	本文に区名を確認
231088	愛知県	名古屋市	瑞穂区	https://www.city.nagoya.jp/mizuho/	https://www.city.nagoya.jp/mizuho/	本文に区名を確認
231096	愛知県	名古屋市	熱田区	https://www.city.nagoya.jp/atsuta/	https://www.city.nagoya.jp/atsuta/	本文に区名を確認
231100	愛知県	名古屋市	中川区	https://www.city.nagoya.jp/nakagawa/	https://www.city.nagoya.jp/nakagawa/	本文に区名を確認
231118	愛知県	名古屋市	港区	https://www.city.nagoya.jp/minato/	https://www.city.nagoya.jp/minato/	本文に区名を確認
231126	愛知県	名古屋市	南区	https://www.city.nagoya.jp/minami/	https://www.city.nagoya.jp/minami/	本文に区名を確認
231134	愛知県	名古屋市	守山区	https://www.city.nagoya.jp/moriyama/	https://www.city.nagoya.jp/moriyama/	本文に区名を確認
231142	愛知県	名古屋市	緑区	https://www.city.nagoya.jp/midori/	https://www.city.nagoya.jp/midori/	本文に区名を確認
231151	愛知県	名古屋市	名東区	https://www.city.nagoya.jp/meito/	https://www.city.nagoya.jp/meito/	本文に区名を確認
231169	愛知県	名古屋市	天白区	https://www.city.nagoya.jp/tempaku/	https://www.city.nagoya.jp/tempaku/	本文に区名を確認
261017	京都府	京都市	北区	https://www.city.kyoto.lg.jp/kita/	https://www.city.kyoto.lg.jp/kita/	本文に区名を確認
261025	京都府	京都市	上京区	https://www.city.kyoto.lg.jp/kamigyo/	https://www.city.kyoto.lg.jp/kamigyo/	本文に区名を確認
261033	京都府	京都市	左京区	https://www.city.kyoto.lg.jp/sakyo/	https://www.city.kyoto.lg.jp/sakyo/	本文に区名を確認
261041	京都府	京都市	中京区	https://www.city.kyoto.lg.jp/nakagyo/	https://www.city.kyoto.lg.jp/nakagyo/	本文に区名を確認
261050	京都府	京都市	東山区	https://www.city.kyoto.lg.jp/higasiyama/	https://www.city.kyoto.lg.jp/higasiyama/	本文に区名を確認
261068	京都府	京都市	下京区	https://www.city.kyoto.lg.jp/shimogyo/	https://www.city.kyoto.lg.jp/shimogyo/	本文に区名を確認
261076	京都府	京都市	南区	https://www.city.kyoto.lg.jp/minami/	https://www.city.kyoto.lg.jp/minami/	本文に区名を確認
261084	京都府	京都市	右京区	https://www.city.kyoto.lg.jp/ukyo/	https://www.city.kyoto.lg.jp/ukyo/	本文に区名を確認
261092	京都府	京都市	伏見区	https://www.city.kyoto.lg.jp/fushimi/	https://www.city.kyoto.lg.jp/fushimi/	本文に区名を確認
261106	京都府	京都市	山科区	https://www.city.kyoto.lg.jp/yamasina/	https://www.city.kyoto.lg.jp/yamasina/	本文に区名を確認
261114	京都府	京都市	西京区	https://www.city.kyoto.lg.jp/nisikyo/	https://www.city.kyoto.lg.jp/nisikyo/	本文に区名を確認
271021	大阪府	大阪市	都島区	https://www.city.osaka.lg.jp/miyakojima/index.html	https://www.city.osaka.lg.jp/miyakojima/	本文に区名を確認
271039	大阪府	大阪市	福島区	https://www.city.osaka.lg.jp/fukushima/index.html	https://www.city.osaka.lg.jp/fukushima/	本文に区名を確認
271047	大阪府	大阪市	此花区	https://www.city.osaka.lg.jp/konohana/index.html	https://www.city.osaka.lg.jp/konohana/	本文に区名を確認
271063	大阪府	大阪市	西区	https://www.city.osaka.lg.jp/nishi/index.html	https://www.city.osaka.lg.jp/nishi/	本文に区名を確認
271071	大阪府	大阪市	港区	https://www.city.osaka.lg.jp/minato/index.html	https://www.city.osaka.lg.jp/minato/	本文に区名を確認
271080	大阪府	大阪市	大正区	https://www.city.osaka.lg.jp/taisho/index.html	https://www.city.osaka.lg.jp/taisho/	本文に区名を確認
271098	大阪府	大阪市	天王寺区	https://www.city.osaka.lg.jp/tennoji/index.html	https://www.city.osaka.lg.jp/tennoji/	本文に区名を確認
271110	大阪府	大阪市	浪速区	https://www.city.osaka.lg.jp/naniwa/index.html	https://www.city.osaka.lg.jp/naniwa/	本文に区名を確認
271136	大阪府	大阪市	西淀川区	https://www.city.osaka.lg.jp/nishiyodogawa/index.html	https://www.city.osaka.lg.jp/nishiyodogawa/	本文に区名を確認
271144	大阪府	大阪市	東淀川区	https://www.city.osaka.lg.jp/higashiyodogawa/index.html	https://www.city.osaka.lg.jp/higashiyodogawa/	本文に区名を確認
271152	大阪府	大阪市	東成区	https://www.city.osaka.lg.jp/higashinari/index.html	https://www.city.osaka.lg.jp/higashinari/	本文に区名を確認
271161	大阪府	大阪市	生野区	https://www.city.osaka.lg.jp/ikuno/index.html	https://www.city.osaka.lg.jp/ikuno/	本文に区名を確認
271179	大阪府	大阪市	旭区	https://www.city.osaka.lg.jp/asahi/index.html	https://www.city.osaka.lg.jp/asahi/	本文に区名を確認
271187	大阪府	大阪市	城東区	https://www.city.osaka.lg.jp/joto/index.html	https://www.city.osaka.lg.jp/joto/	本文に区名を確認
271195	大阪府	大阪市	阿倍野区	https://www.city.osaka.lg.jp/abeno/index.html	https://www.city.osaka.lg.jp/abeno/	本文に区名を確認
271209	大阪府	大阪市	住吉区	https://www.city.osaka.lg.jp/sumiyoshi/index.html	https://www.city.osaka.lg.jp/sumiyoshi/	本文に区名を確認
271217	大阪府	大阪市	東住吉区	https://www.city.osaka.lg.jp/higashisumiyoshi/index.html	https://www.city.osaka.lg.jp/higashisumiyoshi/	本文に区名を確認
271225	大阪府	大阪市	西成区	https://www.city.osaka.lg.jp/nishinari/index.html	https://www.city.osaka.lg.jp/nishinari/	本文に区名を確認
271233	大阪府	大阪市	淀川区	https://www.city.osaka.lg.jp/yodogawa/index.html	https://www.city.osaka.lg.jp/yodogawa/	本文に区名を確認
271241	大阪府	大阪市	鶴見区	https://www.city.osaka.lg.jp/tsurumi/index.html	https://www.city.osaka.lg.jp/tsurumi/	本文に区名を確認
271250	大阪府	大阪市	住之江区	https://www.city.osaka.lg.jp/suminoe/index.html	https://www.city.osaka.lg.jp/suminoe/	本文に区名を確認
271268	大阪府	大阪市	平野区	https://www.city.osaka.lg.jp/hirano/index.html	https://www.city.osaka.lg.jp/hirano/	本文に区名を確認
271276	大阪府	大阪市	北区	https://www.city.osaka.lg.jp/kita/index.html	https://www.city.osaka.lg.jp/kita/	本文に区名を確認
271284	大阪府	大阪市	中央区	https://www.city.osaka.lg.jp/chuo/index.html	https://www.city.osaka.lg.jp/chuo/	本文に区名を確認
271411	大阪府	堺市	堺区	https://www.city.sakai.lg.jp/sakai/index.html	https://www.city.sakai.lg.jp/sakai/	本文に区名を確認
271420	大阪府	堺市	中区	https://www.city.sakai.lg.jp/naka/index.html	https://www.city.sakai.lg.jp/naka/	本文に区名を確認
271438	大阪府	堺市	東区	https://www.city.sakai.lg.jp/higashi/index.html	https://www.city.sakai.lg.jp/higashi/	本文に区名を確認
271446	大阪府	堺市	西区	https://www.city.sakai.lg.jp/nishi/index.html	https://www.city.sakai.lg.jp/nishi/	本文に区名を確認
271454	大阪府	堺市	南区	https://www.city.sakai.lg.jp/minami/index.html	https://www.city.sakai.lg.jp/minami/	本文に区名を確認
271462	大阪府	堺市	北区	https://www.city.sakai.lg.jp/kita/index.html	https://www.city.sakai.lg.jp/kita/	本文に区名を確認
271471	大阪府	堺市	美原区	https://www.city.sakai.lg.jp/mihara/index.html	https://www.city.sakai.lg.jp/mihara/	本文に区名を確認
281018	兵庫県	神戸市	東灘区	https://www.city.kobe.lg.jp/kuyakusho/higashinadaku/index.html	https://www.city.kobe.lg.jp/kuyakusho/higashinadaku/	本文に区名を確認
281026	兵庫県	神戸市	灘区	https://www.city.kobe.lg.jp/kuyakusho/nadaku/index.html	https://www.city.kobe.lg.jp/kuyakusho/nadaku/	本文に区名を確認
281051	兵庫県	神戸市	兵庫区	https://www.city.kobe.lg.jp/kuyakusho/hyogoku/index.html	https://www.city.kobe.lg.jp/kuyakusho/hyogoku/	本文に区名を確認
281069	兵庫県	神戸市	長田区	https://www.city.kobe.lg.jp/kuyakusho/nagataku/index.html	https://www.city.kobe.lg.jp/kuyakusho/nagataku/	本文に区名を確認
281077	兵庫県	神戸市	須磨区	https://www.city.kobe.lg.jp/kuyakusho/sumaku/index.html	https://www.city.kobe.lg.jp/kuyakusho/sumaku/	本文に区名を確認
281085	兵庫県	神戸市	垂水区	https://www.city.kobe.lg.jp/kuyakusho/tarumiku/index.html	https://www.city.kobe.lg.jp/kuyakusho/tarumiku/	本文に区名を確認
281093	兵庫県	神戸市	北区	https://www.city.kobe.lg.jp/kuyakusho/kitaku/index.html	https://www.city.kobe.lg.jp/kuyakusho/kitaku/	本文に区名を確認
281107	兵庫県	神戸市	中央区	https://www.city.kobe.lg.jp/kuyakusho/chuoku/index.html	https://www.city.kobe.lg.jp/kuyakusho/chuoku/	本文に区名を確認
281115	兵庫県	神戸市	西区	https://www.city.kobe.lg.jp/kuyakusho/nishiku/index.html	https://www.city.kobe.lg.jp/kuyakusho/nishiku/	本文に区名を確認
331015	岡山県	岡山市	北区	https://www.city.okayama.jp/kitaku/index.html	https://www.city.okayama.jp/kitaku/	本文に区名を確認
331023	岡山県	岡山市	中区	https://www.city.okayama.jp/nakaku/index.html	https://www.city.okayama.jp/nakaku/	本文に区名を確認
331031	岡山県	岡山市	東区	https://www.city.okayama.jp/higashiku/index.html	https://www.city.okayama.jp/higashiku/	本文に区名を確認
331040	岡山県	岡山市	南区	https://www.city.okayama.jp/minamiku/index.html	https://www.city.okayama.jp/minamiku/	本文に区名を確認
341011	広島県	広島市	中区	https://www.city.hiroshima.lg.jp/nakaku/index.html	https://www.city.hiroshima.lg.jp/nakaku/	本文に区名を確認
341029	広島県	広島市	東区	https://www.city.hiroshima.lg.jp/higashiku/index.html	https://www.city.hiroshima.lg.jp/higashiku/	本文に区名を確認
341037	広島県	広島市	南区	https://www.city.hiroshima.lg.jp/minamiku/index.html	https://www.city.hiroshima.lg.jp/minamiku/	本文に区名を確認
341045	広島県	広島市	西区	https://www.city.hiroshima.lg.jp/nishiku/index.html	https://www.city.hiroshima.lg.jp/nishiku/	本文に区名を確認
341053	広島県	広島市	安佐南区	https://www.city.hiroshima.lg.jp/asaminamiku/index.html	https://www.city.hiroshima.lg.jp/asaminamiku/	本文に区名を確認
341061	広島県	広島市	安佐北区	https://www.city.hiroshima.lg.jp/asakitaku/index.html	https://www.city.hiroshima.lg.jp/asakitaku/	本文に区名を確認
341070	広島県	広島市	安芸区	https://www.city.hiroshima.lg.jp/akiku/index.html	https://www.city.hiroshima.lg.jp/akiku/	本文に区名を確認
341088	広島県	広島市	佐伯区	https://www.city.hiroshima.lg.jp/saekiku/index.html	https://www.city.hiroshima.lg.jp/saekiku/	本文に区名を確認
401013	福岡県	北九州市	門司区	https://www.city.kitakyushu.lg.jp/moji/index.html	https://www.city.kitakyushu.lg.jp/moji/	本文に区名を確認
401030	福岡県	北九州市	若松区	https://www.city.kitakyushu.lg.jp/wakamatsu/index.html	https://www.city.kitakyushu.lg.jp/wakamatsu/	本文に区名を確認
401056	福岡県	北九州市	戸畑区	https://www.city.kitakyushu.lg.jp/tobata/index.html	https://www.city.kitakyushu.lg.jp/tobata/	本文に区名を確認
401064	福岡県	北九州市	小倉北区	https://www.city.kitakyushu.lg.jp/kokurakita/index.html	https://www.city.kitakyushu.lg.jp/kokurakita/	本文に区名を確認
401072	福岡県	北九州市	小倉南区	https://www.city.kitakyushu.lg.jp/kokuraminami/index.html	https://www.city.kitakyushu.lg.jp/kokuraminami/	本文に区名を確認
401081	福岡県	北九州市	八幡東区	https://www.city.kitakyushu.lg.jp/yahatahigashi/index.html	https://www.city.kitakyushu.lg.jp/yahatahigashi/	本文に区名を確認
401099	福岡県	北九州市	八幡西区	https://www.city.kitakyushu.lg.jp/yahatanishi/index.html	https://www.city.kitakyushu.lg.jp/yahatanishi/	本文に区名を確認
401315	福岡県	福岡市	東区	https://www.city.fukuoka.lg.jp/higashi/index.html	https://www.city.fukuoka.lg.jp/higashi/	本文に区名を確認
401323	福岡県	福岡市	博多区	https://www.city.fukuoka.lg.jp/hakata/index.html	https://www.city.fukuoka.lg.jp/hakata/	本文に区名を確認
401331	福岡県	福岡市	中央区	https://www.city.fukuoka.lg.jp/chuo/index.html	https://www.city.fukuoka.lg.jp/chuo/	本文に区名を確認
401340	福岡県	福岡市	南区	https://www.city.fukuoka.lg.jp/minami/index.html	https://www.city.fukuoka.lg.jp/minami/	本文に区名を確認
401358	福岡県	福岡市	西区	https://www.city.fukuoka.lg.jp/nishi/index.html	https://www.city.fukuoka.lg.jp/nishi/	本文に区名を確認
401366	福岡県	福岡市	城南区	https://www.city.fukuoka.lg.jp/jonan/index.html	https://www.city.fukuoka.lg.jp/jonan/	本文に区名を確認
401374	福岡県	福岡市	早良区	https://www.city.fukuoka.lg.jp/sawara/index.html	https://www.city.fukuoka.lg.jp/sawara/	本文に区名を確認
431010	熊本県	熊本市	中央区	https://www.city.kumamoto.jp/chuo/default.html	https://www.city.kumamoto.jp/chuo/	本文に区名を確認
431028	熊本県	熊本市	東区	https://www.city.kumamoto.jp/higashi/default.html	https://www.city.kumamoto.jp/higashi/	本文に区名を確認
431036	熊本県	熊本市	西区	https://www.city.kumamoto.jp/nishi/default.html	https://www.city.kumamoto.jp/nishi/	本文に区名を確認
431044	熊本県	熊本市	南区	https://www.city.kumamoto.jp/minami/default.html	https://www.city.kumamoto.jp/minami/	本文に区名を確認
431052	熊本県	熊本市	北区	https://www.city.kumamoto.jp/kita/default.html	https://www.city.kumamoto.jp/kita/	本文に区名を確認
